#M impl c-lto
#M clock QueryPerformanceCounter
#M qpc_hz 10000000
#M target_batch_ns 200000
#W oneshot crc_8 16 16384 500
256000,255200,256700,279700,286900,273400,274300,266000,257700,258200,259400,259200,256700,256600,266700,260300,256200,255300,256400,314500,276800,275000,255800,256200,255800,255600,256700,254800,255000,255000,254900,255200,254700,255300,255800,255600,255500,255500,255000,254800,255900,254800,256100,256500,255700,255000,255200,255200,255600,254500,254500,255300,255900,254800,255300,256000,255400,255600,255400,255300,256100,255600,256100,255600,255400,255200,255100,255400,255300,255300,255300,255200,255300,258300,260000,257000,256100,259800,255700,325900,255400,256000,256500,255800,256200,255300,257100,257100,256700,257300,256400,255800,256400,256200,258000,257800,257100,257600,259100,612600,254600,254700,254300,271900,254500,254300,254400,254700,254600,255300,255300,255800,255400,256500,256600,256600,256400,255500,282500,255500,255300,255900,255900,255400,255400,255300,254800,256100,256300,256400,258400,258700,256700,255300,257000,256100,267700,262100,493700,287000,280200,275600,278400,277900,273400,258700,258600,258800,258200,258200,258700,258600,258000,256800,256300,256200,256300,256000,254800,255600,255300,255600,255300,255500,255700,255400,255500,255400,255700,255100,255800,256200,256000,255000,254800,255600,255400,255400,255100,255400,255800,254800,255500,255200,256100,255400,255900,256300,256000,256000,254900,254500,255600,255500,257200,260100,258900,283700,256200,257500,257500,256200,256500,256100,256900,255600,261200,262600,258000,258900,256700,258300,258300,256400,255900,257200,255700,254800,255600,255600,255900,258600,256100,256100,256500,256900,256900,257000,256300,255800,255800,255300,255600,255400,255100,255500,256200,255800,255200,255000,256000,255400,255300,257600,257600,256100,256000,256200,255700,255800,255500,255300,255600,255700,254800,255200,256000,255700,294600,256000,256700,257400,258900,260400,282000,274400,275700,274700,271100,257600,257200,256600,286600,274600,270100,257300,259700,257500,257500,255600,256300,257300,256900,256300,256200,256300,255900,256700,256800,256100,256100,255700,256000,255900,255600,256100,327600,275200,263200,255600,255400,255600,256100,281500,275900,278500,277200,277300,274700,274700,273500,276000,275600,261000,255700,254900,318100,254300,255400,255400,255300,255500,255600,255600,256000,257900,256600,256000,256200,255600,255700,255500,255400,256300,256500,256100,257400,257000,255800,257000,258100,256100,256500,256100,255900,278100,255300,254300,254600,255500,254800,255500,255300,255500,255500,255400,256500,273200,272700,278200,273100,266900,256000,255600,256200,258200,257100,255800,256800,256300,255600,255800,256000,256700,256200,256300,255900,363800,278400,272900,273900,276200,274000,277500,273200,277000,277300,264300,255300,255800,255000,254400,255200,255600,256000,256700,256100,256200,256200,255600,255800,256100,256000,257400,258700,256300,256300,256100,255900,255500,256100,271600,278300,278000,263000,255200,255100,255300,255800,256000,256300,255100,255300,256600,257000,257500,257300,258300,256900,258100,258400,256600,256200,269000,259300,256400,268900,255500,255900,256400,256400,256800,257500,256700,256200,257700,256700,255600,254600,255400,255800,255800,255100,255200,254800,254900,255700,255600,255800,255200,255300,255000,255100,255000,254900,255500,255900,256300,255200,255700,255300,255400,255700,255700,254500,255400,255000,255000,255200,255700,255600,255700,255300,255100,255300,256200,255200,254400,255400,255100,255900,258700,260800,258100,256900,255100,255900,313000,267800,256500
#W oneshot crc_16 16 8192 500
208400,207900,208300,208000,207900,207800,208300,209600,210000,209400,207900,208400,207800,208100,208500,208500,210700,209500,210200,209200,208900,208700,208700,208600,208100,208700,209500,208900,396800,208200,207700,207600,207700,207800,207700,207900,208000,208400,210000,209200,208400,208000,208400,209000,208200,208200,208500,210000,237400,207700,208200,207900,207800,208100,207800,207900,207900,208100,207700,207600,207900,207900,209000,207900,252200,221700,219500,220100,219000,219600,219400,219500,219100,219500,219100,219200,220100,219000,219200,220300,222700,222700,222800,221700,223000,222100,270800,222300,286300,207900,207800,207700,225800,207700,207800,207700,207700,207700,207900,207700,207800,207700,208500,208400,208900,210400,210900,209800,208400,209600,208000,213400,217100,211600,210600,209600,208500,207900,208400,208900,208900,208800,209200,208800,208800,208100,208900,208900,208700,209200,208000,207800,208300,208100,208000,207800,278800,222200,222800,221500,222500,222700,221400,222400,222500,222600,222500,221500,222500,222600,221400,222600,221500,222700,221500,222800,221700,222500,222500,222900,222700,222800,222800,221500,222700,223000,221600,213000,208500,207800,207800,207700,207900,208900,209000,207900,207800,207800,208100,209900,210400,212300,209500,209100,208900,208100,208500,208300,211700,211500,209900,208300,209800,209300,209000,207900,209900,209400,209000,208300,208600,208000,209400,209400,210700,208300,208500,207700,257000,207800,207800,208100,208600,208200,208300,209000,209300,208800,208300,208300,208300,209000,209000,278500,207800,207700,207700,207900,207800,207700,207900,207900,208200,208700,209000,208300,209200,208400,208400,208700,208400,209000,210100,240700,208200,207700,208100,207700,207800,207800,207800,207800,207800,207900,208600,208000,207700,207800,207900,208200,209300,209700,209700,210500,210900,210900,208400,208200,208900,208900,208100,208400,208000,208700,208300,207900,209400,208500,208800,209700,208500,208300,266100,208100,207700,207800,207800,207700,208300,208300,208700,207900,209200,209300,210000,211100,210100,209600,210000,208600,208400,208600,233200,221700,221600,222800,222800,222000,210400,208300,208100,208100,208200,208200,252500,221800,223500,263000,222700,222100,251700,237800,222500,221600,223500,223900,225800,224700,214200,212800,218500,210600,209200,207600,209400,209100,209000,209400,209600,208400,208800,209300,208200,209400,208800,209200,207800,207800,207900,208100,207900,207900,207900,207900,388100,222700,222700,221500,222200,221400,222400,221500,222700,221700,221600,222600,221500,221500,221700,221400,221200,222700,221700,222600,222300,222800,222700,221800,221900,222600,222700,216600,208000,208600,208600,207900,207600,208000,208100,207700,207700,207800,207800,207800,207700,207800,207800,208100,211100,211400,208900,208700,209300,210400,209800,208600,208700,212800,210900,210300,208400,208700,208400,209700,208900,209200,209700,209900,208400,208600,208200,208200,208500,209000,210500,210500,258200,222900,222900,221300,221500,222900,210600,208400,208600,208300,208000,208900,209200,208700,208600,208700,209000,209400,395900,207800,207700,208000,208000,208100,208200,208300,208300,208600,208600,208200,207900,208300,208600,207900,208600,208600,210000,261300,222400,222700,238700,221800,222600,221300,221600,223100,221100,216000,209800,210400,208400,208500,209600,208700,210200,209800,212000,214000,211600,210700,208600,209000,207800,209100,208300,207900,208100,207800,208500,208000,208700,207700,273700,1682900
#W oneshot crc_modbus 16 8192 500
222300,248600,228300,207500,207800,207500,207700,208000,208700,208800,208700,208500,286100,222400,220200,207700,235400,391300,241900,429600,207500,207600,207500,224500,214200,207700,323000,222200,222300,222300,220000,251300,219100,385500,207800,207700,209000,209100,211500,211300,212400,211100,211800,213500,211700,209800,209000,210300,209800,209600,211100,210100,210300,210700,209900,251000,207600,208200,208700,210300,215800,210800,209500,209700,210000,209800,208400,209300,224000,222100,250000,222400,221300,221300,222700,207700,209000,209400,209900,210700,209800,263300,232700,222400,221400,222800,247700,208200,208200,208200,207900,207700,207700,207700,208300,208600,209200,228000,207700,207400,207500,207700,207600,207800,207900,207700,208000,207700,207900,209000,208700,208200,208200,208000,208200,207900,208000,207800,207800,207900,207900,208000,208000,208200,208500,208900,210800,245800,220800,207800,207600,207600,207500,207900,207700,207800,207700,208000,207800,208100,207800,208200,208000,208300,208000,208300,208400,208100,209000,209300,209600,209900,209400,209500,210900,209800,210700,209200,209500,210300,209000,208700,208300,209200,208600,209100,208900,208400,208400,208200,208200,208900,208600,208900,208700,208700,236400,209200,273900,227300,207700,207600,207800,207600,207900,237300,222800,219400,209100,208900,209700,211800,211700,249200,223100,223000,224000,224100,211000,209500,219900,208900,208800,209800,209500,208400,210500,212200,211400,210000,208700,208400,208800,210600,210000,210900,210300,260200,207700,207700,208400,208900,208500,210100,212500,210300,210600,209300,210000,210800,212400,211900,211300,209700,210800,225900,218300,215700,257400,221300,222300,222500,222200,222900,223800,210300,209800,208600,209100,208200,208400,207800,208000,208300,208000,209100,208500,207800,208400,209100,209000,208000,208600,210300,208800,208200,208300,207700,208000,208500,208500,210000,211200,407300,222400,224000,219400,464200,221300,220100,223700,402300,221600,243700,414900,580300,220500,467400,222200,222200,236100,244500,289200,221500,223000,222900,221900,210400,209400,209200,209800,233900,221200,221300,223500,1065800,320700,225700,221400,560400,649000,444200,207800,207800,246300,222200,234400,221300,222200,223700,227100,208400,209500,209900,210500,212600,221000,222100,221300,225200,222200,227700,258200,224000,221300,220500,207700,207700,213600,207800,208100,208800,208600,212700,208400,208300,209200,210100,215200,209300,210100,208800,215400,223500,222000,222700,233700,224100,222200,221300,221300,246200,208100,207800,207500,212000,208100,208400,208900,209100,250100,222700,478100,223300,221300,222400,221200,223500,222300,222700,223000,223200,222300,219500,222000,221600,225000,222900,223000,223600,226100,222600,214600,209800,209100,364600,220100,222700,222700,229200,222900,224000,223500,229200,217500,209300,211600,212000,215400,208700,209300,209100,209400,220500,208400,209900,211400,219000,209300,208700,209000,209400,214900,208300,210800,210900,211900,990400,227400,222600,229000,207600,212300,207900,208100,209800,217200,236700,207700,208100,208200,208300,213100,210800,213200,234600,228300,229300,232400,221200,222500,221200,221900,222600,323300,207700,422400,207700,207700,208000,208300,227100,222400,230600,208100,207900,208100,208100,208300,208400,208700,209000,209500,210600,209600,209700,209400,209800,246300,247100,222200,221700,221600,222800,588900,207900,207700,208100,208100,208100,208000,208700,208600,209100,209300,209000,208900,208900,209000,209800
#W oneshot crc_32 16 16384 500
433200,379500,394900,364600,597500,364200,744300,364400,339500,374400,347400,340500,342200,343400,343400,341800,338700,339500,340100,349100,338600,386600,366500,341000,338400,340100,341900,366300,364600,362300,368900,397700,351000,383300,357600,339300,341700,341300,340000,339700,339000,342000,344100,343600,343400,340300,376500,338300,338200,338700,339500,339000,338400,340900,341800,343000,343100,341500,341300,340700,377000,365400,364600,359900,339700,340000,428600,338300,337700,339800,339300,404200,365300,364200,339600,339400,340400,339800,340400,340700,341900,402500,338400,339100,341000,342200,340600,340300,339900,340100,339500,403300,339100,341000,341600,340900,342000,343000,344800,350700,385700,340700,339200,372200,362000,364700,366000,369500,354900,340400,340100,341000,347600,344700,340500,404700,338100,339200,339300,339900,339800,381200,363600,374500,338100,338000,338600,338100,337700,338800,338500,338800,338700,339500,339400,378800,338300,345700,338300,337700,338100,338000,338400,339700,339900,344100,363700,376600,364600,342900,341000,341000,341600,339600,340200,340300,342200,341000,340900,342400,341200,341300,341900,340300,519200,337400,338500,338400,338700,341000,341400,343700,345600,341700,340400,343000,341100,340900,341700,341500,407600,360800,342600,391300,366700,348500,341800,342100,342000,341100,341700,342000,341500,343000,343000,342100,343100,342200,340600,389200,365800,351300,341300,342500,369100,337700,338400,340100,499600,490400,364300,354800,377000,374500,536100,338500,358600,338300,337600,338200,337900,338600,338700,380300,338800,406800,440500,371200,357800,339700,338900,338900,340600,340700,343300,381600,375100,366000,365700,341400,406700,363800,364600,344000,340300,342400,340900,339600,373400,364900,364100,359500,338100,338600,338000,339500,419500,388900,364500,384400,363700,363800,340000,341600,341500,342800,347900,338400,339800,339300,338800,339100,338800,339800,339400,338800,339400,339400,339600,340000,342700,344300,341400,340700,339200,342400,339800,338700,341400,339200,339800,339200,339300,339300,339500,339700,342000,340400,338900,338700,339000,340800,369500,338300,337900,340800,343100,339600,339400,338400,338700,338700,374400,337600,338400,338400,337800,338600,338200,339600,338300,339400,340500,340000,339700,341100,341000,340000,341100,339900,339100,340500,340300,343200,339400,339200,339800,339200,339600,340600,339300,338200,339000,339300,356300,425600,388800,391300,366700,366000,339400,338700,338500,338400,339500,338800,339400,455000,366000,368400,366500,368100,366400,345300,339800,340700,340400,340700,343000,340600,340600,340600,340100,338800,339100,339800,339700,338900,339700,341100,339100,338900,338800,340900,374800,337600,338300,338300,337300,338500,337500,337700,338000,338100,338600,338000,338900,338200,339300,338900,338800,339600,750700,367000,366900,371800,364300,354500,338500,342700,339700,346000,341500,340700,339900,339400,339600,338600,339200,340100,339500,341100,344100,340600,343000,339600,339200,341700,343400,341000,344400,339400,340200,339200,338700,339300,338700,340200,340000,340100,339800,338400,338700,338200,339000,339000,456100,364500,339700,339100,339300,359300,388800,342500,339600,340900,340700,341500,419200,337500,338400,338900,338700,339600,340900,340300,342200,342200,343000,342200,342600,340500,339800,339100,340200,340600,338700,341400,340300,341600,340000,340100,339300,339200,339800,343100,340900,341000,340500,342400,340900,406600,338800,338800,338600,339100,339600,342000,340500,339500
#W oneshot crc_64_ecma 16 16384 500
342300,340900,340100,339500,339900,340000,339400,339100,339300,339700,340600,338900,339900,340400,340100,340000,339800,339600,339800,340100,340200,340900,340000,340100,339600,339300,340400,340700,340300,339600,340400,446400,362200,363900,363300,362200,362100,362900,341600,340600,340200,340600,339700,340200,340500,340700,340700,340300,341000,340800,340900,344000,342800,342600,345000,343900,341800,340700,342200,341200,340500,341400,340000,340200,340400,340100,340000,341300,339400,345800,341900,340900,340700,341500,340400,343100,412600,365300,362600,466500,363700,365100,363100,366600,375000,381600,338900,339900,338700,339000,339500,339000,339100,339900,347200,369500,338900,339900,340300,339700,339600,339700,340100,339600,339000,339600,339000,339500,339300,339800,338900,339400,339800,340300,339800,340000,339600,340000,339500,340900,340300,461600,362200,359000,340400,343100,345600,340900,342200,341400,340700,340900,339800,340600,340900,341900,342500,341800,340900,339800,340000,340500,341900,343800,342500,342600,340900,341500,342000,342500,343500,340900,340500,340500,340600,341200,341200,339800,341800,341300,340200,340600,341300,341200,374200,338500,415000,362900,363800,364800,368100,347100,340400,339800,341000,342000,341300,340700,340800,340300,340100,343400,345200,342000,342500,344700,341400,340600,341500,343000,341600,341900,341400,341100,340700,340900,341600,341000,342400,341900,341000,341200,341200,343200,344100,394300,360400,342900,340200,342000,384000,340300,340400,340000,339200,339700,340500,340300,340200,340400,340600,343000,344700,343400,341600,340600,341900,341500,341300,342300,526500,339200,339200,338800,339800,339900,342100,342800,340700,340500,340100,340800,375500,339500,339200,339800,340000,340100,339500,340100,339200,340500,340600,340200,341300,412500,340400,340300,340500,352800,339200,362500,363400,362400,362100,362600,359900,371900,363700,445000,340200,340200,339100,340600,341100,366900,364100,364300,364600,366400,347900,341300,340600,341100,341200,340600,342000,446700,413100,364900,364400,364400,362600,364500,364900,369700,385900,362900,426900,362900,367200,513600,363800,372300,654900,387600,476000,379600,384200,365400,363700,364500,361000,341200,340500,340600,341000,341400,340900,340100,342400,345100,343500,342500,342600,341600,342000,341000,341200,341000,525600,340000,339700,339400,341500,341200,341700,340300,341100,340000,340400,388000,340300,337900,340700,343700,342400,341700,340300,635200,436800,346700,339800,340100,341800,339200,341000,339100,339800,342900,339700,341700,345600,343100,340700,346900,340900,340400,344800,342500,341100,345100,340900,340900,343800,341600,342100,343500,340600,343300,343800,340500,341600,343600,343000,432900,374900,457900,343300,339100,339800,357200,339100,339000,367500,339700,378400,468600,365700,363100,366700,364500,367100,352000,344000,346100,341700,341000,342700,340200,341500,525400,339200,342400,340200,340600,407700,339800,341000,343200,340100,340500,356100,363300,339900,342800,339400,339800,342000,339700,340400,343300,340400,343800,341000,343000,345400,342700,342700,344600,340800,340200,413600,346200,340200,345400,340400,340000,339500,339300,340400,341900,340400,341400,342600,342600,341400,342500,343100,340100,372100,340300,339100,340500,340100,340200,340100,341100,435800,540400,362100,364400,393100,365400,341000,367100,342000,382300,377100,372900,361800,373800,347700,339900,424000,366800,370900,425400,437000,339600,341600,342900,345800,342000,347600,655400,341400,341700,345400,344300
#W oneshot crc_64_we 16 16384 500
350100,347900,350500,352100,353500,350800,349300,348400,363900,345800,347100,346600,348200,348900,349700,351200,351400,351800,351400,347300,346500,347400,348900,347700,347600,347700,402700,458500,346100,375100,475300,354100,346000,345500,346100,346000,346200,344400,345500,344900,346700,344400,346200,344900,346100,345000,346100,345700,345800,346100,345200,345600,346600,345800,346200,345900,346100,345400,345200,346100,347400,346100,345600,345700,345300,345300,346300,345900,346300,424700,1052700,372600,374300,422200,346900,437700,381700,378700,391600,360300,363300,373500,352400,344900,346900,344400,346100,345600,345500,344300,347000,344800,346000,344900,346000,345000,346400,344800,346300,401600,345800,346000,344700,344900,345700,345800,407700,364200,346200,344900,346700,396700,466400,372700,349600,346600,348400,347500,347300,346700,348600,350900,349200,349200,348900,347800,349900,347600,376900,346100,346100,346200,346800,346000,346400,347100,346300,345200,346000,344900,346200,346100,344200,346200,345700,345800,346300,345700,346000,346000,346200,345800,346200,346400,345800,346100,370900,345000,346900,346700,346900,346900,345400,345900,345300,345900,345800,344800,346200,345700,346300,346700,346300,346000,347000,346200,345900,345100,346900,346400,345900,345600,346200,345400,346700,345700,345600,345800,347100,346200,347700,345500,346800,346300,346100,345300,346200,346000,346100,345800,346700,385300,345300,375700,374500,362100,347000,346400,346700,347700,346200,345500,345400,345800,346300,346500,346700,347700,346700,346700,346600,346400,346200,345900,346600,346300,345800,346100,347000,346200,347600,347900,347900,348100,346000,345800,346500,346400,346200,346500,345500,346300,347200,346400,347200,347000,430200,351300,346500,344900,370100,358500,344400,345900,345000,345400,345300,346000,344900,345900,345300,346300,346200,344900,451600,335900,334300,335900,335000,350100,377500,362000,335500,335900,378800,376300,364200,335200,351500,377900,391600,336100,335200,336200,392300,364000,335800,337000,364300,472600,358200,345200,347700,405700,336000,336400,336300,335600,335300,336200,336200,336500,336100,336100,336800,336800,336400,335700,336600,336000,336700,336700,364700,393100,364200,336100,336000,394300,364700,338300,336700,353300,376400,391500,335900,336400,336000,335800,420900,362700,336300,380200,391000,416900,345700,345900,458900,336100,336100,404200,381300,399300,427600,411200,352000,334300,408000,346900,336200,379700,375700,336100,335400,364600,391900,363300,334800,538200,400500,449300,344900,344100,393000,350500,344900,351000,371700,351500,347600,345900,345700,418100,361900,348800,346100,344900,348700,345700,345000,349700,344900,346900,350100,346000,344400,350900,345000,346300,353400,345600,378000,349600,366800,361500,346900,344600,347800,345700,344900,371700,392800,387000,398300,488700,377800,390400,338800,335600,334200,367800,390300,337500,336300,378500,379300,361900,336000,338400,335500,336100,339800,335700,335100,340700,335300,335600,339200,336100,391700,368200,336300,337900,335700,379200,379400,335600,335600,337400,392600,377900,351900,335500,364600,394700,392200,441600,384800,372500,381900,352200,384200,392500,364100,391000,334900,335300,335200,335000,335500,334800,335900,334400,336600,335500,335000,336600,364200,390700,335400,351400,347200,379000,390700,376800,362500,335800,335600,337900,335700,336700,377900,376600,335900,335300,363200,363100,335600,335600,335800,335800,391800,363300,336400,335800,351100,489800,350000,336700,334700,335900
#W oneshot crc_ccitt_1d0f 16 16384 500
374600,360500,360600,361200,416400,365500,362600,365900,418600,365500,362500,363200,362600,363700,364400,364400,363300,362600,364000,363100,363000,364400,363000,363900,361400,363300,362400,364400,362600,362600,363300,364400,462900,364600,363100,363300,392100,362000,365500,362600,365400,362400,364500,364400,364700,364400,364400,365400,363100,360900,365700,364100,361200,361400,363800,362300,363500,363900,364100,364100,363500,361700,362500,362500,364000,361200,364400,364300,364000,361800,360900,362500,361500,363800,364900,441500,404600,376600,360600,363100,363500,393700,364600,363800,363800,365500,364200,365200,363500,363000,362500,364300,364200,364600,365000,362800,362500,363100,363200,361900,364000,365100,363500,364000,364200,364200,364000,364400,363700,362400,363500,361800,364100,361800,361200,362400,363800,444300,389300,375900,374600,374400,373600,375500,374600,423700,383400,363200,364900,363700,364600,360700,360700,364400,363500,361300,364900,362400,361900,362400,362000,363300,364400,361200,362600,363800,361200,364600,364300,360200,383200,373300,362300,362600,362300,363400,364200,364100,364300,399000,371900,364900,361500,362500,362400,362800,363000,364900,364000,363000,363800,362200,390900,364300,365500,362700,361900,364100,362600,362800,363100,363100,363200,363800,361400,363600,365700,363100,364800,363000,361500,364300,364700,363400,362900,363500,362300,364800,364000,364100,363300,364000,400600,684700,375600,361000,363600,365200,362500,364600,361000,364500,362000,363900,362000,361800,362400,361000,362500,360900,362500,361200,363600,362300,364500,364000,364500,363600,362700,364100,363200,363800,362900,362000,361200,364100,377900,375500,363600,363700,364400,362100,360500,365100,426600,394000,379300,412600,530500,470200,430900,363700,361100,362300,362500,364200,364300,363500,365500,360500,361100,388800,363200,361800,363000,364600,364600,363000,362000,362200,364600,365200,363200,362600,363600,363900,363900,363600,361800,364900,364800,361700,364500,361900,364600,384900,374700,364300,363000,363600,364800,361700,364300,363900,362900,364900,364900,362400,364400,363000,361000,362400,364400,362800,362800,364200,363800,363800,363100,364300,364500,361100,362900,363700,363200,362600,361000,364200,362000,363500,362200,363800,362600,363600,362600,362400,363500,364500,413400,363200,362700,364500,363600,361100,364600,364800,365100,365900,363200,362500,363600,363100,363500,362600,363800,362500,362300,365100,364100,363200,362300,362900,364900,363700,364800,362000,363500,362400,364300,363500,364200,362500,362400,363500,361000,364600,363700,365300,363100,364900,361200,409000,396600,397200,397100,398200,397300,396500,395700,397700,395100,397400,381300,374600,375100,374200,374400,372800,374600,373700,372300,374100,376500,374100,375400,376200,374500,373700,374500,373500,373000,372600,373400,375300,371900,375000,374400,375200,373400,375600,373800,374800,392900,362900,365600,362000,361000,362100,362100,361000,364000,364000,363500,363400,363400,362800,362400,365400,365300,365400,364700,365300,362400,363600,362700,364600,364300,362000,364700,360900,360500,362600,361600,363500,362800,362300,364400,363200,361900,361700,362900,363100,361100,364500,360200,405400,362500,362500,365900,364300,363900,361200,365500,362200,361900,364000,362600,362500,361300,363500,363600,361200,363000,365600,361500,362500,362400,364400,364400,364500,360500,361700,361900,364300,364300,363000,363600,361900,362600,362600,363200,364500,363200,361600,362100,364400,362800,362600,401000,361300
#W oneshot crc_ccitt_ffff 16 16384 500
361500,360400,390800,363800,361400,363100,362600,362900,363300,362500,362100,362900,363200,362500,362900,363900,363700,363300,362600,363300,363000,361900,361400,363300,363200,362200,365200,362500,363500,363400,364200,362600,362900,363500,363600,388500,378900,364500,363700,362200,365600,363900,363000,362300,362900,365300,363600,363200,362900,362800,361600,361600,364200,360500,362200,362600,363100,362200,362400,363000,364400,364700,362400,362200,362600,361800,360500,360500,362600,361400,365700,365100,364400,365100,362500,361400,362700,362500,395700,486100,398700,364400,364000,363500,362800,362500,362200,360900,364400,363100,361400,363300,363900,364600,364700,363000,362300,362600,363600,364400,364600,364400,362600,364800,361300,362000,363700,361600,365000,363900,363900,362700,362900,364800,363800,361300,363700,360600,365000,361900,364200,449800,360800,361000,360800,363800,362500,362500,364600,363700,364700,361000,364200,362500,364500,360500,360500,364200,365900,360800,364300,361100,363700,363900,363600,365700,365600,362500,361300,364900,365600,364600,362600,362600,362000,364000,364300,361300,365600,364700,361600,364000,362300,420000,455400,381400,364200,363400,363000,361500,363400,362000,365700,362900,364400,365400,363600,362100,363000,361700,362800,362500,360700,363500,362600,363900,362700,363100,378600,376500,361400,365300,362000,364600,363600,363900,362300,363400,365600,364300,362800,363400,362500,363200,362400,363100,641700,360300,361000,363100,362500,360800,361000,361000,364700,361900,362300,364700,364900,361500,360900,363000,364800,364100,363300,365100,363400,363000,361600,363100,364400,363500,362400,365900,363600,363300,362800,365600,362200,363200,361700,362200,364700,360500,363000,363600,362300,363400,442700,408700,363700,365000,364100,361100,365200,360300,362400,362500,365200,360900,361700,360700,360400,360600,361500,362300,364700,363000,365600,364200,362600,364200,361700,362800,396700,362600,363600,362900,365900,363000,365600,363000,360700,365600,361700,363100,361600,363200,362500,363300,426800,376500,363100,362800,363600,362400,365300,365500,362400,365000,364700,363400,363100,365000,362100,363700,362400,362500,365000,366000,364400,363000,361100,361300,362300,364900,360700,360900,365400,365400,364700,362600,364200,362800,365200,360700,361500,362300,361600,361800,362400,362100,362100,420100,364400,365300,365300,364300,362000,362600,361700,362700,364600,363300,365100,365300,361700,363800,362700,361000,364500,360600,365400,362500,363100,362700,362700,362600,364500,364000,362500,364600,363100,363200,364500,360500,364900,363300,364900,362500,363000,363000,362500,362100,362700,365600,416600,362900,390800,367100,452400,365100,362500,363700,364900,364200,365100,365300,362900,364200,364700,365100,363900,363600,423000,367200,422500,365200,387300,376700,453700,380200,446700,363900,420400,378400,450600,376000,374400,374600,456300,422500,390100,363100,365100,390900,417200,376800,363700,434000,459500,418800,418700,363400,474900,394000,368200,421600,391200,364700,393300,477100,418500,427400,419600,366600,364400,362500,419300,365900,367000,365400,363200,393000,365900,363800,363700,363600,363000,362000,364400,363100,364300,362200,362900,364300,392500,363200,361100,361000,364500,364700,363600,363600,364000,363400,364600,365200,362700,362500,365400,364800,363700,363300,361700,362800,362000,362200,362300,364700,363900,361700,364300,364000,362800,362500,363200,364700,363900,362100,363500,363800,361100,363900,362300,362900,365600,365300,362500,414400
#W oneshot crc_xmodem 16 16384 500
360800,362700,365400,362400,362400,362400,362300,362500,362300,362900,362300,363500,362500,363800,363000,361600,361400,361000,360600,362300,361900,361600,362500,362400,362400,361200,362100,363800,361400,362200,361400,360600,364500,362200,361000,361800,362600,425400,390800,361000,362400,362800,362700,362600,362500,362300,362900,363300,364700,364000,361200,361700,362600,362700,363200,362300,362500,362800,363200,362400,363300,361100,362900,362200,364900,362100,364500,362900,362700,362200,362400,362700,361700,361800,364000,362400,362100,362800,362800,361200,414600,379400,481500,396400,453600,382900,455100,527100,430800,411000,362400,375700,430800,364500,362200,364100,362200,365400,361400,364800,362200,361800,361200,360900,361400,362600,362000,534200,395500,406300,373800,361200,362100,368800,362400,366400,362400,362900,367000,363000,362000,369100,361500,366000,362600,361900,365700,362400,362100,367400,362400,362300,369000,362800,368000,361900,362500,367000,362400,362500,367600,361000,362400,368300,362500,367400,362100,363700,367900,362400,362400,406100,516900,396200,395700,397400,396100,397900,397100,394500,395900,396200,396800,394300,396200,397400,395800,397300,394400,394600,392100,363100,362500,379700,362900,365200,364600,360600,364600,363400,362400,364500,362100,362300,365900,361800,365000,362600,360800,363800,364600,361700,472300,362600,366300,362400,363200,421200,364900,362200,361400,362100,361100,360900,365700,362700,362900,362000,361700,365000,362900,362400,362800,363400,363000,361700,361800,362100,362400,362700,365400,363600,364000,363200,361100,362600,363200,362100,362500,362400,362500,361900,361500,361100,363900,363200,363100,362400,362400,362700,410500,374500,536900,509800,379700,362000,360900,361000,360800,363100,362200,362600,361200,361000,361700,361700,360900,360800,361200,360800,361700,361800,362300,363200,362800,362300,362100,362800,362100,361800,365300,362300,363900,361400,361500,362400,362400,363100,362000,362600,362500,362100,436100,372100,377700,376700,373300,373300,373200,372800,372200,375900,371900,371800,371900,373500,373900,376100,372500,372400,372000,373000,373300,376000,373400,374100,374000,373600,374500,374800,373300,373300,375000,372900,372900,375000,373700,373700,373400,374700,375400,376100,375300,373100,405700,395900,395000,394700,396000,397100,374700,373600,373600,371500,374000,371900,371800,373200,373200,372700,374500,372600,372900,371600,373500,373400,375300,373500,371900,371900,371400,373800,372000,372800,373500,373100,373200,373400,375700,373600,372800,375500,371700,373300,373600,388900,374500,373100,373000,376600,373100,373200,372300,373500,372600,373900,371900,372500,372200,373300,373600,373100,372100,376200,371900,374000,372300,372300,371600,372500,374300,373400,372500,373100,372100,372600,373500,373300,374100,373300,373700,373500,373700,372000,372700,372900,372300,408800,395600,394900,394700,396000,395300,394300,393800,393400,394400,394400,384600,374600,373800,373200,373300,373700,373700,372200,371900,371800,372800,374500,373400,373900,373500,372600,373500,373600,375600,374000,373700,373200,373600,373400,373500,372700,372100,373800,373100,372100,390300,362700,362900,361600,363000,362600,362600,364700,362300,360900,361000,361800,361400,362500,362200,362900,362400,362000,360800,361200,362700,364000,360800,361800,362900,362200,361800,362600,362700,364200,363700,360900,361300,362600,365000,360900,362800,361000,363900,360900,362300,361600,362800,399600,361000,363200,362200,364800,362800,362400,362000,362500
#W oneshot crc_kermit 16 16384 500
334800,334400,335000,334400,335200,391400,334800,334700,334700,334400,334900,334600,335000,335400,335000,335000,334900,335400,335100,334900,335100,335200,335200,334700,334800,335600,335500,335000,335300,335300,334500,359300,348100,334700,335000,334400,335300,335100,334600,335000,335300,335300,335000,335000,334600,335200,335100,334800,335100,335000,334900,335300,334700,334900,335000,335500,334800,335300,335400,335100,335100,335400,334900,334900,334800,335400,335200,334700,335100,335300,335200,335100,334600,335100,334500,335000,365600,334700,394600,335400,334600,335200,334600,335300,335000,335100,335000,335100,334500,335200,335000,334600,335000,334500,334700,335200,335100,334900,335500,334800,335000,335100,334600,335200,335000,335100,334800,335300,335100,335200,335600,335300,335600,334800,334700,335100,334600,334500,335200,334600,335000,334600,335300,335100,368200,335000,335500,334600,335400,334700,335200,334700,335100,334800,334500,335100,335100,334700,335100,334600,335300,334700,335200,334900,335300,335300,335200,335200,334900,334600,334900,334900,335100,334700,335400,334900,335000,335100,334700,335000,334600,335200,335000,335200,335300,334700,335100,334900,335100,335400,335000,372200,334600,335000,334400,334900,334800,335200,334500,335000,335100,335500,335200,335500,334800,335400,334600,335100,334400,335100,334600,335100,335200,334800,335000,335200,335000,335400,334900,335300,334600,335100,334600,335200,335300,335000,335200,334800,335300,334900,335200,335400,335200,334900,335100,335100,335200,408500,335400,335300,336800,334400,335200,336500,334600,335200,337000,335200,334900,338700,504400,335200,334600,335000,351400,362800,335000,334400,335300,335000,335100,335400,335400,334700,335100,335300,334900,335000,335100,334900,335500,335100,335000,335700,335700,336200,334900,335700,335700,335900,335300,336000,335500,335700,335500,335600,335400,335300,335500,336200,335200,335200,334800,335400,335300,402100,389500,344600,405800,368900,371100,372400,356300,346600,346000,345900,346200,353400,497200,370800,370700,368900,371300,348200,346500,346900,356800,345300,345200,375700,344900,345500,360100,369300,369500,370800,352000,347000,369200,369600,368500,368800,370800,369200,423400,368900,369100,516900,368500,369500,371600,349900,349900,347300,346200,346800,347200,346700,347500,346900,348200,347600,347600,347400,346500,347400,346400,347200,347200,346100,346200,346600,346700,346800,345900,346600,346200,345600,345900,346800,347800,347100,348200,347400,345900,346300,346100,346500,347200,346600,346700,346800,367600,346500,349900,349000,348800,348600,346600,346000,346600,354900,336300,360300,346300,348000,347500,347200,348300,350600,349400,347500,346600,346800,347600,346300,347000,346700,346500,346300,346700,348000,347900,346900,350300,347100,347400,347200,346700,345800,345900,479700,345400,345400,419700,352400,645300,540700,663300,345400,345400,345400,403500,720300,446600,344700,606100,380700,496300,369400,370300,369200,369600,361700,348700,348300,347700,349500,350700,350700,348600,348200,348500,347900,347000,346800,345900,346500,346100,346200,348600,346500,346300,347400,348300,372200,347700,350100,351200,349900,348300,347600,346800,348400,349000,348200,346700,346700,347400,346800,346500,346600,347000,346400,347800,347200,346900,346300,345900,346900,346800,346800,346900,348000,346500,346300,346900,347300,347100,349500,348400,348100,347500,348900,346700,346600,346000,346200,346500,347000,354600,346500,346100,346900,347100,346800,346000,346700,346400,346300
#W oneshot crc_dnp 16 16384 500
353900,354200,354300,354600,355600,356200,355900,355900,355600,355800,359500,357300,355700,355600,354600,356000,354900,354500,355900,354500,354600,354500,355500,354800,357200,357000,356600,355700,355500,460800,378200,452400,379000,358400,517800,1572500,483400,378500,379700,375000,548700,366100,353600,355100,355800,355900,355300,354900,390700,371800,539400,626200,372500,469400,756700,364000,828900,370700,757600,1490700,635800,497900,353100,353400,356300,354700,358000,356900,358100,365200,355400,355900,381200,364300,356100,358700,356300,359300,356800,356200,361700,358600,356500,357900,354600,356900,359000,354700,356200,358100,355100,357300,354200,354400,358200,355400,354800,357100,354300,353800,356000,375400,430800,379500,379800,378200,379500,379400,379100,377500,378700,377800,379400,362900,354100,355800,353800,353700,356200,354100,415500,354000,353400,355700,353800,353900,355900,353900,353800,356000,353100,353700,356300,353600,355600,353600,354100,356300,354000,354000,355900,353800,353900,374300,353700,353600,360300,353100,357100,353600,353500,385200,379700,379300,380100,379700,378000,379400,377600,380000,444500,353600,353700,353700,353500,353800,353500,353500,353500,353300,353400,353100,353500,353700,353600,354300,354000,353400,353900,354100,355400,354100,354300,353800,353600,353200,353900,353500,353700,353300,353900,353700,353800,355400,354400,398100,353900,353600,353600,353400,353200,353500,353100,352900,353500,353800,353900,353500,353800,353400,353800,354000,353700,353700,353700,353600,353800,354400,354500,353800,353900,354200,355600,353700,354100,353000,353100,353400,353800,353700,353600,353500,353900,353800,354000,353900,354400,353100,364900,374500,357600,342700,343500,343600,343300,343000,343100,343300,343300,343300,343500,343000,343400,343400,343100,343200,343000,343400,342700,343000,343500,343300,343400,343100,344200,343400,343500,342700,342700,343200,343500,343000,343300,343300,343800,343200,343300,343400,344000,343400,343400,343100,343100,343300,386300,451900,379600,379800,377600,379400,379800,379200,374700,353600,353300,353700,353300,353700,353600,353300,353400,353700,353700,353800,354100,354100,354200,354300,353700,354000,354100,354200,354200,355200,353400,353500,353800,353900,353800,353900,354400,354600,353700,353000,353300,353600,353300,377800,343200,343300,343200,343500,342800,343200,373500,343900,343200,343400,343500,343500,343400,343400,343200,343300,343300,343400,343400,343700,343400,343900,343500,343600,343200,343600,343400,343500,343600,343400,343300,343800,343300,343500,343200,344900,343500,343200,343100,343300,343300,343200,343300,343300,396000,378200,353100,353100,352900,353200,353500,353700,353500,353400,352800,353100,353100,353600,353800,353800,353700,353700,353500,354100,364700,342900,342700,342700,342700,343100,343400,343100,343500,343900,343500,373800,343300,344400,343500,343500,343600,343100,343200,343100,343400,343300,343500,343300,342900,385500,345700,382700,355800,357100,354700,354100,354900,354100,357100,342900,343100,360200,356700,343200,343300,343100,343800,343400,343300,343100,343300,343100,343000,343600,343200,343400,343300,343400,343400,343800,344400,344100,343400,343000,343000,343300,343600,342800,342600,343600,343400,343600,343500,364100,357500,343600,343300,343100,343200,343200,343300,343200,343300,343600,342900,342800,343400,343400,343000,343100,404400,343200,343400,343300,343400,343300,343400,343500,343200,342600,343400,343900,344100,343600,343400,343300,343300,343300,343200,343300,343300,343100
#W oneshot crc_sick 16 16384 500
216300,216100,216100,216100,216100,216200,255200,216000,216000,216100,216000,216100,216100,216100,216100,216000,216100,216100,216000,216100,216200,216100,216200,216300,216300,216000,216300,216100,216000,216100,216200,216100,216100,216200,216200,216100,216000,216100,263700,216100,216200,216100,216400,216200,216500,217500,216400,216300,216200,216100,216200,216100,216300,216300,216200,216500,216000,216200,216100,216200,216200,216400,216100,216200,216300,216200,216400,216600,216100,216000,216200,216200,216100,216000,216100,216200,216000,258400,224800,224100,233100,393000,237200,223500,223600,267500,222700,254600,250400,412100,325300,237200,259900,216400,215900,216000,304600,216100,216100,216200,216400,216200,216100,216500,216300,216200,216300,216100,231500,416500,315500,216200,217200,231900,216200,216100,216100,220000,216100,216100,216100,216200,219600,216000,216000,216200,219900,216000,216100,216000,216200,219400,216000,216000,216000,216200,219100,216100,216200,216100,219600,216000,292800,216200,219800,216200,216200,216300,216300,220400,216200,216200,216200,216300,220100,216300,216000,217300,220800,216200,216200,216200,216000,219600,216100,215900,229900,219900,216300,216000,254700,216000,220100,216300,216100,216400,220100,216100,216200,216800,216000,270100,235700,410600,334500,317200,316400,312900,310800,314600,317000,313700,313800,313800,313700,315400,317400,314800,314700,320500,314800,315600,318800,275200,222700,222700,225500,222600,222600,222500,222700,224700,222500,222800,222800,225200,223400,223000,223000,222800,225700,222700,222500,222500,225000,222600,223000,222700,222500,224700,222600,222900,222900,224600,222600,222900,222900,223000,244000,222600,222600,222700,229200,222600,222500,222600,222500,226200,222500,222600,222600,227000,222700,222600,222500,229300,339600,309500,308800,308300,310300,305800,308400,309300,307800,310100,308000,307600,307300,306700,296000,222500,222600,222600,222600,222600,223000,222600,222700,222900,222700,222600,222700,222700,222700,222600,222600,222900,222800,223000,222600,222700,223100,222600,222700,229400,216500,216200,216600,216000,216100,216100,216300,216000,215900,216000,216000,216100,216300,216200,216100,216300,215900,216000,216700,216400,216400,233400,229800,216400,237100,236200,278900,226500,235100,216400,216400,216100,216200,216400,216100,216100,216100,216000,216100,216200,216000,216500,216300,216300,216200,216500,216200,216400,216400,216200,216400,216500,216400,216200,216300,216100,216400,216400,216300,216400,216100,216400,216500,216700,216500,216200,216300,216200,216800,216400,217400,216400,216200,216500,216200,216000,216100,216000,216000,216100,216200,216000,216100,216100,216000,216100,216500,216400,216100,216000,216300,216100,216200,248000,244800,241200,230500,247000,216100,216100,216100,216200,216100,216200,216100,216000,216200,216300,216200,216100,216100,216100,216200,216100,216200,216800,216200,216100,216200,216100,216100,216200,216200,216200,216300,216200,216100,216000,216400,216100,216100,216400,216100,216300,216300,216600,216400,216800,216600,216400,216500,216200,216000,216100,216100,216100,216100,216200,216100,216100,216100,250700,216100,216200,216000,216200,216200,216400,216100,216800,216300,216200,216200,216000,216000,216100,216000,249300,216200,216000,216200,216100,216300,233300,229500,216000,216400,216200,216100,216300,216100,216500,216200,216100,216100,216200,216200,216100,216100,216000,216200,216100,216100,216100,216100,216100,216300,216400,216000,216100,216200,216300,216100,216300
#W oneshot checksum_NMEA 16 2048 500
217200,217200,217200,217300,217300,217100,217100,217500,217300,217300,217300,217500,217100,217200,217200,217200,217100,217300,217200,217000,217200,217000,216900,217300,216900,217400,217200,217200,217100,240200,232100,217300,217100,217000,217700,217500,217300,217200,218000,217300,232800,232900,217300,217300,217200,217200,217400,217200,217400,217200,217200,217600,217200,217200,217400,217300,217500,217500,217500,217200,217500,217500,217700,217300,217400,217400,217100,217300,217400,217500,217100,217500,217400,217500,217500,217300,217500,217500,217400,217100,217100,217700,235500,230700,217500,217500,217400,217500,217600,216900,217200,217100,217400,217100,217400,217500,217300,217500,217300,217000,217300,264900,217500,217100,217700,217100,217500,217100,217500,217200,217200,217200,217700,217100,217600,217200,217400,217600,217700,217500,217600,217100,217400,217500,217300,217500,217700,217500,217300,217200,217200,217100,217100,217300,217300,217400,217200,217600,217200,217500,217500,217600,217700,217000,217300,217900,217200,217400,218400,217400,217100,217900,217300,217300,217400,217400,217300,217300,218000,217300,217300,217600,217400,217200,216800,217200,217300,217300,217100,217500,217800,217100,258700,238100,218100,217200,217300,217200,217400,217300,217400,217400,217300,217200,217400,217300,217200,217200,217200,217300,217300,217300,218500,217500,217300,217400,217300,217400,217000,217200,217500,217400,217400,217600,217400,217400,217300,217500,217700,217700,217500,217600,217800,217600,217900,217800,217500,217500,217300,217400,217100,217500,217200,217700,217500,217100,246900,217400,217600,217400,217400,217700,217300,217300,217400,217600,217800,217300,217300,217400,217600,217400,217400,279900,288700,217300,217400,217100,217100,217300,217100,217100,217200,217100,217200,217200,217100,217400,217300,217200,217300,217400,217200,217100,217200,217100,217300,217500,217400,274100,217500,217300,217200,217700,217400,217200,217400,217500,217500,217400,217900,217400,217500,217800,217200,217300,217100,217600,217500,217400,217500,217200,217000,217300,217400,217500,217800,216900,217500,217600,217700,217500,218000,218100,217300,217500,217400,217500,217300,217400,217400,217400,217700,217200,266800,230100,217400,217400,217300,216800,217200,217500,217400,217300,217900,217500,217200,217400,217000,217200,216900,217200,217100,217100,217300,217100,217300,217000,217200,217300,217300,217200,216900,217300,217600,217200,217600,217300,217100,217600,217300,217100,217400,217300,217300,217500,217300,217200,217200,217500,217400,217000,217300,217300,217100,217300,217600,217200,218000,217400,217200,217300,217500,217400,217100,217400,217500,217400,217400,217300,217200,217400,217000,217400,217000,217200,267400,217800,217500,217200,218000,217500,217500,217300,217000,216900,217400,217500,217300,217400,217200,217200,217100,216900,216900,217400,217200,217500,217200,217700,217200,217200,217500,217400,217300,217400,217400,217200,217100,217100,217400,217200,217400,217400,217000,217600,217500,217300,217100,217500,217000,217800,217800,216900,218000,217400,217100,217400,217600,217400,217100,217300,217300,216900,217200,217100,217400,217400,217000,216900,217600,217000,217600,217500,217400,216800,217800,358600,235500,217300,217100,216900,217300,217400,217300,217200,217300,217200,217200,217100,217400,217200,217300,217400,217200,217200,217400,217200,217000,217400,217500,217300,217300,217200,217400,217100,217400,217300,216800,217200,217300,217300,217100,217300,217200,217400,217300,217300,217400,217500
#W oneshot crc_8 64 4096 500
338400,337000,337300,339100,336800,338100,337400,337200,337500,338500,339000,337600,339000,371500,337200,336900,337200,337700,337600,338400,337600,338100,338100,338400,338300,338600,337300,337400,337400,338300,337400,338100,337900,337500,337300,337600,338300,339400,337900,338200,338600,337800,337000,337300,337300,337100,337600,339200,338500,338400,338500,338900,338000,337600,338100,337300,337000,337500,337400,383500,337600,337500,339000,339100,337600,337900,338200,339000,337500,337700,336800,339000,337400,338600,338000,338400,337400,337400,339100,337600,337300,338000,337200,338100,338700,337700,337800,337200,337300,338100,338000,337700,337900,338300,337900,337800,338800,338900,339100,337500,338300,338700,337600,338400,338000,363500,350000,339100,339000,338500,337700,338700,368000,338700,337200,338000,335600,338200,338000,337000,337200,339100,337100,338400,338700,338400,337200,338000,338800,337700,337300,338500,337900,337300,337900,338000,338000,338300,338800,338100,338800,337700,338600,337700,337900,339100,338200,338100,339000,338600,338700,375700,337300,339000,338000,339100,337800,337300,338300,337200,338600,338100,339300,338000,338100,337800,338200,338200,339000,338100,338000,337500,337900,337200,337900,339100,337600,338200,339300,339100,337700,337300,337200,337400,339100,337900,339000,338500,338500,337800,338600,338900,339100,338500,337800,337900,337500,369600,337800,337600,337400,337900,337900,337900,337700,338100,338100,337200,337400,339000,339000,338800,339000,338700,337200,337500,338500,337900,338800,337300,338900,338200,338400,338200,338100,339200,338600,338500,338700,339100,338300,338700,338100,339200,338900,337800,338200,338300,338600,338700,339000,337200,337400,374100,338900,337600,338200,338200,338900,338100,337800,337800,336900,338800,337800,339100,337100,338600,338600,337800,337200,338400,338200,338800,337900,339000,339000,338300,338700,338000,339000,337900,337600,337300,338200,337700,338500,338500,337800,338000,337700,338000,337600,337100,337400,339300,338200,338200,339600,387600,338200,339300,338200,339000,338800,337800,337100,337500,337800,338800,338000,337700,337200,337500,339200,338000,336900,337100,337400,337200,337100,338500,338500,338700,368100,339100,339100,339300,338800,338000,338800,338500,337100,339200,338600,338200,337700,339200,338100,338300,337400,338000,337500,339200,338000,391700,347300,347400,347300,356700,337500,339000,339000,337300,337200,337500,337500,338900,338900,338300,338200,339000,339800,337700,337500,338000,337900,337900,338600,338000,338700,340600,338700,338600,337900,338700,337600,337700,338300,338900,339200,339200,338000,338500,337700,339300,339400,338200,338100,339000,338900,352600,338200,337400,336900,337100,337500,337300,337800,338100,338200,336900,337700,339000,338900,336800,337300,337300,338000,337900,337400,338200,338300,338400,337800,338700,370100,338800,338100,339100,338300,338000,337900,337900,338300,337700,338200,337600,339400,336900,338400,337200,338000,338800,338100,337400,409900,380300,337000,337400,337400,338100,337000,337900,338100,339000,338100,337500,339000,337300,337300,338700,339000,339000,337300,337100,337400,338100,337900,337400,338700,338000,339300,339100,339100,338700,338300,338100,338000,338500,339500,338900,338400,339100,338000,338900,337500,337400,337300,338700,337900,337800,419900,337300,337000,337000,337200,337200,337000,337200,336900,337300,336000,337200,337000,337200,337400,337000,337700,337900,338300,337700,339100,339000,337200,339000,338600,337900,337600,338700
#W oneshot crc_16 64 2048 500
312700,312800,312800,312900,312800,312700,312800,312700,312800,312700,312800,312900,312800,312900,347100,384200,312700,312800,312800,312700,313100,312800,312900,312900,312900,313000,312700,312700,313000,312900,312800,312800,312700,313000,312700,312900,312800,312800,313200,313000,312900,312800,312800,313500,312900,313000,312900,312800,312700,313000,312900,312800,312800,313100,313000,312900,312800,313000,313400,313000,312700,312900,312700,312900,408700,312900,312700,312800,312700,312800,312800,312800,312600,312800,312700,312700,312800,312800,312800,312800,312900,312700,312700,312700,312700,313000,312900,312800,313000,312700,312900,313100,312800,312800,312800,313000,313000,312800,312800,312800,313100,313000,313300,312800,313500,313000,312900,312800,312900,312700,312900,312900,312800,312800,447400,328700,389100,328200,360000,314200,313100,313400,312900,313000,312800,312900,312900,312900,312800,312800,312900,312900,312900,312900,312800,312800,312700,313000,313000,312900,313000,313200,313500,313200,313100,313300,313200,312900,313300,313100,313700,313100,313100,312900,313100,312800,312900,312800,313100,312500,312900,313100,364500,326100,312700,312700,312800,312700,312700,312700,312800,312800,312700,312800,312700,312800,312700,312700,312700,312800,312800,312900,312700,312900,312700,312800,312800,312900,313000,312800,313000,312900,313000,312900,313000,312800,314000,312800,313000,312900,312700,312900,312900,313000,312800,312800,312800,313100,312700,313000,344700,313300,423400,312700,312700,312800,312700,312700,312800,312800,312800,312600,312900,312700,312700,312700,312900,312800,312800,312800,312900,312700,312600,312900,312900,313000,312900,312700,312900,313000,313000,312900,313300,312800,313200,312800,312900,312800,312800,313000,312900,313000,313200,312900,312900,312900,312700,313500,312800,312900,312700,371100,335100,313600,448800,313200,313500,368400,322100,355900,442200,359000,329300,363000,324500,324500,324100,324300,323600,324100,324100,324000,324200,324200,324100,324300,324500,324300,324400,324100,428400,398500,340800,336700,312700,313000,316900,312900,312700,316300,312900,312800,312700,316200,312800,312900,317100,312900,312900,316900,312900,312800,317400,312900,313000,317500,313300,313000,313000,316900,313200,313600,317800,312800,312700,316700,312900,312800,317000,312800,312900,317300,312800,312900,316600,313000,313500,312700,362900,312700,312800,317000,355400,403100,312800,312700,314600,312700,312600,314400,312800,312800,314600,312700,312700,314400,312700,312800,312800,314100,312700,312900,314400,312700,312800,314400,312900,313200,314700,312900,312800,314700,312800,312900,314900,312600,313000,313100,314800,312800,313000,314500,314000,313000,314900,312800,312800,314500,312800,312900,314600,312900,313000,312900,402100,401700,428900,312700,312700,312700,312700,312700,312700,313100,312800,312700,312700,312900,312800,312900,312800,312700,312700,312900,312900,312800,312800,312800,312800,312900,312900,312800,312800,330400,325700,312900,313400,313200,314100,313200,313000,312900,313000,313000,312900,313200,312900,312800,313000,312800,312900,313000,313100,313000,313100,312900,404100,328200,312600,313000,312800,312800,312800,312800,312900,312800,312700,312900,312800,313100,312900,312900,312800,312700,312800,312900,313000,312800,313200,313100,313200,312900,313100,312900,313900,313100,313000,312800,312800,312800,313000,312900,312700,312900,313100,313200,312800,313300,312900,313100,313100,312700,312800,312700,312800,361400,326800,330700,313300,330600
#W oneshot crc_modbus 64 2048 500
313100,312900,312800,312900,313000,312900,312900,312900,312900,312900,313100,313000,313000,313000,313000,313400,312900,329400,325800,313200,313100,313100,312900,313100,313100,313300,313400,312900,313300,312900,313300,314100,313400,313200,313000,312800,312800,312900,312800,351400,322800,322400,322500,322500,322600,322300,322900,322800,323000,322300,322300,322300,322300,322400,322300,322300,322400,322500,322400,322600,322500,322800,323000,322400,322800,322800,322600,322500,322600,322600,322400,322700,322900,322600,322800,322600,322500,323400,322600,322600,322300,322400,322400,322400,322600,322300,322400,322700,333700,326100,313000,313200,313200,313300,312900,313100,312900,312900,327500,328800,312900,313000,313000,313100,313000,312800,313300,313200,313500,313000,313100,313200,313000,313000,313600,313300,313000,312900,313200,313400,312800,313200,313000,313800,313400,313000,312900,312800,312900,313000,312900,313100,313100,313000,313000,312900,312800,350400,313100,313600,313000,312900,312900,312900,312800,312900,313000,312800,312900,312700,313000,312900,313300,313000,313200,312900,313100,313000,312800,313100,312900,313200,314100,419300,330300,315700,329800,332700,313500,313700,314400,313500,313200,313000,313200,313100,313200,313000,313000,312900,313100,313100,312900,313100,312900,313200,333900,327300,313200,312900,312800,312800,313200,313500,313300,313400,313400,313000,312800,313200,313000,314400,313000,313000,314100,312900,313000,312800,313000,313000,313000,313100,313000,313100,313200,312900,313700,313400,313100,313000,312800,312900,312800,312900,313000,313000,312900,313200,312900,313100,313100,313200,313300,313000,312900,312800,351900,366700,329400,330900,322500,322500,322400,322400,322600,322600,322500,322900,328900,312900,313200,313000,313000,312800,312900,312900,330100,354700,313200,313300,312800,313300,313100,313400,313200,313100,313100,313200,313100,313000,313400,313300,312800,313200,313500,313100,313100,313000,313300,314000,313200,313100,312700,313000,313000,355500,313400,312800,312900,312900,313200,312900,312900,313000,313600,313000,313100,312900,312900,312900,312800,312900,313000,313000,313100,313300,312900,312900,313200,313400,313200,312900,313100,312800,312900,312900,312900,313000,312900,313100,313100,313000,312900,313500,313100,313600,312800,313000,312900,312800,312900,312900,330900,326600,316200,354500,322300,332000,313400,313300,313400,314300,314200,313100,312900,312800,313000,312900,312900,312800,312800,312900,313200,312800,313000,312900,313100,313200,313000,312900,312800,312900,313100,313200,313200,313100,313400,313400,313300,313300,313100,313600,314000,313100,313100,312800,312800,312900,313100,313000,312800,313200,313000,312900,362400,312900,312800,313000,312900,313000,312900,312800,312900,312900,312900,312900,312900,313000,313000,313000,313000,313000,313000,312900,313000,312900,312900,312900,313100,313100,313000,312900,313000,313200,312900,312900,313000,313300,313100,313000,313100,313000,312800,312800,312900,313000,312800,313000,312900,312900,312800,313100,313400,313300,379800,380200,328400,313000,312900,313700,313400,313000,313000,312900,313000,312800,312900,312800,313200,313300,313200,312900,312800,312900,312900,312800,313100,312800,312900,313200,313000,313200,313600,313300,314300,313400,313300,313200,312800,312900,312900,312800,313000,313000,313100,313300,313100,313200,313000,313800,313000,313000,312900,356100,312800,313000,313000,312800,312900,312900,313100,312800,312900,313000,313100,313000,313100,313000,313100,312800
#W oneshot crc_32 64 2048 500
260000,259900,260000,260100,260100,259900,260000,260200,260200,260100,259900,259800,259900,260100,260000,259800,260000,259700,260100,260000,260000,259800,260000,260000,260000,260300,260000,260200,259800,260000,259700,260000,259900,259900,301600,274800,291500,288300,260200,260100,260100,260500,260100,260100,260500,259800,259900,259800,260100,259800,260000,260100,260100,260000,259900,290700,259800,260300,260000,260100,260000,260000,261000,260100,260100,260100,260500,259800,260100,260100,260300,260300,260100,260100,260100,260300,260200,260200,260100,260000,260100,260800,260400,260400,259900,259900,260100,259800,260100,259900,260200,259900,259900,260000,293400,259700,260100,259900,260300,260300,259700,260300,260000,259800,259800,259900,259900,260000,259800,259800,260100,260000,259800,260000,259900,260300,259800,260700,260200,260200,260200,260100,259900,259700,260100,259900,260100,260000,260100,260100,259900,260000,259900,259900,259800,260200,260200,260000,260100,260000,259900,259900,260000,259900,260100,260000,259800,260100,259900,260100,260000,260100,259900,260200,326200,260000,260100,260100,259900,260000,260100,260100,259800,260000,259800,259800,259900,260100,259800,260100,260000,259900,260200,260000,274800,276400,260100,260000,260000,260000,260000,259900,260000,260100,260000,260000,260000,259800,260200,260100,260000,260600,260100,259900,260000,260200,260000,259800,260100,260000,260000,259800,259800,260100,260000,259900,260200,260500,259900,260800,260100,260300,260000,282400,303800,259800,260300,259900,259900,260200,259900,260200,260000,259900,260200,260300,260000,260200,260200,260200,260000,260100,259800,259900,260100,260200,260100,260200,259800,260200,260100,260400,259900,260200,260300,260200,260400,260100,260400,260000,259900,259900,259900,260200,260000,260000,259800,260100,260100,260100,260100,260100,260300,260000,260300,260400,259800,259900,260200,259800,260000,260000,260100,326700,260200,259900,259900,259900,259900,259900,260000,289700,288200,260200,260000,260200,259800,260100,259800,260000,259900,259900,259800,260000,259900,259700,260000,259900,260000,259800,260100,260600,259900,260200,260300,260100,259900,260100,259800,260000,260000,260100,260000,260000,260100,260000,260100,260100,260000,260300,260600,260100,260400,260200,259700,260100,260000,259800,259900,259800,260000,259900,297700,263100,260700,259900,260200,260000,261000,260300,260000,259900,260100,260000,260000,259900,259900,260000,259800,260000,260000,259900,260000,260100,260200,259700,260300,260200,260100,260200,260200,259900,260200,260200,259900,260000,259900,259900,260200,260200,260200,260100,260100,260300,259900,261000,260100,260200,259900,260100,259900,260000,259700,260000,260000,259800,260100,259900,260200,259800,260100,259700,284200,271500,271500,369000,272800,260500,260500,321200,268000,359500,274900,303400,317200,274600,307500,304800,260400,260700,260600,260200,289700,317400,260800,260800,260200,260100,260000,260300,259800,260000,259800,260300,260000,259800,260200,260300,260200,260400,260300,260500,260900,260400,260200,260400,260400,260400,260200,260600,260600,260000,259900,260300,260100,260200,259900,260000,260100,260100,260900,260400,260300,260100,259900,260000,259900,259800,260100,260200,260000,397400,347100,277000,277600,271500,285300,260200,259800,261100,263400,260400,260400,260100,262200,260100,259800,260000,261600,260200,259900,261900,259800,260100,260000,262400,260200,259800,260200,262100,260400,260200,260300,261800,259900,260300,260100,262200,260200,260000
#W oneshot crc_64_ecma 64 2048 500
263300,262700,262700,264700,262500,263200,263300,264300,262200,262400,262200,264800,263000,263200,280300,275700,263300,262900,265100,263300,377700,275700,263200,262300,264000,262100,263000,262300,264600,262300,263200,262300,264500,262000,262100,263000,263900,262100,262100,264800,262300,262300,262300,264300,263200,263100,262500,293800,263100,263000,262200,270600,263000,262300,265100,263000,262800,263100,265200,262500,263300,262400,264100,262500,263300,263300,264500,263200,262900,262600,264600,262400,263100,264800,262800,262100,263500,264600,262500,262400,262200,318600,290500,263200,270500,305500,262400,263200,262300,263100,262300,262300,262200,262300,263400,263200,262200,263200,263100,263100,263200,262300,262300,262300,263300,262400,263100,262300,262200,263100,263200,262300,262400,263200,263100,262600,263200,263100,263100,262600,262600,262400,263200,262300,263000,263000,262200,262900,262900,262800,263400,262500,262400,263000,263200,263000,262100,263000,263000,262300,263200,262700,262400,262300,295100,263100,263100,262700,262900,262700,262600,263100,263200,262300,263200,263200,263200,263200,263100,262100,262800,263100,262300,263200,262300,262600,263000,263100,262300,262700,262200,262900,262300,262700,262900,262300,262400,263300,262800,319600,263400,262600,263300,263000,262200,263100,262500,263000,263000,262200,262600,262900,262200,262300,262600,263100,263100,263200,262900,262500,262400,263200,263000,320000,263200,263200,262500,263200,262500,263200,263300,262800,262800,263100,262900,262400,262600,262300,262200,262400,263000,262400,262100,262200,262500,263000,262700,262400,263300,263100,262300,263100,262200,262400,262800,263200,263300,262500,263200,263900,262500,262600,263200,263100,263200,262300,263300,263300,262500,262200,262700,263000,262900,262400,263200,262300,262400,263300,262400,262400,262900,262000,321100,338200,307700,263100,262200,262200,263200,263200,263200,263000,262100,263000,262600,263400,262700,263400,262600,262400,263200,262300,263200,263000,262800,263000,262400,262500,262500,262800,262900,263100,263200,262800,263300,263200,263500,262700,262900,263200,263000,263100,263000,262400,262400,262600,291900,263300,263200,263200,262500,263000,263700,263000,262900,262900,262600,262300,263300,263100,263300,391800,454300,354100,304900,262000,262400,263000,262200,262200,263300,263100,263000,262300,263200,263200,262300,262800,263400,263000,263100,262900,262700,263100,262700,262900,262400,263000,263700,264000,263000,263100,262500,262900,262400,263300,263700,263100,262500,262500,262400,262700,263300,262700,263000,263300,263200,263600,262700,263000,262300,262700,262300,262400,262900,263100,263300,263100,297800,262300,262300,263200,263200,263000,262100,263100,263600,262300,263200,262400,262700,262900,262000,262900,263100,263300,262800,262400,262800,262600,263400,262600,262400,263200,262800,262300,263400,263100,262500,262600,263300,262900,263300,262600,263200,263100,262700,262400,262400,263200,262900,262900,278900,277100,263400,262800,263200,263200,262500,263100,262400,262800,263400,263000,262400,262600,262400,301700,262900,262700,262600,263200,262600,263200,262000,262100,262800,263100,262900,263200,263100,263300,262300,262800,263200,263000,262500,262400,263500,263200,263200,263100,262200,262900,262900,263100,262400,262500,263200,262700,263400,262900,262800,262800,263000,262700,263600,263200,263100,263000,263100,262400,263100,263200,263200,262900,262200,262300,262500,262400,263300,263100,262900,262500,263100,262400,357200,277200,278500,282100
#W oneshot crc_64_we 64 2048 500
264800,264800,264800,264700,264900,264700,265000,264600,264800,264700,265100,264700,264800,264800,265000,323200,264800,264700,264800,264800,264800,265100,264700,265000,265000,264900,265300,264700,265100,265100,264800,264700,265100,265100,265200,264900,265100,264700,265100,265000,265000,265100,265200,264900,265700,265000,264800,264900,264700,338900,264700,264900,264700,264900,264700,264800,264700,265000,264700,264800,265000,264800,264900,264800,264900,264800,264700,264900,264600,264900,264800,265000,264700,264800,264900,264800,264600,264800,265100,264800,265300,265100,265000,265100,264600,264900,265000,264900,264500,264900,264800,264900,265100,265100,264800,265000,264900,264800,265400,265000,264700,264900,264700,264900,264600,264700,264800,336500,265100,265000,338500,278400,278700,279500,314400,277200,314400,356800,346200,333400,282600,264700,363800,293100,264700,264700,264900,264700,264900,264700,264900,264800,264700,264800,264700,264800,264900,400000,278400,292900,265200,265000,265000,295200,264900,264700,283100,277700,264800,264800,294400,264800,264900,264900,294500,265800,265100,282400,277700,265000,264700,295000,265000,264800,265000,294600,264900,264900,295300,264900,265200,265700,297600,266800,266100,265300,267900,265000,265000,266900,264700,265200,265200,267100,264800,265200,265000,267000,264900,265100,265600,266700,265600,265300,267200,265100,264900,264800,283000,362500,278800,264700,264800,267300,264800,264700,267000,264800,264600,264900,266500,264600,264800,264700,279600,264700,265000,264800,266900,264800,264900,266400,264700,264800,264800,267300,264700,265000,264700,266700,265100,265100,265200,266900,265000,264900,267000,264700,264800,264900,266600,264700,265000,264900,266400,264900,265000,265300,267000,265000,265100,266600,264900,264600,264900,266700,264700,264800,264900,333800,294000,264900,266900,264900,265100,265200,297200,265000,264900,264900,264900,264800,264600,264800,265000,264700,264800,264900,264800,264800,264800,264900,264700,264900,265500,265200,265100,294900,264900,264500,265000,265000,264800,264900,264900,265000,264700,265000,264900,265000,265000,264900,265200,265100,265000,264900,264800,265000,264900,264900,264800,265000,264700,265000,264900,264800,264900,265100,264900,264800,265400,265100,282200,278700,264700,304000,264900,264900,264800,265000,264700,264900,264700,264900,265000,264800,265000,265000,265100,264800,265000,265000,264600,264900,264800,265000,264700,264900,265000,264800,265000,265000,265000,265000,265000,264800,265500,264900,264900,265100,264900,264600,264900,264800,264900,264600,264900,265000,264800,264900,264700,264800,265000,265000,265700,265000,264700,264900,264800,264700,264900,264700,264700,264700,299700,290000,296100,266500,265400,264900,265000,264900,264900,266400,265200,265400,265200,265000,265100,264900,265000,265100,264900,264700,264900,264800,264900,265200,265000,265200,265100,265300,265700,265100,265200,265100,265100,265200,265200,265800,265300,265000,265000,265200,264900,265200,264900,264700,265100,264900,266000,265100,265300,265100,264800,264800,264700,265000,264800,265700,265700,264700,318700,265200,265000,264700,265100,265200,265600,264800,265100,265000,264900,264600,264800,265000,264900,265100,264700,264900,264700,265000,264700,264900,265000,264800,265700,265200,264900,264900,264900,264900,264900,265100,265000,265000,264600,264800,265000,265400,265000,265100,265100,265000,265500,264800,264900,265000,264800,264800,264700,264900,264700,265000,264600,265000,265100,264900,264700,264800
#W oneshot crc_ccitt_1d0f 64 2048 500
287200,288000,288100,288100,288900,287900,287800,287700,287800,288300,288400,288200,288000,287800,287900,287800,288100,288000,287900,287900,288000,287900,288000,288000,288000,288100,287900,288000,288200,287800,288200,288400,288600,288100,288000,288100,288300,317300,287700,287300,288300,288400,288300,288500,288700,288600,288500,287700,287900,326900,305600,287300,287400,287800,288100,288400,288000,288000,288100,287800,288000,318400,288800,288500,288000,287600,288000,288100,288100,287300,288200,288000,288000,288100,288300,288600,288300,287900,288300,287900,288500,288300,288600,287900,288300,287700,287900,287800,287800,288000,288300,287800,288800,288300,288300,287600,288600,288700,288000,288200,288600,288100,288000,328000,287800,287800,287900,288100,288700,287600,288100,288100,288000,287500,287900,288300,287800,288000,287200,318000,288100,287800,287800,287200,287900,287800,287700,288400,287600,288100,288600,287600,288700,287800,288000,288300,288400,288300,288900,288000,288600,288000,288800,288100,318300,288100,288000,288000,288000,288400,287800,288600,287200,287500,288100,288100,287400,331200,288400,288800,287800,288600,287200,288700,288000,287700,288200,288100,288100,288400,288100,287900,288300,288100,287500,288500,347300,288300,288100,288100,288400,288100,288100,288200,287600,288200,288300,288300,287800,287100,288100,287700,288900,287900,288200,287400,288700,287700,288000,288300,288000,288100,288000,287600,288200,288000,287900,287800,288000,287900,288100,320100,288000,288800,288200,288100,288000,288300,288200,287200,287500,287800,288200,288400,288300,287400,288000,287900,288500,288100,287900,287300,288400,287900,288100,287900,287600,287800,288600,288000,287600,287800,288800,288100,288600,287900,288400,288300,287800,288300,287900,288000,287600,287900,288200,288100,287400,287100,288000,288000,288500,289100,288800,288400,287100,366300,288600,288700,287200,287900,288100,288100,288000,288400,288100,287800,288100,288400,288200,288300,287900,288200,287500,288000,287700,287900,287600,287800,287900,287800,287700,288000,287400,287100,288000,288000,288500,288000,288900,288500,287900,287900,287900,287600,288500,288000,287900,288200,288200,287700,288000,288300,288600,288500,288700,288500,287800,287700,287700,345600,288600,287900,288000,288000,288000,288000,288200,287600,287800,287700,287800,287900,287700,287900,287600,287800,287900,287400,288100,287900,288200,287900,288500,287900,287900,288700,288200,288100,287600,288500,288000,288000,288100,288300,287900,287300,287600,287900,287900,288300,288200,287600,288200,288700,287900,287500,288000,288100,287400,288400,288100,288200,287800,333200,288400,288500,288000,288000,288700,288600,288100,288400,288400,288600,288500,287800,287800,287900,288000,288000,288600,287200,287900,288100,288700,288600,288600,288700,288400,288700,288700,287900,288200,287800,288500,287400,287900,288900,288600,287100,288300,287500,288300,288100,288700,288000,288700,287900,287000,287400,287600,287400,287800,288400,287900,288400,291400,318300,288000,288600,287500,287700,287300,288300,288000,287700,287900,287400,288500,288700,287500,288000,287500,288500,288400,288000,288200,288800,288300,288600,288700,287900,288100,288700,288700,288500,288800,288200,287700,288100,288700,288900,289000,287400,288900,288700,288300,288400,288000,288700,288700,288600,288600,288700,288100,288000,288500,288000,288800,288100,308000,307000,288800,288700,288500,288500,287800,288100,288600,317400,288300,287500,288200,288200,288100,288000,288600,287900,288000,287900
#W oneshot crc_ccitt_ffff 64 2048 500
287800,287800,288400,288500,288600,288200,288600,287500,288100,288600,288600,288500,288400,288600,287100,288600,288000,287100,287800,288500,288700,287900,287900,289200,287900,288000,287800,287800,287900,319900,288100,288000,288700,287800,288100,288500,288500,287400,288200,287800,287600,288100,288600,288600,287200,288500,288800,288700,288600,288000,288500,288700,287500,288700,287600,288200,287800,288000,287800,288700,287400,288700,287300,287700,287100,288600,287200,287600,288600,287500,288300,288400,288300,287700,288900,288400,288000,288700,288000,288700,288600,288800,287200,328800,288300,287200,287700,288400,288000,288000,288100,288000,288100,288700,287800,288600,288700,288300,287900,287800,287600,288600,288000,288500,288000,288000,288100,287900,288500,288600,288500,287600,288700,288700,288700,287200,288700,288800,288400,287700,288000,288800,288400,287000,288600,287100,288000,288800,288100,288000,287800,288900,287900,288400,288500,287200,287300,321000,287600,288000,288600,287400,288200,288000,288100,287900,288700,288700,287200,288800,288000,287500,288000,287600,287600,288300,288300,287700,287400,288700,287200,287800,287400,288500,288600,288400,287600,287600,287900,288600,287600,288500,289000,287200,288800,288700,288600,288300,288800,288700,288600,288600,288700,288300,287500,288600,287700,288800,288000,287600,288700,324100,288700,287900,288600,288500,288900,288700,288800,287100,288400,288200,287900,288200,287500,288300,288000,288700,288300,288600,287600,288000,287300,288100,287900,288300,287800,288600,288700,287400,287800,288700,317100,288800,288600,288600,288500,287300,288500,288700,288900,288000,288100,288700,288700,287500,288300,288300,288100,287800,287900,288400,288700,288100,287700,319600,287700,288000,288700,288300,288400,287500,288000,288800,288200,289100,288100,288900,288600,287900,288200,287900,287100,287600,288100,288700,287800,288700,288700,288400,287300,288200,288700,288300,288100,288600,288400,287900,288200,288000,288700,287500,288200,289000,287900,287900,288300,288900,288400,288200,288500,287800,288600,287800,288700,287500,287800,288700,287200,327500,288900,288100,288200,288800,289200,288500,288100,288600,288500,287100,288400,287100,288100,287000,288500,287900,288000,288500,288400,288500,287900,287700,288700,288000,287800,287500,287900,288200,288700,317100,288900,288500,288700,288300,287400,287600,288500,289100,288300,288400,288700,288700,288500,287100,287900,288200,288700,287900,287100,288000,288200,288000,287700,321800,288800,287300,287700,288500,287500,288000,288700,288500,287800,288700,288000,287400,288000,287900,288600,287900,288200,288200,287900,287900,287900,288000,288600,288600,287300,288300,288500,288100,287200,288000,287900,288500,288100,288600,288000,288800,287900,287700,287100,288000,288700,288000,288700,288700,287500,288000,287300,288100,287800,287900,288000,287200,288000,354400,288700,288000,287700,288600,288600,288600,287100,288700,287900,288000,288700,288600,287100,287900,287100,288600,287100,287300,288500,288700,288600,288700,287900,288700,288600,288700,288700,288800,288600,288300,288700,288000,288600,288800,288000,288600,288600,288600,287800,287400,288100,288600,288900,288700,288200,288200,289200,288600,288700,288700,288700,288600,287900,379100,288600,287100,288400,288600,288600,288700,288700,288800,287100,288600,288500,288600,288600,288600,288500,288600,287700,287000,288500,288400,288400,287000,288600,287800,287100,289000,287900,288400,287900,287900,287900,288600,287300,288800,288600,288900,287500,288400
#W oneshot crc_xmodem 64 2048 500
288200,287300,287900,287900,288100,288000,288700,288100,288000,292800,354200,288100,288000,288100,287900,288100,288100,287900,288500,288100,288100,287900,288100,287900,288000,288100,288600,287900,287900,288500,288100,288300,288100,288200,288100,288100,288500,288000,288100,287800,288600,288200,288900,288200,288800,288500,288500,288300,288300,288900,287700,288700,288100,288000,288200,287900,288400,288100,288100,288100,288000,288000,288400,370400,288100,288300,287900,288200,288200,288600,288700,287900,288700,288100,288700,288000,288800,288000,288000,288000,287900,288200,288300,288900,287300,287900,288800,288100,287900,288400,288600,288800,288700,288600,288200,288400,288300,287400,289100,287800,288500,288200,288000,288000,288000,288200,288900,288000,287900,288700,288700,288800,288000,288800,288900,289100,288700,396900,332400,326100,330100,337000,350100,288600,288000,288600,288600,288700,287400,287900,288600,289100,289300,288900,289000,288500,287500,288000,288600,288800,288700,288600,288600,288500,288900,288200,288700,288800,289000,287800,288700,288400,288800,288600,288400,288600,288400,287800,288200,288400,288300,288000,288800,288700,288400,289300,288800,304400,303500,287100,344000,288900,288000,288500,288600,288000,287800,288800,288600,287900,288000,288200,288200,288200,288300,288000,288500,288700,288700,288800,288600,288900,288800,288700,289100,288800,288800,288800,288800,288700,288300,288600,287800,288400,288800,288700,288000,287300,288500,288500,288200,288600,288300,288400,288300,288500,288000,288500,288700,287900,288600,288600,288700,288700,334400,290000,407100,306900,288100,289600,349300,300100,341300,408400,333200,340200,344700,288900,288800,374300,288700,288600,288300,288800,288700,288700,288200,288500,288600,288800,288600,288800,288900,288400,288300,408300,300000,304700,318600,290000,288600,288100,291000,288600,288400,290100,287600,288800,287600,290500,288100,288600,303900,288000,288500,287600,290500,288900,288500,290300,288400,288300,288300,291000,288800,288500,290200,288900,288600,287900,290700,288200,288400,290200,288900,288700,290400,288000,288300,288000,290700,287900,288900,291100,288100,288800,288500,319900,288400,288700,289800,288300,446600,287800,288500,287800,290100,287900,288200,289800,287900,287900,289900,288000,287900,287900,290300,288100,287900,289500,287900,288000,288500,289900,287800,288000,290300,288000,287800,287900,289800,287600,288800,290600,288600,288900,288500,290300,288700,288000,290900,289000,288100,288800,289100,288800,288400,290700,288800,288800,290500,288100,288500,288900,290800,288200,288100,307100,316800,304100,288200,321200,288600,287800,288800,287900,288600,288000,288200,288700,288800,288600,288100,288600,288200,288900,288300,288300,288900,287900,288600,288600,288800,288100,288400,288700,288900,287900,289100,288200,288900,288900,318200,288300,288700,288600,288600,288700,288200,287300,288300,288000,288300,287800,288700,288300,288300,289000,288600,288500,287800,288600,288600,288300,288200,380400,288700,288600,287700,288000,288100,288000,288100,288100,288200,288200,288000,287900,288000,287900,288400,287900,288400,288100,288000,288100,287800,288200,288500,287900,288500,288400,288600,288200,288000,288400,288600,288200,288700,288200,288500,288000,287800,288300,288700,288300,288800,288400,288100,288500,288200,288000,288300,288200,288300,288700,288300,288300,288200,336000,316300,288200,288100,289000,288600,288100,288500,288100,287900,288100,288600,288200,288600,288200,288000,288300,288900,288300,288800,288100
#W oneshot crc_kermit 64 2048 500
262100,262000,262100,262100,290800,262100,262500,262100,262400,262200,262000,262300,262100,262200,262000,262200,262100,262200,262000,262200,262200,262100,262300,262200,262100,262200,262000,262200,262100,262200,285400,298600,282900,295800,262600,262200,262000,262200,262200,263600,262100,262000,262100,262300,262200,262300,262200,262400,262300,262200,262500,262300,262200,262500,262300,262300,262200,262000,262200,262400,262500,262500,262100,262600,262300,262300,262600,262600,262800,262800,262400,262500,262200,262100,262200,262300,262000,262200,262100,262300,262200,262300,262100,261900,262100,262200,262500,262700,262300,297600,274800,262100,262000,262200,262200,262000,262100,262100,262000,262100,262100,262000,262400,262100,262200,262500,262300,262200,262300,262100,262000,262100,262200,262100,262000,262000,262300,262100,262500,262000,262100,262200,262100,263000,261900,262200,262300,262100,262200,261900,262200,262200,262300,262300,262200,262300,262200,262000,262100,262100,262300,262700,262200,262200,262000,262300,261900,262300,261900,332100,262100,262100,262100,262100,262200,262300,262000,262300,262300,262400,262700,262500,262500,262100,262000,278400,276300,262200,262300,262300,262000,262000,262000,262400,262100,262100,262300,262100,262600,262300,262300,262400,262100,262100,262300,262400,262000,262300,262500,262400,262300,262300,262200,262200,262400,262300,262700,262400,262100,262500,262200,262000,262100,262200,261900,262200,262000,262300,330800,286600,299700,304900,262500,262300,262200,264100,263000,262500,262200,262200,262100,262500,262300,262300,262200,262600,262100,262000,293600,262100,262300,262500,262400,262500,262600,262500,262500,262400,262500,262200,262300,262400,262300,262500,262200,262400,262400,262500,262000,262100,262500,262300,262700,262300,262300,262100,262000,262000,262100,262200,261900,262200,262000,262300,262100,262200,296900,262300,262500,262400,262400,262400,262300,262100,262000,262200,262000,262200,262100,262100,262100,262200,262000,262300,262000,262000,262400,262200,262200,262100,262200,310000,275500,262000,262100,262200,262300,262200,262300,262000,262300,262100,262200,262300,262300,262000,262000,262400,262300,262300,262300,261900,262100,261900,262200,262000,262100,262100,262300,262100,262400,262300,262200,262200,262100,287300,271900,270300,270300,270100,269900,270100,270000,270100,270300,270200,270100,270000,270500,270200,270300,270200,270000,270000,270400,270200,270300,270200,270200,270300,270100,269900,270200,270000,270100,270200,270100,270600,270200,270100,270300,270400,270900,270200,270100,270200,270100,269900,270100,270000,270400,270100,270200,270200,270100,270200,270100,270000,270200,270300,272900,270600,270000,291100,262000,262100,262000,262100,262100,262200,262200,262200,262000,262300,262200,262100,262400,262200,262200,262700,262200,262100,262200,262000,262100,262000,262200,262300,262100,262200,262300,262300,262300,262300,262600,262300,262100,262600,262300,262200,262200,262100,261900,262100,262000,262000,262100,262000,262100,262300,262400,262100,262100,262200,262300,262600,262200,262200,262200,262000,262100,262100,310200,263200,262200,262000,262300,262100,262400,262200,262100,262100,262300,262500,262400,262200,262200,262200,262100,262000,262100,262200,262200,262200,262100,261900,262400,262200,262200,262300,262100,262100,262400,261900,262400,262300,262100,262100,262100,262300,262100,262000,262200,262200,262200,262100,262200,262200,262100,262700,262600,262200,262400,262200,262000,262000,262100,261900,262100,262100
#W oneshot crc_dnp 64 2048 500
263600,263600,263700,263900,263600,263600,263500,263400,263400,263600,263500,263400,263500,263600,263500,263400,263500,263500,263500,263600,263700,263700,263600,263500,263600,263400,263400,263400,263500,263600,263600,263400,263600,263500,263500,263400,263500,263400,263700,264200,263600,263700,263600,263600,263400,263700,263600,263600,263600,263200,263700,263600,263500,263400,263600,305700,263400,263900,263600,263600,263400,263500,263500,263500,263500,263700,263400,263300,263500,263400,263600,263500,263600,263400,263600,263500,263500,263500,263600,263300,263400,263600,263600,263500,263600,263400,263600,263600,263800,263500,263500,263500,263600,263900,263700,263400,263700,263600,263500,263500,263500,263600,263700,263300,263700,263600,263700,263600,263400,263800,263400,263800,263800,263600,264200,296300,263500,263500,263700,263500,263400,263400,263500,263500,263600,263400,263700,263600,263600,263700,263600,263500,263400,263500,263400,263500,263500,293000,263700,263600,263700,263500,263700,263500,263500,263800,263700,263800,263700,263600,263700,263500,263400,263500,263500,263500,263500,263300,263700,263500,263600,263500,263500,263700,263800,263600,263900,263600,263600,263600,263500,263500,263600,291800,276800,263600,263500,263500,263600,263500,263500,263700,263700,263500,263800,263500,263600,263600,263500,263500,263600,263500,263600,263400,263600,263600,263600,263600,263500,263600,263500,263600,263700,263300,263400,263600,263500,263600,263600,263400,263500,263500,263500,263600,263600,263500,263800,263500,263600,264000,263600,263400,263600,263400,263600,263300,263500,263600,263700,263400,263500,263400,282600,280800,263700,263600,263600,263700,264000,263700,263700,263500,263400,263500,263500,263200,263300,263700,263500,263400,263400,263600,263500,280000,277100,263700,264200,263800,263600,263400,263300,263400,263400,263700,263500,263500,263500,263600,263700,263700,263400,263500,263500,263600,264200,263600,263600,263400,263500,263400,263600,263500,263300,263600,263400,263500,263500,263700,263300,263300,263300,294500,310200,267100,264700,266600,266300,338300,280300,265200,264100,264500,264700,263900,264300,264100,263800,264000,264500,264300,264600,263700,264900,264100,264000,264500,264700,322800,265900,281700,276100,278700,265600,264200,292200,264100,321100,336400,305400,264400,264400,264300,292700,264300,264900,285700,336100,286700,284100,264600,264700,264100,264400,264100,281500,278800,281500,331400,325800,290800,274600,299200,304000,278500,276400,263700,278400,376000,264400,264800,264900,264400,266000,264500,263900,264300,264400,322900,264500,263900,264100,264300,264400,264400,263900,264000,264500,264600,264700,264200,264700,263900,264200,264400,322700,265300,264400,295600,312300,307900,264400,263800,263600,333400,304500,306700,333700,321500,320900,264500,320600,264500,396800,279300,271700,271600,271600,271500,271500,271500,272000,271500,271800,271500,272100,284700,264500,263700,264500,263900,265300,288200,274400,285800,265500,265000,264300,282100,324700,273000,272000,299200,272900,273300,299400,273100,272000,299000,272600,280600,264200,314400,312000,274400,279300,277300,308800,284400,325900,274400,278400,357000,445800,310400,279200,271300,348800,472100,756100,446500,639200,864100,323300,274600,385100,291400,274800,282800,389900,296500,275600,274500,275000,276200,295800,295500,281700,276700,282800,264200,299300,274600,274600,274600,274700,274700,274600,274700,273100,272000,271700,272300,272100,272300,272200,272400,272100,273000,275500,273300
#W oneshot crc_sick 64 4096 500
221800,220700,221400,223400,222100,221900,220900,222300,224100,219300,218000,217500,217500,218300,242100,217500,343200,224600,228700,219900,221100,221300,221800,222700,221900,221100,219300,222600,218700,219500,219100,219000,219700,219000,219800,220000,221300,218700,218600,219200,218100,220000,217500,218900,219600,221000,219200,217900,218500,218300,219300,217800,217900,217600,219800,217800,218100,218300,218300,220900,217900,218200,218400,221100,218000,216600,218100,218200,220900,218000,218400,218700,220000,216400,219400,218400,217600,222400,218500,218100,218700,217800,233400,217100,218400,218200,221300,217300,218200,219400,218400,389300,216300,215900,216900,214700,214500,212000,212100,211200,215200,212400,210800,211900,210800,213500,210700,210600,210900,210700,213200,210600,210700,211200,214700,211400,211000,211200,212000,214200,211900,212100,212000,212100,215700,211000,211800,211000,215900,211900,211000,211600,212000,213900,211300,210900,211200,211200,213400,211200,212300,211500,211200,213600,223500,265700,264900,247600,236100,222400,293700,237900,224200,221200,305500,243200,315600,243300,224000,318200,221100,281900,292000,210500,210300,254200,322200,292300,245500,210500,254400,216900,217700,211200,211200,212200,292400,210600,210700,210600,211200,211000,213400,215900,214900,212800,212700,212300,211700,211800,211000,210700,210700,210900,211000,210800,210800,211300,211500,211100,210800,210500,210500,210500,210400,210700,210500,210500,210600,210300,210500,210800,210500,210500,211000,210700,210500,210700,210700,210800,210700,211700,210600,211000,210800,210800,211000,211100,210700,210300,210600,210700,210800,210700,210500,210500,210300,211900,211000,231800,463700,301200,228100,229300,225700,214100,215600,215400,215300,215400,214400,215100,213800,214400,215200,213800,215600,215700,213900,214100,213900,215200,213600,215500,215700,214400,215800,215400,214500,214400,215400,213800,215700,213600,215300,215400,215500,214800,214600,215900,215300,214800,215300,214000,216800,217500,216900,216900,216900,217200,217800,217100,217500,216600,217200,217100,217300,216700,217200,216800,217100,217300,217200,217000,216600,217300,216600,217100,259600,223400,218800,211200,212200,213500,288300,212700,212200,212700,211200,212400,212100,213200,212900,213700,213300,213700,212900,212300,214100,211100,213300,212800,213500,213100,212400,212900,213500,212100,213300,211100,213600,213400,305600,213100,211300,212300,213000,214100,212400,212300,213200,212500,211700,212100,213600,211900,213500,213500,213600,212600,213600,212800,212500,213000,213300,212200,212500,213200,213000,212700,213700,212400,212800,212600,212500,212300,213000,213500,213800,212800,254000,215900,269300,245400,223500,222700,224100,222400,221800,224800,222500,223100,223600,223200,225100,224300,223800,223500,225200,222700,223400,224200,222900,224500,210500,210500,210400,210300,210400,210400,210400,210800,210700,210400,210400,210700,210300,210600,210800,210700,210600,210800,210900,210500,211400,210800,211200,211700,210700,210700,210700,210700,210300,210300,210300,210400,211700,210600,210600,210400,210500,210400,210700,210600,210600,210500,210700,210900,210500,210700,211700,210800,233200,211500,210400,210600,210300,210400,210300,210400,210400,210800,210300,210300,210900,210500,210400,210600,210500,210600,210400,210600,210400,210600,210800,210500,210500,210500,210500,210600,210400,210600,210400,210700,210600,210400,210600,210600,210500,210800,210900,210700,210400,210400,210600,210800,210600,211800,210500,210500
#W oneshot checksum_NMEA 64 2048 500
288600,288200,288400,288300,288200,288500,288200,288800,288800,288400,288500,288700,288400,288300,336100,306000,293100,288600,288700,288400,288300,288400,289000,288600,288300,288800,288700,289000,288600,289500,288700,288400,288500,288300,288700,288400,288700,288600,288800,289200,288500,289000,289100,288700,289800,289200,288900,288900,288700,288900,288700,288400,288600,288700,288900,289400,288900,288900,288200,288600,288600,288500,288900,288600,288600,288300,288500,288400,353600,302700,302100,302600,302400,302500,302500,303300,302100,302800,302000,303100,302900,303400,302800,303500,302500,302800,302600,303000,302500,303000,302800,303300,291200,288500,288600,288400,288300,288400,288200,288100,288200,288300,288100,288700,288800,288400,289000,288400,288500,288900,288600,289200,288700,288500,288600,288300,288600,288500,288100,288000,299500,288300,288800,288400,288600,288600,288200,288800,289500,288500,288300,288500,288300,288300,288600,288600,288600,288400,288400,288200,288400,289500,311200,395300,303100,303600,302700,302700,303100,303700,303100,304200,302900,303600,303000,303200,302800,304100,303000,303400,303000,303300,303300,302700,288500,288200,288600,288100,288600,288900,288100,288600,288400,306400,288800,289100,445200,288900,288900,289000,288300,289800,288900,288700,288900,289200,292700,280100,279900,279900,280100,280300,280200,280000,279800,279900,280200,280000,280000,279900,280100,279700,280100,280500,280200,280100,279900,280300,280000,280700,280400,280400,280400,280800,281500,280500,280300,279900,279700,279700,280300,279900,280000,279600,280100,280000,280400,453600,308900,301600,400900,280100,280700,343100,288400,368700,340500,620500,361100,280000,279900,308300,334400,279900,280000,280200,280000,279800,280400,280100,279900,280000,280000,279900,280200,393800,365000,312500,280500,279900,282800,279900,279900,279900,281600,279800,280500,282500,280100,280100,280000,282600,280100,280500,282400,280000,280100,280100,282800,280000,280500,282500,280600,281100,279900,282600,280400,280300,279800,468600,305000,306500,280800,280500,280600,294500,280400,280700,284300,280200,280400,280400,283800,279900,279900,283200,279800,280100,280300,283200,280000,280000,333100,376800,280000,280000,282000,280000,280000,279900,281900,280100,279700,279900,282200,279900,279800,281700,280000,280100,279900,281500,280200,280300,282300,280100,280300,280400,282100,280100,280000,282200,279900,280300,280200,282100,279900,280000,281900,279900,280300,280300,282300,280400,280200,280000,281900,279700,280000,282200,280000,280200,279800,281600,279800,279900,326100,288800,299900,288900,280500,310200,280600,284800,281500,280300,287300,326900,280100,280100,280000,280000,279900,279800,279800,279800,279600,279900,280300,279900,279900,279800,279900,279900,280100,279800,308400,279600,279700,279700,280100,279800,280100,280200,279600,280300,279700,280400,280300,279900,280200,279900,280300,280100,280100,280400,280300,280600,328300,295300,295700,351700,281900,280200,280000,280600,279900,280100,280300,280600,280000,280000,343500,280100,280200,279800,279800,279800,280100,279700,280000,279900,279800,279900,279600,279900,280300,279800,279900,279800,279900,280200,279800,279900,280600,279800,280100,280200,280100,280200,279900,280100,280200,279800,279900,280200,280000,280100,279900,280100,279800,280200,280200,280900,280400,280000,279900,279700,279800,280000,280000,279900,279700,279800,279700,279900,280000,382700,327200,303700,298800,281000,281400,280600,280900,280800,281100,281300,327800,296900
#W oneshot crc_8 256 512 500
246400,246300,246200,246400,246400,246500,246500,246400,246300,246500,246600,246400,246100,246400,246100,246100,246100,246200,246500,246100,246300,246400,246400,246300,246800,246300,246700,246300,246400,246500,246200,246200,246500,246700,246500,246100,246400,246300,246500,246200,246300,246200,273300,291900,247400,246300,246600,262800,261400,246200,246200,246400,246500,246400,246100,246100,246300,246300,246300,246500,246400,246300,246400,246500,246500,246100,246300,246400,246300,246500,246600,246300,246600,246600,246500,246600,246400,246400,247000,246300,247200,246500,246900,247200,246300,246800,246400,246500,246500,246400,246500,246200,246400,246500,246100,246300,246200,246300,246100,246300,246500,246200,247300,276300,274200,271400,256200,255600,288100,246300,246300,246400,246400,246200,264300,258900,246200,246500,246000,246200,246400,246500,246900,246800,246500,246300,246700,246200,246200,246200,246300,246500,246100,246200,246600,246300,246800,246600,246600,246700,246300,246700,247400,246600,246900,246200,246500,246600,246200,246400,246400,246200,246300,246500,277500,246300,246500,246300,246800,246500,246400,247100,246500,246400,246500,246300,246100,265800,259600,255800,262700,247300,247300,246500,246800,246900,247300,247100,248000,287000,253600,253700,253900,253700,254400,254000,254200,263300,246200,246300,246400,246500,246300,246200,246200,246400,246500,246100,246300,246400,246300,246200,246500,246500,246300,246300,246500,246300,246200,246600,246100,246500,246300,246300,246200,246700,246600,246500,246600,246800,246600,247900,246400,246800,246700,246300,246500,246400,246300,246400,309200,246300,246100,246100,246300,246500,246300,246200,246500,246200,246300,246400,246200,246400,246300,246200,246200,246400,247000,246000,246200,246500,246100,246200,246500,246300,246300,246400,246700,246400,246700,246300,246200,246200,246200,246300,246500,246200,246400,246300,246300,246400,246200,246500,246700,246100,246300,246700,275400,246600,246700,246300,246200,246300,246100,246100,246300,246400,246500,246300,246300,246500,246700,349700,265900,246700,246300,246500,246700,246600,246600,247200,246400,246400,246400,246200,246200,246300,246100,246300,246300,246100,246000,246300,246200,302700,246700,246500,246600,246800,246500,246500,246200,246500,246300,246700,246500,246400,247000,246600,246600,246500,246600,247000,246500,246700,247000,246400,246900,246800,246200,246500,246600,246200,246400,246500,246600,246300,246300,246100,246300,246300,246500,246500,246400,275800,259500,246500,247000,246900,246200,246400,246000,246300,246100,246500,246400,246200,246500,246300,246000,246500,246500,246300,246400,246400,246400,246700,246300,246700,246500,246400,246300,246100,246400,246200,246200,246500,246200,246500,246800,246500,246300,246500,246700,246400,246400,246800,246400,246400,246400,246100,246100,246200,246300,246200,246300,246400,246300,246200,246400,246400,246100,246500,246500,246100,246500,246500,284200,261500,246300,246400,246300,246400,246400,246400,246300,246200,246400,246200,246400,246200,246400,246400,246400,246500,246500,246100,246500,246500,246200,246300,246500,246500,246500,246500,246100,246400,246500,246600,246300,246500,246400,246500,246300,246800,246300,246600,246300,246300,246400,246600,246300,246100,246400,246500,246300,246600,246200,246400,246400,246200,246500,246400,247000,246700,246300,246200,246200,246200,246400,297200,286900,246300,246100,246400,246100,246300,246200,246100,246200,246100,246200,246100,246300,246300,246300,246200,246400,246200
#W oneshot crc_16 256 512 500
338700,345900,345900,345800,345100,346100,345800,345500,345900,345600,344900,345000,345900,345400,345600,345200,345300,345400,345600,345800,345100,344900,344600,345600,345400,345400,350800,384500,345600,345200,345200,345100,345900,345800,346200,345400,345200,345200,345300,345200,344900,345800,345600,345400,345200,345700,346000,346100,345600,345500,345400,345200,345400,345700,345200,345200,345300,346000,345700,345000,346100,345100,345400,345500,345400,345100,345100,344800,345000,345200,345400,385000,359300,344900,345300,345300,345300,344900,344800,345000,345500,345100,345200,344800,345200,344600,345400,345300,345300,345200,345100,345100,344800,345700,345000,345300,345300,345700,345000,345300,345100,345800,345700,346300,345200,345400,345400,345100,344600,344800,345400,345600,345200,345100,345500,346100,350400,384700,345400,345600,345500,345600,345400,363000,358300,345400,346100,345100,345300,345100,345300,345100,345300,345000,345100,345500,345500,345300,345400,345400,345000,345900,345200,345700,345700,345500,345200,345200,345100,345200,345400,344900,345100,346200,346000,345200,345600,345400,345100,345800,345200,380300,362000,344900,345100,345700,345800,345100,344800,345500,344800,345000,344800,345000,344800,345400,345300,344800,345000,345600,345400,345600,345600,345600,345700,346200,345400,345200,345300,345000,344900,345100,345000,345000,345600,345300,345600,345400,345300,345500,345000,345700,345200,344900,345100,345400,365400,358500,345700,345800,344900,345200,345900,345100,345600,345000,344900,345200,345100,345200,345100,344900,345800,345400,345500,344900,345600,345000,345200,345600,345100,345000,345000,346100,345400,345600,345300,345300,345800,345600,345600,345300,345000,345400,344800,345200,345100,401600,365600,345500,345100,371700,407300,358100,361400,360600,359300,368200,345300,346000,345200,345600,345100,345100,346100,345500,345800,345300,345100,345600,345100,345300,345600,345400,345300,346000,345800,346000,345900,345800,345200,345900,345300,346500,345300,345400,345700,345200,345300,345000,345400,345300,345300,345200,406900,345500,345100,345800,344800,345300,344800,345300,345100,345400,345500,345300,345200,345400,345100,345500,345600,345500,345500,345300,345300,345200,345200,345200,345200,345300,345400,345100,375100,345200,345000,345500,345100,345100,345800,345200,345800,346000,345000,345400,345200,345400,345300,344700,345800,386200,368700,444000,356500,357500,358200,357000,357700,357800,358200,357900,359800,360900,368600,347900,368200,359700,347200,347200,346300,346200,346600,346000,478200,355900,356100,359400,357900,404800,395700,1727200,373900,375300,345200,344900,345200,345500,345000,345100,345400,345200,345600,345800,345700,345900,492600,357300,357300,367600,355800,356200,360300,366300,351000,345200,345200,349100,345500,345000,350000,345300,345200,349400,345100,345200,378100,345300,345500,357300,345800,348900,346000,345300,351600,345400,345900,349300,345800,345100,349700,344900,345400,349500,345000,345600,349200,345500,346000,349000,345200,345200,409500,496400,355900,355900,358100,355700,355700,357100,356000,355800,357700,355400,355700,356800,355600,357300,355800,355900,357600,355400,355800,357300,355500,356100,357700,355600,356000,358000,355900,357900,355500,355900,358100,356300,356400,358000,355900,356000,357900,355700,355600,358100,355400,380800,371000,360700,349300,376100,345300,370400,355600,355400,356500,355500,356000,355200,356300,356200,355200,355700,355500,355600,355500,355900,355700,355700,356400,356700,356700,355800
#W oneshot crc_modbus 256 512 500
348800,356100,355200,355700,355200,356000,356000,355900,355600,355200,355900,355100,355400,355300,355700,355900,355800,355500,422200,355500,355200,355100,355700,355300,355700,356000,355900,355500,356000,355300,355600,356000,355800,356000,355400,355900,356100,355600,355200,355000,355600,355600,355800,355500,356000,355900,355600,356600,356100,356200,355800,355600,355200,355600,355900,355600,355900,356000,356200,355900,355700,360600,370800,356100,356300,355900,355500,356000,355800,355500,355700,355900,356000,355600,355600,355800,356000,356000,355600,355300,355600,355900,356000,355400,355800,356000,356400,356200,356300,355800,357300,356000,355500,355700,355900,355600,356000,356000,355500,356000,355800,356100,356000,356100,356800,375400,355900,357800,357800,356600,356900,357400,358300,357500,358600,356900,357900,359400,358100,356700,355800,355800,355500,355600,356100,356300,355200,355700,355500,356100,355800,355800,355600,356000,355400,355800,355700,355800,356700,356000,355900,355900,356200,355800,356000,356400,356400,356000,355700,364500,358500,357300,359100,359300,356000,355700,356400,355700,368300,346000,345500,346000,345600,345500,345500,345200,345400,344900,345800,345900,345300,345700,345300,345600,346000,345400,345600,345100,345600,375400,345700,345400,345900,345200,345700,345200,345000,345300,345700,346200,345100,345600,345000,345100,402000,345000,345400,345200,345400,345000,345500,345300,345100,345800,345300,345500,345800,345100,345000,344800,345800,345100,345000,345200,344900,345200,345000,345900,345500,345200,345700,345400,345400,345000,345400,344700,345700,345200,345100,345200,345700,345700,345400,345400,345700,345200,345100,344900,345500,396300,373200,455400,355400,357000,398000,365700,384700,456300,393000,389100,345200,361900,432500,428800,363800,377000,345200,346000,346900,345000,345100,346800,345300,345700,347000,345600,344800,347800,345100,345100,347600,345400,345100,347000,345600,345300,347300,345300,345500,347000,345100,347800,345300,345600,346600,345400,345200,347000,345200,345100,347700,345300,345400,347600,345200,344700,377400,345200,345500,347900,489000,358000,344500,351800,345100,344900,350100,345100,345200,348900,344700,345200,348700,345000,345200,348400,345300,345700,348400,344900,349300,345100,345000,358200,345200,345400,350000,345100,345400,348800,345400,345300,349600,345100,345300,349800,345100,345000,349000,345100,345100,349000,345000,349400,344800,345400,378500,388900,345400,350600,345300,345100,392800,345300,338500,345400,345200,345200,345400,345200,345000,345300,345600,345300,344900,344700,345100,345100,345100,345000,345400,345300,345200,345500,345300,345500,374800,345700,344900,345300,345300,345400,345100,345300,345000,345300,344900,345400,345900,346400,345300,345200,345300,345000,344900,345700,345300,379400,345000,345400,345100,345600,344800,345300,345300,345300,344900,344400,345000,344800,345100,345000,345000,345300,345100,345700,345900,345500,345600,345200,345200,345700,344600,345400,344900,345100,345300,345100,345200,345600,345300,345500,345400,345900,344900,344800,345000,345000,345300,345100,345300,345300,386600,537100,365000,345600,345800,345700,345700,345800,346000,345900,345200,345200,345600,345500,345200,345200,345400,345200,345400,345000,345300,345300,374100,345400,345300,345300,345600,346200,346300,346100,345000,346100,345300,345800,345400,344700,345100,344700,345200,345900,345500,345700,345000,345400,374100,373000,379700,345600,346000,345600,345300,345700,345600,345300,345300,345600,345800,345100
#W oneshot crc_32 256 512 500
300500,301000,300500,300900,300600,300400,300700,300600,300700,300700,300700,301000,300800,301000,300700,300600,300500,300400,300400,300600,300600,300400,300600,300500,300800,300500,300600,300600,300700,301100,300600,434500,321700,300900,300800,300600,300700,301000,300700,300800,300600,300600,300500,300400,300600,300800,300900,300600,300500,300500,300400,300600,300500,300600,300500,300800,300700,300800,300600,300900,300600,301100,301100,301000,300800,300600,300600,300700,300500,300600,300600,300600,300600,300700,300600,300600,300500,301600,301000,300800,300500,300500,350600,300400,300600,300700,300500,300500,300600,300600,300600,300700,300600,300800,331400,300700,300700,300700,300600,300600,300700,300600,300600,300400,300500,300900,300400,300700,300500,300800,301100,300600,300900,300800,300400,300600,300500,300600,300800,300500,300600,300800,300500,300600,300700,300700,301000,300800,300600,300400,300500,300600,300600,300500,345800,319400,301200,300800,300900,301000,301100,300700,300800,300800,300800,300600,300400,300500,300500,300800,300500,300600,300500,300600,300400,300900,300600,300700,301100,300700,300700,300600,300600,300600,301300,300900,300600,300700,300800,301100,300800,300500,300800,300700,301900,300600,300700,300500,300500,300600,300500,300800,300500,300500,300600,344700,345300,300600,300600,300600,301100,300700,300500,300600,300500,300600,300700,300700,300600,300500,300700,300600,300600,300400,357300,300700,300900,300900,300700,300800,300500,300700,300800,300700,300800,300500,300600,300900,300700,300500,300800,300700,301400,300800,300800,300500,300500,300500,300500,300500,300500,300600,300500,300800,300900,300800,300600,341100,301400,300600,300500,300400,300500,300400,300500,300600,300500,300600,300500,300600,300700,300400,300900,300700,300900,300700,300700,300600,300400,300500,300600,300400,300700,300600,300500,300600,300800,300700,300700,300900,301000,300600,300600,300700,300600,300400,300600,300600,300600,300600,300400,300800,300600,330300,300700,300600,300900,300600,338200,319300,300600,300500,300700,300700,300600,300600,300500,300900,300600,300600,300700,300600,301000,300700,300500,300600,300600,300700,300500,300400,300600,300600,300600,300700,300600,300900,300800,300700,301000,300900,301100,300700,300500,300500,300600,300600,300600,300700,300500,300900,300600,300600,300600,300700,301000,300400,300600,300400,300500,300400,339200,313500,300600,300600,300500,300900,300700,300800,300500,300700,300800,300600,300800,300700,300500,300600,300600,300500,300600,300400,300600,300700,300500,300800,300700,300900,300700,300700,300500,300500,300400,300600,300700,300500,300700,300600,300800,300800,300600,300600,300600,301100,300800,300700,300600,300500,300500,300500,300400,300500,300500,300600,346600,300500,300500,300600,300500,300900,300500,300700,300600,300500,300500,300500,300500,300500,300500,300600,300600,300700,300500,300800,300600,300600,300600,300600,300600,300600,300500,300600,300500,300500,300500,300600,300700,300900,300600,300700,300700,300900,300700,300800,300600,300500,300500,300500,300600,300500,300800,300600,300800,300500,300500,327200,314400,300700,300600,300600,300700,300500,300500,300500,300600,300500,300600,300600,300600,300600,300500,300600,300700,300700,300500,300700,300500,300400,300600,300600,300500,300600,300400,300600,300600,300500,300700,300600,300600,300700,300600,300600,300500,300400,300500,300600,300700,300500,300600,300600,300600,300500,300600,300900,300500,301000,300600,345100,300500,300500,300500,300500
#W oneshot crc_64_ecma 256 512 500
307100,307200,307100,307300,307300,307200,307100,335800,307100,307300,307100,307400,307200,307200,307200,307200,307100,307200,307200,307700,307200,307300,307200,307100,307300,307200,307300,307300,307200,307100,307300,307200,307600,307200,307900,307400,307200,307200,307200,307200,307300,348400,307200,307100,307300,307100,307200,307200,307300,307400,307800,307200,307200,307100,307100,307100,307200,307100,307200,307200,307200,307200,307200,307200,307400,307400,307600,307200,307300,307000,307300,307100,307300,307400,307200,307200,307300,307200,307400,307300,307500,307700,307300,307200,307400,307100,307200,307200,307300,307400,307200,357300,307300,307200,307100,307300,307200,307400,307200,307200,307300,307100,307100,307300,307200,307200,336400,307200,307400,307200,307300,307300,307600,307200,307200,307100,307600,307300,307300,307300,307400,307200,307300,307500,307400,307400,307500,307700,307900,307200,307400,307200,307200,307200,307100,307100,307200,307300,307200,307300,307200,307300,350400,307500,307600,307500,307300,307200,307200,307200,307200,307200,307200,307200,307300,307200,307200,307500,307300,307400,307300,307300,307100,307200,307300,307200,307700,307300,307100,307300,307500,307200,307400,307400,307600,307500,307200,307200,307200,307200,307200,307200,307200,307200,307300,307300,307200,307300,307300,307200,307500,307200,343500,319900,307200,307200,307200,307300,307300,307200,307100,307400,307300,307200,307300,307500,307300,307300,307300,307100,307100,307200,307000,307300,307300,307400,307200,307500,307200,307200,307300,307600,307500,307300,307200,307300,307300,307100,307300,307300,307100,307300,307400,307300,307400,307400,307200,307800,307300,307300,307200,307100,307300,347300,307300,307100,307300,307100,307200,307300,307100,307200,307300,307400,307300,307300,307300,307200,307200,307100,307100,307100,307200,307200,307200,307200,307200,307400,307700,308000,307400,307100,307200,307200,307400,307400,307200,307300,307300,307300,307100,307300,307400,307500,307700,307200,307100,307200,307000,307300,307100,307300,307200,307300,360800,310300,381300,326000,338800,309900,393100,324700,343200,321100,307500,307200,309500,307300,307400,308900,307100,307200,309000,307100,307100,309100,307300,307300,307400,309100,307200,307300,309600,308200,307400,309200,307500,307300,309900,307300,307800,307600,310600,307400,307500,309100,307200,307200,309400,307200,307200,309300,307200,307200,307300,416400,307100,310600,326100,317900,316700,319000,316600,320600,383200,370700,349900,307100,364700,368900,326200,307500,307400,351900,350200,308200,308000,307300,307100,307400,307600,307300,307300,307100,307100,307200,307300,307500,307400,307900,307300,307900,307500,307600,307700,307400,307600,307300,307600,307500,307500,307300,307400,307400,307300,307300,307300,307900,307300,307200,307200,307200,307200,444600,373600,424200,337900,307000,309500,307200,307200,307400,307300,307400,307600,309400,307100,307700,309100,307100,307200,309000,307200,307100,309200,307200,336700,307700,309400,307700,307500,309300,307300,307400,309100,308100,307700,309100,307400,307200,307500,308900,307400,307400,309600,307700,307300,309100,307300,307100,325500,322800,309300,312000,307300,307500,417600,325500,307100,307100,314200,307200,307200,309200,307000,307200,308800,307000,307200,307200,309000,307200,307100,308900,307300,307100,309100,307300,307300,309100,307300,307200,307200,309800,307300,307200,309400,307500,307400,309100,307500,307300,310200,307500,307400,307200,309100,307300,307200,309100
#W oneshot crc_64_we 256 512 500
361000,307600,307600,310800,335600,307700,355100,320200,307500,307600,307700,307600,307600,307600,307600,307500,307700,307500,307800,307500,307700,307700,307500,307600,307800,307600,307900,307500,307700,307800,307700,307900,308100,364600,308500,307700,307600,307600,307600,307700,307700,307800,307600,307700,307600,307900,307600,307800,307900,308100,307900,307700,307600,307800,307500,307600,307600,348100,323000,307500,307600,307500,307500,307500,307600,307600,307500,307600,307700,307600,307400,307600,307500,307600,307500,307500,307600,307600,307600,307600,307700,307600,307600,307700,307600,307500,307600,307700,307800,307700,307600,307700,307800,307700,307800,307800,308300,307800,307800,307600,307500,307600,307600,307600,307600,307500,307700,393400,352100,341200,307600,339400,308300,308400,307900,307600,307700,307500,307700,307600,307500,307700,307600,307800,307700,307600,307800,307900,308000,307800,307700,307900,307800,307700,307700,307700,307800,307800,308100,308100,307900,307900,307700,322700,324600,307800,307700,307600,307500,307700,307700,307600,307700,307500,307700,307600,307700,354900,322100,307800,307600,307700,307800,307600,307600,337300,307700,307600,307500,307600,307500,307600,307700,307700,307600,308100,307600,307700,307800,307500,307600,307700,307700,307800,307600,307800,307800,307900,308000,307700,308100,307900,307700,307600,307500,307700,307700,307700,307600,307800,307500,307800,307500,307800,307800,308000,308100,307600,347800,336300,355000,307600,307500,307600,307700,307600,307700,308000,338100,307700,307700,308100,308200,307900,307600,307600,307600,307900,307800,307700,307600,307800,307700,307900,307800,308000,307900,308400,308100,308000,307700,307500,337400,307700,307800,307500,307800,307600,307700,307700,307700,307800,307800,308300,307700,307800,307700,307500,402600,307600,307600,307600,307500,307500,307600,307500,307600,307600,307500,307500,307600,307500,337400,307500,307500,307600,307600,307500,307600,307500,307600,307500,307700,307700,308000,307700,307700,307600,307600,307500,307700,307700,307600,307700,307600,307900,307600,307900,307700,308400,307800,307600,307600,307500,307500,307600,307600,307600,343400,307800,307700,307500,307600,307700,307600,308000,307600,307700,307500,307400,307600,307700,307800,307800,307600,322000,323600,307700,307600,307900,307700,307900,307800,307700,307700,307600,307600,307600,307900,307600,307700,307800,307600,307700,307700,307900,307900,307700,308000,307600,307400,307600,307600,307700,307600,307500,307700,307800,307500,366600,308800,346400,334800,326400,307700,307600,307700,307900,307900,308000,364700,308700,307700,307600,307600,307900,307900,307600,308600,365200,308100,308000,307700,307800,307800,308300,307800,307900,308000,308100,308200,308400,308700,308000,309400,308200,307600,308200,307700,307700,307600,307800,307700,307800,307500,307800,307900,307800,369200,317800,318000,384500,317000,317200,340800,320200,348900,374600,366100,343700,322800,307700,337300,307800,307900,307700,307800,308200,308300,307700,308000,437500,336400,317700,336500,318000,317000,322100,317100,317700,317900,321300,321600,308100,313100,307900,307500,311900,307900,307800,311300,307600,307600,311200,307700,307700,307700,311200,307700,308000,312400,307800,307700,312600,308100,307600,312300,307700,307500,307900,312400,307800,307600,311800,307500,308300,312100,307700,307600,311700,307500,307600,513900,317300,416100,320500,307500,310600,307900,307600,310100,307700,307600,307700,309400,307600,307600,309300,307500,307700
#W oneshot crc_ccitt_1d0f 256 512 500
333700,335500,333900,333700,335400,333800,333700,335500,333800,333800,335600,333800,333700,335500,333700,333800,335400,334100,334000,335500,333700,333700,348800,333800,333900,420000,333800,334000,335900,362500,363900,363800,333800,334000,333800,333700,333700,333800,333700,333900,333900,333700,333700,333900,333800,334300,334100,333900,334200,333900,362500,334200,333800,333900,333800,333900,333900,333800,333900,334000,334500,334300,333800,333800,333800,333700,333700,333900,333800,333700,333900,333800,333800,333800,334000,334000,333800,369700,347500,354200,335500,334700,334600,334600,334000,333600,333900,333800,333900,334100,334200,334100,333900,333800,333700,333800,333800,333800,333700,333900,334000,333800,334200,333800,334700,333800,334200,334100,333900,333900,333900,333900,333900,333900,333900,334100,333900,333900,334200,334400,333900,333700,333800,333700,374800,362400,333700,351800,346300,333800,333800,334000,333900,334100,333900,333900,334000,333600,333900,333900,333800,333700,334000,334100,333800,334100,334400,334400,334100,334000,333900,334000,333900,334000,334000,333800,333900,333700,334100,333800,334000,334100,334300,333800,333800,333800,333700,333800,333700,333800,357900,357600,397500,349900,334500,334000,333900,366000,335200,333700,333800,333800,333800,333900,333800,333700,333800,333900,333900,334000,334300,334300,334100,334000,333900,334000,334000,333900,334600,333700,334100,334200,334500,333800,333700,334000,334500,333900,333800,333800,333800,333700,334100,334000,333700,333700,361200,380600,333900,333900,334000,334800,333900,333900,333800,333700,364600,334000,333800,333800,333800,333800,333800,334200,333900,334600,334100,334000,333900,333800,334000,334000,333900,334100,333900,334100,334100,334000,334100,334100,334800,334000,333900,333800,333800,333900,364400,334200,333800,334000,334700,333900,337800,368800,334000,333800,333800,333900,333800,333700,333700,333800,333700,333900,333900,333800,334100,334200,334000,334200,333900,333900,333800,333800,333700,333900,333700,334000,333900,334100,333800,334000,333900,334300,333700,334000,333700,333700,333900,333800,333900,333900,333700,333900,333700,333900,333800,334400,333800,385300,333900,333700,333800,333700,333800,333700,333900,333800,333800,333900,333700,334200,334500,333900,333700,334600,333800,333800,334000,333800,333800,333900,334000,333700,334100,333700,334100,333700,334000,333900,333700,333800,333800,333900,333700,333700,334100,362700,334100,334100,334200,333700,333900,333700,333700,333600,373200,333900,333800,333800,333800,333800,333800,334000,333800,334100,334000,333700,333800,333700,333900,333800,333700,333800,333800,391800,333900,333700,333900,334200,334000,333900,333700,333800,333700,333700,333800,333900,333700,333900,334100,333900,334000,334500,333800,333800,333800,333700,333800,333800,333900,333700,390500,334200,333800,333700,333900,333700,334100,334000,333900,333800,333700,333700,333800,333800,333700,333800,334000,333900,333900,333900,333900,334000,333800,333800,333700,333800,333800,333900,333900,333800,333800,334000,333800,334000,333900,334300,333900,333800,333700,333900,333800,333700,333800,333800,333800,333800,351700,348900,333900,334100,333800,333800,333700,333700,333700,333800,333900,333700,333900,333800,333900,333900,334000,334000,333900,334000,333800,333700,333800,333800,333700,333700,333700,333700,333900,333700,334000,334000,334300,333900,333900,333800,333600,333800,333700,333800,333900,333700,333900,333800,333900,333700,334100,362500,355700,333800,333700,333700
#W oneshot crc_ccitt_ffff 256 512 500
333700,333700,333900,333900,334100,333800,333700,333800,333700,333800,333700,333700,333700,333800,333800,333800,333800,334200,333900,334000,334000,333800,333600,333800,333800,334000,333900,333800,333800,333900,333800,333900,333900,334200,333900,333800,333700,371500,333800,333800,333800,333700,333700,333900,333700,333600,333900,333700,333900,333700,333700,333700,333800,333900,333900,333800,333800,333800,333900,333900,334100,333800,334200,333800,334000,333800,333800,333800,333700,333700,333700,333900,333900,333900,333700,333900,333900,333800,333800,333600,333700,333700,333700,360300,344200,344100,344000,343700,344000,344000,344500,344000,344100,343900,343700,343800,343800,344000,343700,343900,343900,344000,343800,343900,344100,344100,344000,343900,343900,343800,344200,344100,344000,344000,343900,344000,343900,344000,344200,344700,344100,344000,344000,343800,343900,344000,344100,343900,348500,427700,432500,333900,334100,334400,334300,333800,333900,333700,363100,333800,333900,333900,333700,333800,333900,333800,333900,333900,334800,334000,334000,334000,333900,333800,333800,333700,333900,333800,334200,333700,334000,333900,334500,334000,334200,333800,333800,333700,333900,333800,333800,334000,333900,333800,366900,346900,333800,334100,333800,333800,333700,333700,333600,334000,333700,333800,333700,333800,333700,333800,333800,334000,333800,333800,333700,333800,333700,333800,333700,333700,333700,334000,334400,333900,333800,334300,333900,333900,333700,333700,333700,333700,333900,333600,334000,333700,333700,333800,333700,334000,334000,374900,333800,333700,333700,333800,333700,333700,333700,333700,333700,333800,333800,333900,334100,334000,334100,333600,333800,333900,333600,333800,333700,333800,333900,333700,333900,334000,334400,334000,334100,333800,333700,333800,333800,334000,333800,333800,334000,333900,333900,334000,333900,334300,334000,333900,333700,333700,369700,333800,333700,333800,333700,333900,333800,333800,333800,334000,333600,333900,333800,333700,333700,333600,333700,333700,333800,333700,333600,333800,334000,334700,333800,333900,333800,333600,333600,333900,333800,333700,333800,333900,333900,333900,333900,333900,334000,333700,333800,333700,333700,333800,333700,333900,357600,347800,333900,333900,333800,333800,334500,334200,333800,333700,333800,333800,333800,333800,333800,333800,333800,333700,333800,334000,334000,333900,334000,333900,333900,333900,334000,334000,333900,333800,333700,351800,347500,334000,333900,334100,333900,334200,333700,333700,333800,333600,333800,333700,333900,334100,333600,371500,334000,333900,333800,333800,333800,333600,333700,333700,333900,333900,333800,333900,333900,333700,334000,333800,334200,334100,333800,333700,333700,333800,333800,333900,333700,333800,334000,333900,333800,333900,334200,333800,333900,333700,333800,333700,333800,333700,333900,333700,333900,333600,333600,334000,334400,369400,333800,333700,333600,333800,333700,333800,333700,333800,333600,333600,333700,333700,333900,334000,333900,333800,333800,333800,333700,333800,333700,333800,333800,333900,333700,334400,333900,334000,364200,334100,333700,333800,333800,333700,333800,333800,333800,333800,333800,333800,333700,333900,334000,333800,333700,333700,366100,333900,333900,333700,333900,334000,333600,333700,334100,333700,334100,333900,333900,333700,333900,333700,333900,333800,333800,333800,334100,333900,333900,334000,334200,333900,333800,333700,333800,333600,333900,333800,333800,333600,333800,333800,333800,333800,334500,333700,333900,333700,333600,333800,333900,333800
#W oneshot crc_xmodem 256 512 500
333700,333900,333800,333700,333700,333700,333700,333700,333700,333700,333700,333700,333700,333600,333900,333900,334100,333900,333800,333800,333700,333800,333800,333800,333800,334000,333900,333700,333700,333700,334400,333700,333800,333700,333600,333700,333700,333900,333900,334000,333700,333700,397200,334300,334300,333900,333700,333600,333700,333700,333700,333700,333800,333800,333700,333800,333700,333900,333700,333800,333800,333800,333700,333700,333800,333600,334000,333900,333600,334000,333800,334100,334000,334300,333800,334000,333700,333700,333800,333900,333800,333800,333800,333700,333700,333800,333800,334000,333800,437200,333700,333700,333700,333700,333800,333700,333700,333700,333800,333800,333800,333800,333800,333700,333700,333800,333700,333700,333700,333800,333700,333700,333900,333700,333900,333800,334300,333800,333800,333700,333700,333800,333700,333800,333800,333900,333900,333900,333800,333800,333900,334100,333900,333700,333600,359500,348900,335000,334400,333900,334200,334200,334400,334400,334000,335000,334100,334500,334100,333800,333700,333800,333700,333600,333700,333600,333700,333800,333900,333900,333900,334000,333600,333800,333800,333800,334000,333800,333800,333900,333900,333800,334000,334000,334700,334000,333900,333700,333700,333700,333800,333800,440400,333800,333800,333900,333800,333800,333700,334000,333900,333900,333800,333700,333700,333900,333600,333700,333900,333900,333800,334100,334000,334700,334000,333800,333700,333800,333900,333900,333900,333900,333700,333800,333700,334200,333800,333900,334000,333900,333800,333600,333700,333700,333800,333700,333900,333700,384700,370600,369700,411200,336700,351700,396600,355700,333700,333700,333800,333700,333700,333700,333700,333700,333700,333800,333900,333700,333800,333800,333700,333700,333600,333800,333700,334100,333800,334300,334000,334200,334400,334600,335600,333900,333900,333700,333800,333800,334100,333800,333800,333800,334000,333900,455100,344000,450500,333800,334400,396300,374700,424300,466900,386300,377700,333700,333600,420500,333900,333900,333900,334000,334100,333900,333900,333700,333700,333700,334000,333800,333800,333900,334100,472000,482200,447600,359400,333900,340100,333800,333600,337400,333700,333800,337200,333700,333700,337300,333700,333700,337500,333600,333700,337400,333800,333700,337300,333700,333700,337300,333700,333800,337500,333700,333900,338700,334000,333800,337600,333700,333700,337300,333700,333800,346300,333800,333700,337800,333700,334000,367100,346500,478000,333700,333700,364100,333800,333800,364700,334300,333800,336600,333700,333700,335900,333800,334100,335500,333700,333700,335400,333800,333800,335500,333900,333900,335400,334000,333800,335900,334100,333900,335700,333900,333900,335900,333800,333800,335700,333800,333900,335600,333800,334100,400500,334600,364200,333900,333800,363300,334800,333800,393600,333900,334000,333900,333900,334100,333900,334200,334000,333700,333800,333800,333800,333900,333800,334000,334100,334000,333800,334100,333900,334700,333900,333900,333800,333900,333700,334100,333800,334500,333800,334000,333800,333800,334100,334000,334600,334000,333800,333700,333800,333700,333900,333900,333800,333800,333900,374600,387400,344200,345900,347400,347200,354200,335200,364800,333800,334000,334000,333900,333800,334000,333700,334000,333900,334000,334100,334100,334000,334000,333900,333800,334200,333900,334100,334000,334400,334100,334200,334000,335000,334400,333800,333800,333700,333800,333800,333900,333800,333800,333800,334100,333800,369300,334200,334200,333800,364800
#W oneshot crc_kermit 256 512 500
298200,298300,298200,298100,298300,298300,298300,298400,298200,298300,298300,298300,298300,298300,298400,298300,298200,298200,328000,298400,298500,298400,298600,299000,298400,298500,298400,298300,298400,298300,298600,298500,298300,298400,298600,298400,298200,298300,298300,299000,298500,330500,309200,310000,309000,308200,319200,299000,299100,329100,298500,298500,298200,298500,298300,298200,299000,298500,298600,298200,298300,298300,298400,298300,298400,298400,298400,298700,298200,298300,299000,298600,298900,298600,298500,298500,298400,298400,298400,298400,298400,298200,298400,298500,298400,298300,298400,298400,299200,298200,298500,298300,298300,330100,320900,333500,298300,298500,298300,298500,298700,298300,298600,298400,299100,299900,298600,298600,298300,298300,298400,298300,298400,298300,298400,298200,298600,298600,298700,298800,298500,298700,298400,298600,298500,298300,298300,298500,298300,298300,298400,298500,298400,298200,298400,298400,298400,298900,298400,298400,298400,298300,298200,298300,298500,354400,298200,298300,298300,298400,298200,298400,298400,299000,298300,298300,298200,298200,298200,298300,299000,298200,298300,298300,298400,298400,298400,298500,298300,298900,298400,298700,298500,298300,298200,298500,298200,298300,298300,298400,298400,298600,298300,298300,298300,298600,298500,298300,298300,298200,298300,298200,298400,298200,298400,298300,298500,328700,321200,312100,317500,302600,331300,298900,298800,298400,298400,298300,298400,298300,298300,298300,298200,298300,298500,298800,298500,298400,298800,298300,298500,298400,298500,298300,298500,298800,298400,298500,298600,298700,298700,298400,298700,298500,298600,298600,298400,298500,298400,298200,298400,298300,298300,298400,298300,298400,298400,298200,298200,358900,298500,298800,298400,298400,298400,298300,298100,298200,298300,298100,298300,298300,298300,298400,298300,298400,298300,298400,298200,298300,313400,314400,298200,298400,298400,298200,298200,298300,298200,298800,298300,298600,298600,298500,298500,298300,298400,298400,298200,298300,298700,298300,298300,298300,298400,298400,298300,298200,298600,298600,298600,336900,360200,321100,299700,299000,298600,299600,298800,299200,299100,299500,298600,298300,298600,298800,298900,298700,298700,298600,298200,298300,298400,298300,298400,298300,298500,298500,299000,298400,298600,298900,298800,299100,298500,298800,299000,298300,298300,298600,298600,298400,298600,298300,298300,298500,298400,298300,298500,298900,327500,298600,340100,312800,298300,298300,298300,298400,298200,298500,298200,298400,298100,298400,298300,298700,298400,298500,298600,298200,298200,298400,298200,298300,298100,298600,298700,298300,298400,298700,298500,298800,298400,298400,298600,298300,298300,298400,298400,298300,298200,298600,298500,298200,298300,298200,298500,298800,298300,298500,298400,298200,298100,298200,307900,373800,307400,316600,298700,298600,298700,298400,298900,298600,298700,298600,298600,298400,298300,298400,298300,298300,298100,298300,298200,298400,298400,298200,298300,298400,298600,298400,298500,298400,298600,298300,298600,298600,298700,298300,298600,298500,299100,298500,298400,298300,299200,298500,298500,298400,298300,298300,298300,298200,298200,298200,354400,316300,298300,298100,298300,298200,298300,298200,298400,298300,298300,298400,298200,298100,298200,298300,298200,298200,298400,298200,298400,298200,298800,298400,298400,298200,298200,298300,298200,298300,298200,298400,298300,298400,298400,298400,298500,298400,298600,298400,298200,298200,298200,298200
#W oneshot crc_dnp 256 512 500
300200,300200,300000,340900,309800,310800,317900,301700,301100,300600,301300,301500,300400,300300,300300,300200,300200,300200,300400,300400,300300,300300,300300,300200,300900,300100,300300,300200,300400,300400,300200,300400,300300,300800,300200,300500,300800,300500,301300,300600,300400,300500,300100,300300,300400,300300,300200,300300,300200,300500,300300,300400,300500,300200,300500,402100,300200,300300,300100,300200,300300,300100,300100,300200,300100,300400,300100,300200,300000,300400,300200,300000,300100,300100,300200,300000,328700,300500,300200,300300,300200,300100,300300,300400,300100,300600,300600,300300,300300,300200,300200,300200,300100,300400,300200,300400,300400,300400,300200,300500,300500,300900,300300,300400,300300,300300,351400,300200,300300,300100,300200,300300,300200,300300,300300,300300,300300,300400,300500,300100,300400,300300,300300,300200,300200,300200,300400,300200,300200,300200,300400,300400,300300,301000,300100,300300,300300,300300,300200,300300,300200,300300,300200,300300,300400,300200,300500,300400,300400,300600,300300,300200,300200,300300,300100,300100,300000,300100,356200,301200,300200,300300,300300,300200,300200,300700,300300,300500,300300,300200,300300,300300,300100,300100,300100,300400,329600,300300,300500,300700,300400,300600,300400,300600,300300,300400,300400,300100,300500,300000,300200,300400,300600,300200,300400,300500,300500,300600,300100,300300,300400,300200,300300,300200,300300,300200,300300,300300,300500,300100,351600,300600,300200,300200,300400,300200,300100,300000,300200,300100,300300,300100,300300,300300,300100,300300,300200,300300,300600,300200,300600,300200,300200,300200,300200,300100,300100,300300,300300,300300,300400,300200,300000,300300,300300,300400,300500,300300,300300,300100,300200,300300,300300,300100,300200,300200,300200,300200,300200,300300,300300,340600,314400,300200,300200,300000,300300,300100,300300,300300,300100,300100,300300,300000,300400,300100,300600,300400,300300,300400,300200,300000,300200,300100,300200,300100,300300,300300,300300,300200,300200,300300,300600,300000,300400,300300,300300,300100,300200,300300,300200,300400,300200,300500,300300,300100,300100,300100,300700,300200,300300,300000,300100,364400,300200,300500,300300,300100,300200,300100,300200,300200,300200,300300,300100,300200,300300,300200,300400,300200,300300,300200,300000,300300,300400,300400,300300,300200,300300,300400,300400,300400,300200,300100,300300,300100,300300,300100,300200,300200,300300,300500,300400,300200,300300,300200,300100,300100,300200,300100,300100,300100,300300,300200,300200,379400,309300,381000,339800,300300,300500,362200,394000,343200,362800,363700,386400,367200,316600,300100,300200,300100,428400,300100,300000,300100,300100,300200,300000,300300,300000,300200,300100,300200,300200,300200,300100,300100,300000,299900,300500,300200,300300,300400,300500,301100,300500,300400,300300,300000,300000,300200,300200,300400,300500,300400,300400,300500,300500,300400,300600,300800,300200,300200,344100,499600,309900,314400,345500,301100,304000,300900,301800,304600,300200,300600,300300,302200,300300,300600,302400,300200,300100,301900,300300,300000,301900,300100,300100,300500,302500,300400,300600,302400,300700,300600,302800,300400,300400,300400,302700,300500,300600,302700,300400,300600,302100,300200,300300,300500,302800,300500,300300,302600,300200,300200,327300,312000,321500,388100,374500,309300,309300,311500,319900,300200,302400,300000,300200,302400,300000,300100,300200,302100,300300,300100,302100,300200,300200,302100
#W oneshot crc_sick 256 1024 500
210500,210500,209300,210200,216900,210400,209100,208800,211800,210000,210500,209400,209400,211400,209900,209600,209000,209200,211900,210900,210200,209400,209900,210600,211000,209900,210300,211200,210300,210200,209400,209200,510400,275800,208700,212400,208200,208800,208500,208000,209900,223600,222800,207400,211600,208400,208100,208000,208000,207900,207900,207300,207900,207800,207900,208400,208000,207800,208100,208200,207700,207900,208400,208300,208100,208800,208400,208600,208700,208500,207800,208200,207700,207200,208900,208900,208700,209100,208600,208900,208400,208800,208900,208600,208000,207900,207200,207800,207800,207600,207700,209000,207700,207500,207600,207800,207700,207400,207600,207400,207600,207500,208000,207100,207300,207100,206900,206700,206500,206600,207300,206700,207300,206700,207800,207200,206900,206500,206600,210600,296500,216800,216500,216700,215800,225000,209500,209000,208900,209400,210700,209100,209500,209200,208600,208900,209300,209800,210200,209700,209800,209100,209000,208900,209200,208700,209300,209000,210000,209400,209000,208800,209800,209500,209600,209800,209900,210100,210300,210100,210400,211100,210300,210300,268100,207000,208200,207200,207000,207000,206800,207100,207700,207000,207300,206900,206500,206500,206700,206800,206900,207600,208100,207300,208000,206600,206500,206700,206400,206300,206300,206500,207300,270400,206400,206400,207500,207200,207400,206900,208100,207300,207000,207100,207200,207700,207900,207500,207100,207600,206800,206900,206800,206800,206800,206800,207100,206800,206700,206900,206700,206600,206700,206500,206600,206700,206900,207200,207300,206700,207400,206400,206800,207200,207200,207000,207000,206700,207100,206700,206900,206900,206900,206900,206800,206800,206900,206000,205700,205500,206200,206000,206200,206800,206800,206500,207000,206500,206500,206400,206800,206700,206900,206400,206800,206700,206500,207100,246400,216500,279900,253600,206500,206200,206500,206500,207000,205800,205900,206700,206300,206300,206100,206300,206000,206000,205900,206000,205900,206200,206100,205900,205600,206000,206100,206100,206000,206300,206000,206400,206600,206500,206300,206500,206400,206000,206000,206100,206600,206300,205800,206200,205900,206200,206500,206500,206100,206200,206300,206200,206000,206000,205900,206800,206800,206200,206100,206600,206200,251400,253200,208700,206500,207500,207400,207100,206600,206600,207300,206900,206400,207500,258400,250700,206000,207300,207900,208100,207200,207500,208700,206800,207900,206700,207000,207200,206200,206700,206400,206900,207200,208000,206000,207100,206400,207600,207800,207500,207100,207100,207600,206800,207000,207600,207900,207100,207000,207300,207900,207900,207700,207400,207300,206600,206600,207700,207100,207000,207100,205200,206800,205500,206400,207000,207300,206900,205400,206700,206400,207400,207000,207100,207700,205400,207400,206300,206800,206800,205300,206600,206300,207200,206700,206500,206900,205900,207400,250200,327500,553900,226700,210600,210900,209900,209400,210500,210400,210000,211600,210500,210000,210000,209800,209900,209300,209600,209700,209600,210100,209800,210800,211500,210700,211100,210800,211400,209700,211300,210900,210100,209100,211400,211000,211300,211300,210600,209400,212300,211400,210000,209500,210400,210900,211800,212800,210400,211300,210200,210400,209900,211300,239500,210600,211200,210600,212600,212400,212300,211700,210100,210800,210300,210800,212100,212200,211400,212000,211600,308400,217700,348300,358800,251200,236000,208200,208400,209700,208700,208900,208900
#W oneshot checksum_NMEA 256 1024 500
266500,266300,266400,266300,266600,266600,266700,266900,266500,266600,266700,266400,266000,266700,267200,266600,268100,267500,267900,268100,267800,267000,267400,267500,267600,267500,266800,267500,267800,268000,267300,267400,267500,267300,267700,267700,268700,268000,267500,267200,267100,267100,312500,345000,296500,276200,283900,268400,267800,267900,268600,267400,268400,267100,266600,267100,266400,266600,267000,266600,266600,266900,266600,266400,266600,266600,266400,323200,266600,266900,267200,266900,267000,268100,267000,266800,266500,266800,266600,266600,267200,267200,267000,266800,266900,266600,267100,266300,266800,267000,266600,267200,267000,266600,266300,266500,266700,266600,266200,266500,332100,266700,266300,266500,266900,266600,266700,266700,266400,266800,266800,266200,266500,266400,266500,266700,266300,266700,266800,266300,266400,266300,266700,266200,266600,266600,266800,267100,266500,266900,266500,266900,266800,266800,266500,266700,266700,266500,266500,266800,266900,266400,266700,266900,266700,266800,266900,267000,266800,266600,266500,266500,266700,266600,266400,266300,266400,266500,347000,276500,277200,417200,274500,278800,282500,305300,281100,282700,276300,276000,276900,278500,274900,275100,277400,274900,304800,337500,339300,288900,308500,267000,267400,355100,267400,268600,266900,267400,372600,273900,282000,297300,271600,267700,267300,268900,267600,267500,267700,269500,267600,267800,267900,269600,268300,267600,267300,269800,267500,267400,269300,267400,267600,266700,268300,266300,266700,266900,268900,267700,267300,270600,269200,266500,267300,268700,266700,266600,266700,269500,268900,268800,268500,269900,267500,267900,269300,268100,268100,267700,270000,267600,301000,298400,272800,272200,266900,287200,313400,392600,266700,266400,266600,268600,266500,266400,266600,268000,266600,266300,266300,268300,266400,266700,280700,266400,266200,266400,268600,266600,266300,266600,269200,266300,266600,268500,266500,267000,266000,268500,266700,266400,266800,268500,266700,266900,266700,268300,266500,266500,268600,266600,266600,266800,268300,267000,266800,266500,268500,266600,266400,266700,268500,266700,266400,285800,364500,276900,283600,277000,299000,268200,272500,268100,270100,268700,288300,265800,265500,266300,265700,266100,266000,266000,265800,265900,266000,266100,265900,266000,265900,266200,265500,266000,266300,266000,266000,295900,266400,266500,266600,266400,266700,266700,266300,266300,266700,266600,266500,266900,266900,267600,266300,266700,266700,266800,266500,266700,266200,266800,266600,266600,266900,266800,267100,266600,266400,266900,266600,267900,266700,266700,297700,266600,333800,273800,274600,275400,275900,275300,275200,275200,275300,275300,281400,266500,266800,266900,267600,266700,266700,266300,266700,266500,266800,266500,266500,266300,266800,266500,266900,266600,266400,267400,267000,267300,268400,267000,267700,267400,266700,266500,266700,267200,267000,267100,266800,266800,266600,266800,266300,266800,266600,266700,267700,266600,266500,266600,266400,266700,266400,266700,310600,268400,267900,266700,266200,267300,266000,266800,267000,266400,267000,266700,266700,266900,266800,266100,266400,266500,266800,266600,266300,266500,266900,266700,267100,266700,267100,266600,267200,267000,266800,266700,266500,266800,267300,266800,266800,266900,266700,266800,266700,266600,266500,266600,267600,266600,266600,267000,266800,266600,266500,266700,266500,266500,266700,266400,266600,266500,291100,411800,274700,274900,275400,274800,275100,275900,275700,303200
#W oneshot crc_8 1024 128 500
264600,264500,264500,264600,264600,264500,264600,264700,264500,264500,265100,264800,264500,264700,264600,264600,264500,264500,265000,264600,264400,265000,264700,264700,264900,264600,264900,264600,264700,264900,264800,264700,264700,264800,264500,264500,264600,264600,264600,264700,264600,264800,264800,308400,264600,264500,264800,265400,264900,264500,264600,264400,295000,264600,264500,264500,264500,264500,264400,264600,264900,264500,264600,264500,264700,264800,264600,264800,264700,264600,264500,264500,264400,264700,264800,264400,264500,264500,265000,264700,264500,264800,264900,265400,264700,264800,264700,264500,264500,264700,264600,281500,278600,264400,264700,264500,264800,264800,264800,264900,264700,304700,278200,264800,264700,264700,264500,264400,264500,264500,264500,264500,264500,264500,264600,264700,264600,264700,264700,264700,265000,264400,264700,264700,264600,264500,264600,264500,264700,264500,264700,264700,264600,264800,264500,264700,264900,264700,265400,264900,264900,264700,264500,264500,264600,264600,264600,264600,264500,264500,264700,265000,264600,264600,264500,264800,264900,264600,264600,264600,298800,264600,264600,264500,264600,264600,264500,264600,264500,264500,264500,264600,264600,264400,265100,264500,264700,265400,264700,264500,264500,264500,264600,264700,264500,264700,264500,264900,264500,264800,264800,264600,265100,264600,264800,264800,264600,264600,264600,264700,264600,264700,264500,264700,264500,293700,264600,264600,264900,264600,265200,264500,264800,264600,264500,264500,264500,264600,264600,317300,264400,264500,264600,264800,264600,264600,264900,264900,265000,264600,264600,264600,264500,264500,264500,264400,264500,264600,264500,264600,321900,264600,264600,264700,264600,264700,265300,264800,264600,264900,265000,264600,264800,264600,264500,264600,264600,264800,264700,264900,264600,264600,264800,264600,264800,265000,264700,264700,264600,264500,264400,264400,264500,264600,264600,264600,264700,306300,264700,264600,264600,264600,265200,265100,265000,264600,264500,264500,264400,264700,264500,265000,264600,264400,264500,264800,264700,264600,264500,264800,264700,265100,264500,264600,264700,264600,264500,264600,264500,264600,264600,264500,264600,264600,264800,264400,264700,264700,264600,265000,264700,264700,264600,264400,264600,264400,264500,264600,264500,264400,264800,264600,264700,264500,264400,264600,298000,285300,264500,264800,264800,264600,264500,264500,264600,264500,264600,264600,264500,264600,264500,264600,264500,264700,264700,264500,264400,264500,264700,264600,264400,264500,264600,264900,264500,264600,264600,264800,264600,264800,264500,264800,264700,264800,265300,264500,264800,264700,264500,264500,264500,264600,264700,264600,264500,264500,264600,264600,264500,264600,264700,264600,264900,264500,265000,295500,273500,283800,265800,266400,286300,274700,274800,283300,265300,280100,273600,273000,272700,272800,274000,282400,265000,283800,273000,273300,273100,273300,274200,285100,266000,282700,274100,309300,265700,287200,274300,273800,273100,274700,273200,273000,273100,273300,273700,272900,273400,272900,273300,273900,274100,274000,273300,273200,272900,273400,274100,275900,274700,273300,273700,285300,273200,273200,274100,272700,272700,273300,273300,273400,274000,278100,264800,287400,274700,274400,273800,274800,275100,274600,274900,292700,281700,272500,297600,298600,309900,272600,272600,273000,272700,272900,272900,295000,281300,286000,273900,273300,282600,272500,272600,272900,273700,274500,274600,306300,272500,279400,272500,273300
#W oneshot crc_16 1024 128 500
399000,375300,390200,398500,368200,425900,444900,403900,384900,363300,364000,363500,363300,363400,364000,363100,363500,362500,364300,363900,362800,364300,365100,371500,352000,353200,353300,352700,353600,353400,353000,352900,352600,352000,352800,353200,353900,353200,352900,352200,352800,352100,406400,352500,352700,352600,352200,352400,352300,381900,352800,346200,346100,345900,346000,346000,353200,352700,352300,351900,353000,351800,352300,352700,353100,353100,352400,352400,353200,352300,353200,352500,352700,352900,353200,352400,353300,353200,352300,352900,352400,352300,352900,352400,353400,352500,375300,396100,352700,352100,353700,353300,352800,352900,352600,351700,353400,353100,352200,352100,352500,352800,352600,352500,353000,352200,351700,352600,352800,352700,353100,352300,352800,353000,352800,352800,352300,352400,353600,353500,352700,352700,351900,352200,352500,353200,352700,352500,352400,352400,394400,353100,351800,353900,352200,352400,352900,352500,352700,353300,352700,352800,352600,353200,352400,353200,352400,352400,352200,352600,352500,353000,352900,352400,352800,351900,352600,351600,353000,353500,352700,352600,352300,353500,351900,352700,353000,353000,352200,353200,352500,353300,352500,352400,370500,403300,352600,352400,352600,352600,352800,352900,353200,352200,352200,351900,352900,352600,353700,353100,352900,353600,353000,352200,352700,352300,351900,353200,353300,353000,352600,353000,352300,352000,353400,353600,353000,352800,352700,352500,352900,353300,353400,352900,352800,352800,352000,352600,377000,367300,352700,351900,353000,352300,352900,352900,353100,352500,352700,352200,352000,352700,353500,353100,352000,353600,353400,353200,353000,353500,353200,352800,352400,352100,352200,352200,368800,367500,352100,353700,352600,352000,352200,353600,353000,352100,352500,352200,352900,353200,352800,353400,370900,367200,352700,353200,353500,353800,353200,353200,353100,352500,351900,353200,352100,352800,352800,352700,353100,352600,352900,352900,353100,352400,353100,352800,352800,352500,351900,353000,352800,353400,352100,352500,352600,352700,352900,353100,352200,352400,353100,353200,352800,352000,352500,353300,352900,388000,352300,352400,353200,352100,352500,352800,352300,352100,352600,353700,352100,352500,354300,353000,352900,352800,353200,352400,352300,351700,353300,352600,352700,383800,353700,352700,352800,351900,352600,353000,353000,353100,352200,353200,352900,352900,353300,352900,352700,352100,352800,352200,352400,386200,352300,353100,353000,353500,352000,352300,353100,352800,353300,352800,352900,352700,352300,353100,352700,352500,353300,352600,352300,352500,353100,352300,352900,352200,352900,352400,352000,351700,352700,352300,351600,352500,353900,352700,351900,352300,353000,352600,352700,352800,352000,353200,353100,390000,353200,352700,352700,353200,353200,353200,353000,352900,353700,352900,352000,352500,353100,352500,353200,352800,352700,352700,353300,352700,353200,353300,353200,353100,352500,353500,352900,353000,353100,352200,353800,352300,352600,352900,353300,352200,353300,352800,352200,352000,352300,352400,352500,385400,411700,352100,353500,353200,352600,352400,352700,352700,353200,353400,353200,352900,352500,352800,352800,353000,353400,352800,353100,353200,352700,353100,353200,352400,353500,352500,352800,353500,353000,352700,353000,352800,351700,352700,352600,352700,352500,351700,352100,352800,352900,352100,353100,384400,367800,353500,352600,352300,352800,352900,352400,352300,351800,352200,352500,352700,351800,353400,352700,352200
#W oneshot crc_modbus 1024 128 500
352700,352800,353400,353300,352100,351700,352900,353400,352100,352400,352900,351900,353400,352100,352800,353500,353200,352600,352400,351500,353100,353400,379300,384200,369200,352800,353200,352600,352700,352600,352400,352800,352900,351900,352200,352500,352600,352300,353500,351700,352500,352600,353500,352700,351800,352000,352200,353200,353400,353400,353000,352000,352000,352000,353100,352900,352600,352300,352500,352600,353400,352400,353000,352000,352500,352700,419900,364900,364200,363900,364400,364500,363100,363400,375000,379300,374500,353100,352400,352400,352800,353000,352600,352300,352800,352000,352500,352300,352500,352900,351800,353000,351900,351700,352400,352200,353100,353200,353100,352900,352500,352500,353100,352400,353000,353500,352700,353200,381600,412700,351800,353200,352800,352300,353300,351200,352100,353400,352300,352600,352700,352900,352900,352200,352800,352500,352900,352800,351600,352700,352600,352300,353400,353000,352400,352500,352500,352900,352500,353100,352200,352500,352300,352700,352800,351800,351400,352300,352800,351700,352600,353000,352100,408200,417900,371000,562900,363700,484800,363900,401900,897500,553300,367100,366300,420100,350700,350900,350800,350700,350300,351400,350300,350400,350700,350600,350900,476100,435600,363800,354100,353300,351900,354700,352400,353000,354600,353300,352700,360600,353300,354800,352900,353000,355200,352200,353200,354600,352600,353100,355200,353500,353000,354700,351800,354600,352400,353200,354200,352400,352200,354400,353600,352400,353900,353100,352500,354000,352800,353600,381100,353300,355400,368700,499600,352300,353100,353400,352600,351900,354500,352700,354600,352500,352200,353600,351700,353100,354100,352800,352400,353400,352200,352700,354400,353000,352600,354000,352700,356100,351900,352300,354500,353000,352000,353500,353300,353200,354700,352400,351800,354100,352700,352400,354500,352100,354300,352800,352200,383400,385300,353500,384600,352300,352600,352700,352100,352800,352800,352400,352100,352800,351800,352200,352800,353100,353300,353700,353000,352100,352000,352600,351900,353100,351800,352500,353000,352100,352200,352600,382900,352400,352600,351900,352700,352000,352500,352100,352000,353600,352600,353200,352900,352600,353100,353600,400200,382200,352700,352200,353100,351900,352400,352900,352300,352100,353300,352800,352200,352900,353000,352800,352500,352600,353200,352800,353200,352200,353000,352400,353300,353200,352500,352700,352300,352300,352400,352500,351800,351600,353000,352500,352800,353300,352200,352700,352500,352600,352300,352600,395900,352100,353300,352000,352300,352800,352400,351900,352500,352800,352100,352800,351900,352500,352500,352500,352800,352700,352600,353000,353000,352600,353000,353100,369500,365800,352700,352900,353500,353000,351900,351800,352900,352200,352600,352400,353000,352500,352400,352100,353500,352100,352400,352800,388300,352000,352700,353200,352600,353500,352400,353000,352700,351600,352500,352200,352800,351900,352500,352600,354000,352100,345900,345900,345900,346000,346100,346100,346000,346100,346200,346000,353100,353300,352400,352900,352700,352200,352600,353000,352800,353400,353200,353100,353100,352200,352400,352300,375400,368800,352500,352100,352900,352300,352500,351900,352200,351900,353000,352100,352900,352800,353400,353200,352300,352600,352700,352800,351800,352700,352800,352500,352700,353800,353500,353000,352400,352800,352100,351900,352900,352200,352600,352600,351900,352700,351800,352900,352600,353200,352600,352500,366400,384000,385000,352400,353100,352000,353300,352200
#W oneshot crc_32 1024 128 500
323700,324300,308900,308800,308900,308800,308900,308800,308700,308900,308900,309000,308900,309300,309000,309200,309100,308800,309100,309000,308900,308900,308900,308900,308900,308700,308700,309100,309100,309200,309000,309000,308900,308800,308900,308800,309200,403000,410600,365000,309100,308700,309000,308900,309500,309100,308900,309000,308800,308900,308800,308700,308900,308900,309000,308800,308900,309000,309200,309300,309500,309100,309100,308900,308900,309000,308800,309000,308800,309100,309100,309300,308800,309300,309000,309700,309000,308800,308700,308800,308800,308700,308800,308800,308800,308800,339600,328700,308900,309200,309100,309400,308900,309000,308800,308700,308700,308900,308800,308800,308800,308800,309000,308800,309000,308900,309300,354700,321900,308800,308800,308800,309100,309000,308900,308900,308800,309100,308900,308900,309200,308900,309600,308900,309000,308900,308800,308800,308800,308700,308900,308900,308800,309000,308700,308800,354900,309100,308900,309300,308800,308800,308800,308700,308800,308900,308800,308900,308900,308900,308900,309000,308900,309100,308900,309400,308800,308800,308800,308800,308800,308800,308800,308800,309000,308800,308800,308700,309100,308900,309000,308800,308800,308800,308800,309000,308800,308800,308800,308800,308900,309000,308900,308800,339300,308700,311700,346200,308800,308800,308900,308900,308900,308900,308900,309100,308800,309000,308900,309200,309000,308900,308800,308800,308700,308900,308800,308700,308900,308800,308900,309000,308900,308700,309000,309000,308800,309000,308800,308700,308900,308800,308900,308800,308800,308900,308800,309000,309100,308800,309300,308900,308900,308800,308800,308800,308800,368300,308800,308600,308800,308800,308700,308900,308900,308900,309100,308900,308800,309000,308800,308900,308800,308900,308800,308800,308800,308900,308700,309100,309000,309400,308800,309000,309000,309000,308900,308900,308800,308800,308900,308900,309200,308900,308900,308900,309000,309500,309000,308900,308800,308800,308900,308800,309000,308700,308800,349900,308800,308900,309000,308800,309500,309200,308900,308900,308800,308800,308900,308800,308800,308900,308800,308700,308900,308700,309000,309100,309000,308800,309200,308800,308800,308900,308900,308900,308900,308900,308800,309100,308800,309000,308900,309100,308800,309000,308800,308900,308800,308800,308900,309000,308800,308800,308900,308800,308900,312000,360500,309400,308900,308800,308800,308800,308700,308800,308800,308700,308900,308800,309000,308700,308900,308800,308800,308800,309000,308800,308800,308700,308900,308900,308900,308800,308800,308900,308900,308800,308900,309300,309200,308900,308900,308800,308800,308800,309000,308700,308800,309000,308900,308800,308900,308900,309000,309000,308800,308800,369000,321600,308800,308700,308800,308800,308800,308900,309000,308800,308800,308800,309500,309800,309000,308800,308900,308800,308800,309000,309000,308700,337700,308900,308800,308800,309000,309000,309500,309000,308900,309000,308800,309000,309000,308900,308800,308800,308900,309100,309000,308800,309000,309000,309500,309000,309000,309000,308700,308800,362200,309500,308700,308800,308800,309000,308800,308800,309000,309100,308900,308800,308900,308800,308900,308900,308700,308800,308800,308900,309100,308800,309100,309100,309100,309300,309100,308900,309000,308900,308800,308800,309000,308800,308800,309000,309000,308800,309000,308900,309200,309000,309000,308800,308800,308800,308800,308800,308800,308800,355400,308800,308900,308800,309000,309100,309000,309000,309000,308800,308900,308900
#W oneshot crc_64_ecma 1024 128 500
316600,345600,316800,316900,316800,316700,316900,316600,316600,316600,316800,316700,316500,316700,316700,316600,316500,316900,316700,317000,316700,316700,316800,316600,316700,316600,316700,316600,316700,316700,316800,316700,330900,349200,316900,316700,316700,316700,316600,316600,316600,316500,316600,316700,316600,316600,316700,316800,316700,317000,316700,316900,316800,316600,316700,316700,316800,316700,316700,316800,316900,316700,316800,316800,317200,316800,316800,316700,316600,317000,316700,316700,316700,316700,316700,316700,316800,316600,316600,317000,316700,316600,351800,316700,316700,316600,316700,316700,316700,316600,316700,316700,316900,316700,316700,316700,316700,316600,316500,316700,316700,316600,316700,316700,316700,316800,316700,316600,316800,316800,316800,317000,316800,316600,316600,316700,316800,316700,316600,316600,316700,316800,316700,317100,316900,316700,316800,316600,316600,316700,316700,365300,316600,316600,316600,316800,316700,316700,316600,316900,316700,316800,316800,316700,316700,316800,316700,316600,316700,316600,316700,316700,316800,316700,317300,316600,316800,316900,316800,316600,316700,316700,316700,316700,316600,316800,316500,316700,316800,317300,316800,316700,316600,316700,316500,316600,316700,316600,316700,316700,360100,319000,384500,330100,327600,329100,364900,428200,357900,401400,382300,334700,407800,687100,344300,413700,329300,316600,316600,316600,316600,316900,316600,316700,316600,316700,316600,316800,316500,316600,316600,316700,316900,316700,317100,316600,317600,316800,316800,316800,316700,316700,316900,316700,316700,316700,316700,316800,316800,316900,316700,317500,316800,316900,316600,429400,514900,385900,414200,326200,326200,326100,327900,326300,326100,327800,326200,326300,328100,326200,326200,328000,326200,326100,328000,326200,326200,327900,326200,326200,328600,326400,326600,328500,326400,326400,328700,326300,326300,328300,326400,326400,328200,326300,326400,329100,326400,326800,334100,326300,326300,355300,326800,326200,330100,455600,380700,326200,326300,328200,326200,326200,328000,326300,326200,327900,326300,326200,327800,326100,326200,328000,326100,326100,328100,326300,326200,328300,326500,326400,328300,326400,326200,328100,326700,326500,328100,326300,326600,328000,326300,326700,328200,327300,326300,328300,326300,326300,326300,326200,326300,326300,331900,316800,316800,349400,347100,316800,405600,372700,331900,316900,317000,316800,316800,316900,316700,316600,316800,316800,316900,316700,317000,317100,317100,317300,316700,316900,316900,316900,317500,317000,317100,317000,317200,317400,316700,317400,317100,317600,316900,316700,316800,316700,316700,316700,316700,316700,316700,316900,316800,316600,316800,317000,317200,316700,316700,544900,316900,316600,316700,316500,316600,316600,316700,316600,316600,316700,316600,316700,316700,317200,316600,316600,316800,316600,316900,316800,316700,316700,317200,317100,317100,316800,318100,317000,375700,317000,316600,316800,316800,316700,316800,316800,316800,317200,316700,316900,316700,317400,317500,316800,316700,316700,316600,393600,466000,334400,316600,316900,316700,317000,316800,316800,317300,316900,317200,316700,316600,316600,316600,316800,316700,316500,316700,316600,316700,316600,316800,316800,317300,316800,316800,316700,316700,316800,316800,316900,316900,316800,316700,317200,316800,316900,316900,317700,316900,317100,316700,316600,316700,316600,316700,400200,404400,374400,316900,316600,316700,316600,317600,317100,316900,317200,316700,316700,316600,316700,316500,316600
#W oneshot crc_64_we 1024 128 500
316700,317100,316900,316700,316800,316800,316700,316800,316800,316700,316900,316700,316900,316800,316800,316900,317300,316900,316800,345800,316700,316700,316900,316700,316900,316800,316900,415100,326400,332400,317100,317100,317600,318100,317100,316700,316700,317300,316800,316800,316700,316700,316900,316800,316700,316800,317000,317000,316800,317000,316800,316900,316800,317000,317000,316800,316900,317200,317200,316900,317400,317300,318000,317000,317100,316900,316800,316700,316700,316700,316800,316800,317000,316900,316700,359900,331100,317000,316800,316700,316800,316600,316700,316800,316800,316700,316600,316700,316800,316900,316800,316900,316800,316900,316900,317000,316700,316700,316700,316800,316800,316900,316800,317100,316900,317000,317100,317200,316900,316900,316900,316700,345500,316800,316800,316700,316700,316800,317000,316700,317000,316700,317500,316700,348500,425000,338900,318200,317400,317100,317300,317600,317300,316800,316800,316800,316800,317100,317300,317000,317000,317200,316800,316900,316900,316800,317000,316800,316700,317600,316900,317300,317100,318100,316900,317100,317000,316800,316800,316900,316700,316700,316900,317000,317000,316800,316800,316800,317400,317300,316800,316800,316700,374200,316700,316700,316800,316800,316800,316700,317000,316800,316800,317100,317100,316800,316700,316800,316800,316800,316900,316700,316800,317300,373500,317000,316800,317000,317100,317700,317000,317100,317100,316800,316800,316900,317100,316800,316800,316800,316900,316800,316900,317100,317100,316800,316800,316800,316700,316800,316800,316900,359800,316800,316900,316900,316800,316800,316800,317200,317000,316800,316700,316800,316800,316700,316900,316800,316800,316900,317000,316900,317100,316900,317100,316900,316900,316900,316700,316800,316900,316900,316700,316800,316900,316800,316700,317000,316700,317000,316900,316800,316800,316700,316700,316700,316800,316800,316600,316700,316700,361600,331700,500100,335900,327000,336500,332400,332300,337600,380100,344400,326800,367500,352700,355200,327800,326900,327100,327500,332500,317000,316800,316800,317500,317000,411400,326400,333300,349900,316800,316700,316600,318900,316800,316700,318400,316800,317000,318700,317600,317400,319400,316900,317200,318900,317200,316900,318700,316700,317100,318700,316800,317500,316900,319500,316900,316900,319000,316800,316700,333000,316800,316800,319000,316800,317000,318700,317000,317000,318600,316900,317000,318600,316700,316700,354300,330100,546300,316800,316700,318600,316800,316700,318400,316700,316800,318700,316700,316800,316700,318500,316700,316700,318400,316800,316700,318500,316800,316900,319100,317000,317100,318900,316700,316900,318600,316900,316900,318600,316900,317100,317000,318800,316900,316700,319400,316800,316900,318500,316700,316800,318500,316800,316600,347500,316700,316700,318900,348000,316900,349500,317000,316900,316900,316700,316600,316700,316800,316700,316800,316800,316900,316600,317000,317000,317300,316900,317100,316800,316700,316800,346400,316900,316900,316900,317000,316900,316800,316700,317000,317300,316900,317100,316900,316800,316700,316700,316900,316800,316900,317000,316800,316700,316900,316900,317000,316900,316900,316800,347400,343200,346300,316700,316800,316800,317400,317300,316800,317200,317100,317500,318100,317300,316700,316900,316700,316700,316900,316800,316700,316700,316900,317000,316900,317400,317200,317200,317100,316900,317000,316800,316900,316800,316900,316800,316800,316900,316900,316900,317300,317000,317800,317000,316800,316800,316800,316600,316700,338000
#W oneshot crc_ccitt_1d0f 1024 128 500
344200,344400,344700,344100,344100,344100,344100,344100,344000,344000,344100,344000,344100,344100,344300,344300,344400,344200,344100,344100,344000,344300,344200,344100,344200,344200,344200,344200,344500,344800,344200,344200,344000,344000,344000,344100,344000,344000,344000,369800,413200,344100,344100,344300,344300,344200,374200,344100,344100,344200,344300,344000,344100,344100,344200,344300,344100,344500,344500,344200,344000,344300,344200,344200,344300,344200,344100,344400,344200,344300,344600,344800,344300,344300,344200,344000,344100,344400,344200,344100,344100,344200,344000,344100,366300,467900,367600,345000,344200,344200,344200,344300,344200,344100,344600,344300,344500,344300,344300,344500,344800,344600,344300,344300,344200,344800,344300,344200,344500,344400,344400,344200,344700,344400,345000,344200,344200,344200,344200,344100,344100,344100,344100,344100,344300,376100,344300,344300,344900,379700,357400,344100,344100,344100,344100,344100,344100,344000,344200,344200,344200,344100,374400,344400,344400,344200,344000,344000,344500,344200,344300,344200,344300,344400,344600,344300,345000,344400,344400,344200,344000,344100,344200,344100,344200,344200,344100,344200,344200,344200,344800,343900,344200,344000,377700,344100,344100,344000,344000,344100,344100,344100,344200,344500,344300,344200,344100,344000,344000,344100,345200,344100,344100,344200,344200,344000,344400,344200,344500,344200,344300,344100,343900,344100,344200,344000,344200,344100,344300,344200,344300,373000,344500,344300,344000,344000,344100,344100,344100,397000,344200,344200,344300,344100,344200,344200,344500,344300,344300,344100,344000,344000,344100,344100,344100,344000,344100,344000,374400,344100,344600,344100,344400,344200,344100,344200,344300,344100,344100,344300,344500,344400,344500,344400,345000,344100,344200,344100,344100,344000,344100,344000,344000,344200,373200,372000,414400,425100,453000,366400,401300,372400,344100,344100,374500,344300,344100,344100,344400,344000,344100,344600,344600,344700,344700,344300,344300,344200,344500,344500,344400,344500,345100,344700,344500,344900,344600,345300,344600,344100,344100,344000,344100,344100,344100,344100,344200,344100,417400,344300,344000,344300,344300,344000,344000,344000,344000,344000,344000,344100,344000,344000,344000,344100,344100,344200,344100,344100,344100,344000,344100,344000,344100,344100,344300,344100,344000,344100,344400,344300,344200,344100,344000,344000,344000,344100,344100,345500,344300,344200,344100,344200,344600,433900,361400,344000,344000,344000,344000,344000,344000,344000,344000,343900,344000,344200,344200,344100,344100,344000,344000,344000,344000,344100,344000,344100,344100,344000,344000,344300,344500,344100,344300,344100,344000,344100,344200,344100,344200,344200,344300,344200,344400,344500,344700,344200,344100,344000,402200,344000,344000,344000,344000,344000,344000,344000,344000,344000,344000,344000,344000,344100,344000,344000,344000,344100,344000,344000,344100,344000,344300,344500,344200,344100,344000,344000,344100,344000,344200,344000,344100,344100,344100,344000,344200,344200,344300,344200,344000,344000,344000,344200,344100,403300,344100,344000,344200,344100,344100,344200,344200,344100,344000,344000,344000,344100,344100,344000,344100,344000,344100,344100,344000,344400,344000,344200,344000,344000,344100,344000,344200,344100,344300,344200,344100,344200,344100,344700,344000,344000,344100,344000,344100,344100,344300,344000,344100,344000,357900,403000,385700,345300,344100,344200,344100,344000,344100,344100,372800,344000
#W oneshot crc_ccitt_ffff 1024 128 500
344100,344000,344000,344200,344000,344100,344200,344200,343900,343900,344100,344200,344400,344200,344500,344200,344100,344200,344000,344000,344100,344100,344000,344000,344100,344100,344000,344100,403000,344200,344100,344100,344000,344000,344100,344100,344000,344100,344000,344000,344100,344200,344400,344100,344100,344000,344000,344000,344000,344000,344100,344100,344100,344100,344200,344100,344100,344400,344000,344000,344000,343900,344100,344100,344100,344200,344100,344000,344000,344400,344300,344100,344000,379300,361000,344100,344000,344100,344000,344300,344000,344000,344100,344600,344400,344000,344100,344100,344000,344000,344100,344000,344300,344200,344000,344100,344200,344600,344100,344200,344200,344100,344000,344100,344100,344100,344100,344100,344000,344200,344300,344500,344100,344100,344000,344000,344000,344000,344100,482700,344100,344300,344100,344100,344000,344400,344300,344100,344000,344000,344000,344100,344100,344100,344100,344100,344000,344100,344200,344400,344100,344200,344100,344100,344100,344100,344100,344100,344200,344200,344100,344400,344400,344400,344100,344100,344100,344000,344100,344000,344000,344200,344100,374700,359200,344100,344100,344300,344100,344000,344000,344100,344000,344000,344000,344000,344000,344000,344000,344200,344100,344100,344100,344200,344000,344100,344000,344100,344100,344300,344200,344100,344100,344400,344400,344200,374100,344100,344000,344100,344100,344300,344100,344000,344200,344100,344200,344100,344500,403400,344200,344000,344100,344100,344100,344100,344100,344100,344100,344000,344100,344000,344100,344000,404000,346100,344000,344000,344200,344100,344000,344000,344200,344200,344300,344500,344600,344200,344300,344200,344200,344100,344100,344400,344100,344100,344400,344100,344800,344300,345000,344500,344300,369700,382300,344100,344100,344000,344100,344200,344400,344000,344300,344200,344700,344100,344200,344100,344000,344000,344000,344100,344100,344000,344000,344100,344100,344300,344500,344500,344100,344300,373900,344200,344200,344000,344000,344200,344100,344100,344300,344500,344600,344200,344200,343900,344000,344000,344000,465100,354900,363100,406100,376900,484500,429300,345700,391600,367200,378500,376000,365400,376000,365700,344100,344200,344400,344200,344400,344800,345000,344800,344500,344300,344200,344300,344400,344500,344200,344500,344700,344600,344300,344600,345100,344500,344300,344200,344100,344100,344100,344100,433700,368100,345300,344800,344400,344700,344900,346100,346600,393200,358800,344200,344100,344300,344100,344000,344000,344100,344000,344000,344000,344000,344100,344100,343900,344000,343900,344200,344000,344000,344100,344100,344200,344100,344100,344800,344300,344300,344400,344100,344100,344200,344100,344100,344100,417300,344100,344200,344100,344200,344000,344200,344000,344100,343900,344000,344000,344000,344000,344100,344000,343900,344100,344300,344100,344000,344300,344000,344000,344100,344200,344100,344100,344200,344000,344200,344700,344800,344200,344200,344000,344000,344000,344100,344100,344100,344100,344100,344000,344100,612600,380100,358700,344000,344200,344200,344300,344100,344000,344100,344000,344000,344000,344000,344000,344000,344200,344000,344000,344000,344100,344200,344000,344100,344000,344100,344100,344100,344500,344900,344200,344200,344100,344100,344100,344200,344000,344100,344300,344100,344300,344100,344400,344800,489800,360900,344000,344000,344500,344000,344000,344000,344000,344000,344000,344000,344200,344000,344000,344300,344000,344000,344100,344100,344000,344200,344100,344300
#W oneshot crc_xmodem 1024 128 500
344100,344100,344000,344100,344000,344200,344000,344000,344100,344100,344300,344500,344000,344000,344000,344000,400200,344000,344000,344000,344000,344000,344000,344100,344100,344300,344200,344000,344100,344000,344000,344000,344100,344000,344000,344200,344000,344100,344000,344400,344200,344000,344100,344100,344000,344100,344100,344200,344200,344100,344200,344100,344300,344400,344200,344000,344000,344000,344200,344100,344000,440900,373800,344000,344000,344100,344100,344000,344000,344000,344000,343900,344000,344100,344100,344000,343900,344000,344100,344100,344500,344200,344100,344200,344000,344000,344100,344200,374900,387800,344000,344000,343900,344100,344000,344000,344000,344000,344000,344000,344000,344000,344000,344000,344100,344000,393200,344400,480500,344300,344800,404400,369200,399500,463800,450600,462300,344000,471200,344000,344000,344000,344000,344100,344400,344000,344000,344000,344000,344000,344000,344000,344000,344100,470800,418600,431000,344700,344500,346300,344100,344100,345800,344100,344100,345800,344000,346100,344000,344000,346400,344200,344000,375200,344200,344200,346000,344600,344500,346400,344200,344500,346200,344200,344700,346400,345400,346800,344200,344000,346100,344400,344200,345700,344100,344000,346000,344100,344400,346100,344500,344300,455600,344000,344000,344000,344000,344000,344000,344000,344000,344000,344000,344100,344000,344100,344000,344000,344000,344000,344000,344000,344100,344100,344000,344100,344100,344400,344500,344200,344500,344000,344100,343900,344100,344300,344200,344100,344400,344200,344400,344100,344900,344300,344100,344000,344000,408300,392900,344000,372100,344100,359900,417200,444200,537900,344200,344000,344100,344100,344000,344000,344100,344000,344000,344100,344000,343900,344000,344000,344100,344000,344000,344100,344100,344100,344200,344200,344200,344400,373100,344100,344600,344200,345500,344500,344500,344400,344000,344100,344100,380600,344100,344300,344200,344100,344400,344300,344600,344400,344300,344300,344100,344000,344000,344200,344000,344000,344200,344100,344200,344300,344800,344700,344100,344100,344400,344100,344100,344400,344000,344200,344100,344100,344300,344200,344900,344300,344400,344100,344100,344000,344200,344100,344200,344000,391700,344000,344100,344200,344200,344100,344200,344100,344000,344200,344000,344000,344000,345200,344300,344200,344200,344200,344400,344200,344200,344100,344100,344100,344000,344100,344200,344100,344400,344100,372800,344300,344500,344200,344500,344100,344000,344300,343900,344100,344300,344200,344200,344200,344600,363500,380900,356600,344200,344100,344100,344100,344200,344000,344100,344100,344100,344500,344300,344400,344500,344200,344100,344000,344000,344000,344200,344100,344100,344100,344100,344100,344500,344500,344600,344500,344200,344000,344100,344100,344100,344000,344200,344300,344200,344300,344400,344600,344000,344200,368300,358800,344100,344000,344100,344000,344100,344100,344000,344100,344200,344500,344100,344200,344000,344500,344000,344200,344100,344000,344200,344200,344100,344200,344400,344200,344100,344300,344200,344100,344000,344100,344100,344100,344200,344300,344100,344700,344500,344500,344300,344400,344000,344000,344000,344100,377300,344200,344100,344100,344000,344100,344200,344800,344800,344100,344200,344000,344000,344000,344200,344000,344000,374100,344200,344400,344100,344900,344200,344200,344100,344000,344200,344200,344000,344100,344100,344300,344100,344300,344100,345200,344500,344200,344000,344000,344100,344100,344200,344100,344100,375600,393400,344800
#W oneshot crc_kermit 1024 128 500
306700,306700,306800,306700,306700,306800,306800,306600,306700,306700,306700,306800,306800,306900,337300,306800,306700,306800,306800,306800,306800,306700,306800,307100,306700,307000,306900,307400,307600,307100,307000,306800,306700,306800,306800,307000,306800,306900,306900,307100,306800,306800,364100,321000,307000,306900,306700,306800,306700,306800,306800,306700,306700,306900,306700,306800,306700,306800,306700,306700,306800,306900,306800,306800,306700,306900,306800,307000,363800,306900,307000,307200,307100,307200,307000,308100,307400,307000,307100,306900,306800,307000,307000,306800,306800,306900,307000,306800,307000,307000,306900,307000,369200,306700,306700,306700,306800,306900,306700,306700,306700,306800,306700,306800,306700,306700,306800,306700,306800,306600,306800,306800,306800,306700,306700,306700,306800,306800,306900,306800,306900,307000,306800,307000,307000,306700,306800,306600,306700,306800,306900,306800,306800,306900,307000,306900,306900,307500,306800,306700,306800,306700,306800,397400,306800,334500,306800,306700,306700,306700,306700,306800,306700,307000,306900,306700,307100,306800,306700,306800,306900,306700,306800,306700,306700,306700,306700,306800,307000,307100,306900,306900,306700,306900,306900,306900,306900,306600,306900,306800,307100,306800,307200,306900,307700,307100,307100,306800,306600,306900,306600,306800,306700,352200,306700,306900,306700,307000,306900,306900,307100,306900,306800,306800,306700,306600,306900,306900,306700,307000,306800,306900,306700,306900,306900,307000,307000,306800,307000,306800,306700,307000,306800,306900,306700,306800,306900,306900,307200,307000,307200,307200,307000,307000,306800,306600,306900,306900,306900,306900,306700,306800,306900,306800,342200,306900,307300,307000,306900,306800,306700,306800,306900,306800,306800,306700,306700,306900,306900,306700,306800,306900,306800,306800,306900,306700,306700,306800,306800,307000,306900,307000,306900,307100,306800,306800,306900,307000,307000,306700,306900,306700,306600,306800,306700,306700,307000,306800,306900,306700,306800,306700,306900,307200,306700,338300,307100,306700,306900,306800,307000,306700,306800,306700,306900,306700,306800,306800,307200,306800,306800,306800,306600,306800,306800,306700,306800,306900,306700,306900,306900,306800,306800,306800,307000,306900,306900,306700,306800,306700,306800,306700,306800,306800,307000,307000,306700,306800,307000,307100,306900,306800,306800,306700,306700,331100,356800,306900,306700,306800,306800,306900,306800,306800,306900,307500,307000,306900,307000,306700,306800,306900,306800,306800,306800,306700,306900,306900,306800,306900,306800,307000,306700,307000,337600,306700,306900,307100,306900,306800,306800,306900,307000,306900,306800,306800,307300,307100,307000,306900,306700,306800,306800,306800,306900,306700,340900,306800,307100,306800,307100,307000,307200,306800,307100,306800,306700,306800,306900,306800,306700,306700,306800,306700,306900,307000,307000,307400,307000,307100,307200,307100,306700,306800,306700,307000,306900,306800,306900,307100,306900,306700,307000,307200,307000,306900,306700,306700,306800,306800,306700,306800,306800,306700,306700,306800,330400,320700,306800,307000,307100,306900,306800,306800,306700,306700,306800,306600,306900,306800,306800,306700,306800,306700,307200,306800,307000,306700,307000,337500,306700,307000,306700,306800,306900,306900,306900,306900,306800,306800,307100,306900,307000,306900,306900,306700,306800,306800,306900,306800,306700,307200,306700,306900,306900,306900,306900,339900,306900,306800
#W oneshot crc_dnp 1024 128 500
308700,308700,308700,308500,308600,308500,308700,309000,308600,308700,308700,308600,308800,308400,308500,308600,308900,308800,308500,308700,309000,308800,309000,308700,308900,308500,308700,308800,308400,308500,308700,308500,308800,308800,308800,308900,308800,308800,308900,308800,308600,308500,339400,321200,308600,308700,308700,308800,308800,308500,308600,308800,308700,308700,308600,308900,308500,308600,309100,308700,309000,308500,308800,308600,308500,308500,309000,308500,309100,308900,308500,308900,308600,308700,308400,308700,308500,308600,308500,308800,308700,308600,308700,309000,308900,308700,308300,308300,308700,308400,308800,308900,308400,349800,308600,308900,308800,308700,308600,308900,309100,308300,308700,308800,308600,308800,308600,308800,308500,308700,308800,308500,308800,308800,309100,308800,308800,308600,308500,308700,308800,308700,309000,308600,308700,308600,308400,308400,308900,308800,309200,308600,309000,308700,308500,308500,308400,341200,308900,308600,308700,309100,352200,364200,324600,351300,383900,308700,308800,369700,320700,442900,427100,333700,449700,365000,308500,315800,308700,417800,312100,308700,308700,312800,308500,308800,312400,308800,308700,312400,308500,308700,308600,312000,308800,309100,312700,308900,309100,313100,309200,308800,312700,309100,309000,309100,312900,308600,308400,312500,308900,308800,312800,309100,309100,312900,309000,308700,312200,308700,309000,308800,344800,308800,308900,463600,514400,324300,341200,331000,308800,308900,313500,309800,309700,314900,309600,308700,308900,322800,308700,308500,312400,308600,308700,312000,308800,308900,312000,308800,308400,312400,308500,308800,308700,312000,308700,308800,312400,309200,308600,313800,309000,309000,313800,308300,308700,312200,308400,308400,308700,312800,308500,308900,358200,308500,309100,313600,309000,494900,318700,329300,309000,309000,308900,309100,309000,308700,308600,308600,308600,308400,308700,309100,308700,308500,308600,308300,308600,308800,308800,337200,308700,308900,308900,308900,308500,309100,309600,308800,309100,308900,308700,308800,309000,308900,308700,308500,308500,309100,308700,308800,309000,308900,309500,308900,308800,309000,394000,349700,308300,338400,308600,308700,308600,308300,308800,308400,308400,308800,309000,308700,308600,308800,308200,308700,308900,308600,308600,308500,308400,308800,308800,308700,308900,309200,308800,308500,308700,308700,308400,309100,308600,308800,308700,308600,309300,308700,308700,308800,309100,309100,308900,308600,308600,308600,308500,308600,355700,337100,324900,308600,308600,308800,326200,321900,309300,309000,308900,308800,308800,308800,308800,308900,309200,308600,308900,308500,308300,308600,308400,308800,308700,308800,308500,309000,309000,308700,308700,308800,309100,308900,308800,309000,366200,309000,309100,308700,309200,308600,308800,308700,308600,308600,308600,308700,308600,308400,338500,323200,320200,319700,324400,309300,309100,309100,308800,309100,309100,308800,308900,308900,308800,308600,308800,308900,308700,308900,309300,309300,309000,308800,308900,308700,308600,309200,308900,308600,308800,308600,309100,308900,308500,309100,309200,309500,309100,308400,309100,308500,308600,308500,308600,308900,308600,308600,308600,308800,313700,377900,381200,310000,308900,309200,308600,308400,308900,308800,308600,308700,308700,309200,309100,308600,308800,309100,308900,308800,308700,308700,309300,308500,309000,308800,308700,308500,309300,308700,309100,309000,309200,308700,309200,309000,308800,308600,308300,308800,308600,308700
#W oneshot crc_sick 1024 128 500
335600,367600,378700,416600,354000,345000,340000,337300,338400,337000,334900,334000,334300,335100,338200,339400,339400,337600,338600,335800,332900,331400,330500,329600,332100,331500,333400,333100,328600,332300,331800,331300,330200,332700,333400,332900,333800,331500,334800,333600,335500,330400,331700,332200,332500,328800,329600,329100,330400,393900,331500,332400,329000,332200,333600,331700,334200,334100,331000,333200,333900,330800,329400,331800,332600,332400,332900,331200,329200,331000,329100,328700,332900,332900,334000,335300,331200,327500,328200,330400,329000,330700,328100,328900,330200,331200,332800,334100,336000,364800,332600,333600,334600,333300,332500,377300,329300,332600,334400,331800,332400,331100,330600,331600,331400,333600,329800,329200,330600,330100,330300,331900,333000,331500,331100,332100,332900,331800,328900,330200,329100,328100,330800,330800,333000,334900,333300,331900,335300,335800,334700,330800,329500,331100,330400,328400,327900,328500,329400,327200,330400,330700,473500,436100,399300,338000,364000,333500,335100,335500,333600,330200,331200,331600,329300,328900,331000,330700,331300,335400,333800,334400,333900,334900,334200,335900,394900,336000,334300,335000,332100,329700,332100,333100,333000,333600,333700,332200,329700,331600,333400,330500,328400,328400,331700,331500,330600,332000,395900,332500,330100,332000,331600,331900,329600,329100,332500,333100,333400,336300,333800,331500,332600,332400,333400,332700,332700,332200,329000,331000,329000,333000,335400,335100,337100,333600,337100,335600,335600,331800,331500,329700,329700,329100,330800,333400,334000,331800,336200,333200,329900,328100,326900,327600,324700,383600,331100,515600,459200,488300,470600,489400,479800,464000,361700,392200,358600,337300,337300,337100,340500,338200,336700,335100,334700,335900,335900,335400,334200,334800,329400,329600,520600,461800,445400,341800,339900,340900,339200,334400,339700,333900,334600,333900,331100,332100,332200,332600,331300,333500,332200,333600,335500,335300,331400,332300,330900,331400,332800,333100,334700,336400,331500,331500,332200,328500,328600,331500,333400,335100,335100,334900,332000,336400,331600,329700,334700,333400,332500,374600,378100,487500,347900,340500,334900,334000,351600,348200,332400,333100,331100,331200,333300,336000,337800,336400,335500,335700,338200,331000,330700,333000,332200,331400,333100,332100,330300,331100,329500,330900,336600,334800,336200,337300,334700,332100,332300,334800,336400,335300,333000,331900,352000,331600,330500,349100,350600,328600,328400,421800,333900,368300,332100,330700,328400,326900,328500,331700,332900,330700,331500,332000,331800,330700,325900,326400,328600,331500,330100,329500,329100,405100,331100,332900,334900,334200,332900,334500,335500,334400,333200,331200,335000,336200,332700,335500,336200,335800,331000,331600,332800,332000,332600,334600,334200,334500,331700,333200,493000,348400,340100,340600,340300,339400,335400,333200,334200,335300,332500,331300,332200,331600,334200,331200,330300,329000,331200,332600,331400,333500,332800,335200,334700,331600,334000,331500,331500,334100,331800,329800,330100,332200,332000,331800,331700,332500,332400,332200,330100,331900,333100,329100,329900,330100,442200,374600,344000,341400,340600,339500,337100,333600,332500,332400,330900,337100,334400,334400,331200,332500,329300,328700,326900,327500,326600,327500,327300,331100,333900,328400,330600,329500,331400,330700,332400,330600,331000,331600,330000,328300,328200,332000,333100,332100,330900,331500,330900,329600,330900,331400
#W oneshot checksum_NMEA 1024 256 500
182900,183200,183200,183200,182900,183400,183600,183300,183600,183400,183300,183200,183400,182800,183100,182900,183200,183300,183000,183900,183300,182900,183200,183200,182900,183100,183000,183500,183400,183300,183300,183300,183000,183600,183500,183600,182900,183800,183100,183400,182600,183400,183400,183200,183600,183500,183200,183000,183400,183400,183300,183300,183400,183000,182700,183300,184200,183800,183400,183500,183700,183600,182900,183500,183300,183200,183100,183400,183100,182900,183200,183600,183100,183100,183500,183200,183300,183400,183500,183200,182700,245800,243500,185500,186400,183700,184700,183400,182800,183500,183800,183000,183300,183100,183500,183400,183200,184500,183200,184800,183500,183800,183700,183200,183200,183600,182900,183300,183500,183100,183200,183200,184000,183400,183400,183600,183000,183000,183600,183400,182800,183700,183500,183600,183500,183600,183600,184000,183300,183400,183400,184300,183600,183700,183000,183800,183600,183400,183700,184500,183300,182900,183900,183100,183300,183400,183200,183600,183400,183600,183400,183500,183100,182800,184000,183500,183500,183400,183200,183200,212000,183500,183200,183400,183800,410800,196100,183300,183300,182900,183200,183000,183400,183500,183200,183200,183100,183300,182900,183200,183200,183400,182900,182900,183300,183300,183200,183300,183300,183200,183100,183400,182700,183400,183100,183100,183300,183400,183300,183300,183200,183400,183300,183400,183300,183000,183300,183200,183400,183000,183700,183100,183200,183500,183900,183600,183100,184600,183900,183700,183800,183300,183400,183100,183300,183500,183100,183100,183500,183600,182700,182600,183100,183200,183100,182900,183700,183500,183200,183500,183400,183400,183400,183800,183400,183300,183200,183500,226000,202600,183900,183400,183100,183200,183800,183500,183300,183100,183700,183400,183300,183100,183600,183500,183100,183400,183400,183300,183100,183500,183300,183400,182800,183700,183600,183200,183300,182900,184800,183800,183400,183200,182700,183700,183500,183300,183400,183500,183800,183500,183600,183700,184100,183400,183400,183800,184100,183600,183500,183400,183700,183400,183200,183100,183400,183300,183600,183700,183600,183200,182800,183100,183500,183400,183600,183300,183200,183300,213200,183300,183300,184300,184400,182600,183400,183200,183700,183400,183000,183400,183200,183400,183200,228300,186300,183100,183400,183600,182900,182900,183800,183500,183200,183000,183200,183400,183100,183400,184200,183300,183200,183000,183400,183300,183600,182900,183300,182800,183300,182800,183500,183200,183400,183500,183400,183400,183200,183300,183700,240200,183600,183500,183000,183700,184100,183500,182700,183200,183200,183200,183600,183100,183800,183400,183500,183300,183300,183700,183600,183200,183200,183600,183600,183800,183100,183500,183500,183200,183600,183500,184200,182900,183300,183600,183200,182600,183100,183100,183500,183000,183700,183800,183600,183000,183200,183400,183200,239800,183700,183300,183000,183000,183500,183100,183300,183200,183900,183200,183200,183000,183200,183300,183000,183200,182900,183100,182900,183500,183000,183100,183300,183100,183200,183300,183300,183300,183200,183300,183400,183200,183400,183300,183100,183200,183300,183100,183300,183000,182900,183200,183400,183100,183200,183500,183400,183200,182800,183300,183500,183400,183200,183200,183100,183400,183100,182900,182900,183100,184100,183400,183300,183500,183300,183200,183400,183400,183000,183200,183300,183700,182700,183200,183300,183200,183600,183800,183500,183500,183100,183000
#W oneshot crc_8 1048576 1 200
2166100,2165200,2166000,2221900,2164000,2164500,2165100,2166600,2166000,2166600,2208000,2164000,2164000,2164200,2166500,2165800,2166800,2202800,2164200,2164000,2164600,2164900,2165700,2166500,2199600,2164100,2194200,2165100,2165200,2167100,2166000,2165800,2209400,2164200,2164200,2183000,2185200,2165400,2166900,2200200,2164500,2164800,2165200,2166000,2165700,2165900,2261300,2231900,2190000,2166000,2165900,2167100,2166500,2201800,2164500,2164200,2164800,2165400,2183000,2180300,2277600,2181700,2165100,2164800,2165700,2167600,2165100,2224200,2164200,2164500,2164800,2166000,2197700,2165300,2165900,2235400,2165700,2164400,2164600,2166000,2166500,2168000,2222900,2164600,2164700,2165400,2166600,2165900,2166500,2206900,2164100,2164200,2164300,2164900,2167200,2165300,2222000,2164500,2164300,2164600,2166700,2167700,2164800,2207000,2164200,2164500,2164400,2165200,2165500,2165700,2166600,2273200,2164700,2164400,2167000,2165900,2166300,2166900,2227800,2164300,2164500,2166100,2166200,2166500,2164700,2307400,2513000,2320200,2166800,2165300,2341400,2171400,2168500,2168500,2168400,2169100,2184800,2329500,2168900,2168800,2172600,2168800,2169100,2168800,2226400,2256100,2164100,2164400,2165600,2165700,2195100,2165400,2270100,2164200,2164400,2165200,2166100,2167800,2165200,2200400,2195300,2164000,2165000,2194300,2167400,2165300,2166300,2205100,2164500,2164600,2165200,2166700,2166800,2166100,2197600,2164500,2164000,2165100,2165500,2166600,2165900,2204500,2165100,2164300,2165300,2166200,2167000,2165300,2293700,2165100,2164800,2165200,2166100,2167400,2165300,2204300,2164200,2165300,2220600,2166300
#W oneshot crc_16 1048576 1 200
2796500,2800200,2804200,2878400,2802200,2802400,2803900,2789700,2793300,2831400,2802300,2789000,2804100,2805900,2818200,2816500,2802700,2802900,2804600,2804600,2837400,2802400,2801400,2802700,2804200,2805100,2833700,2790500,2820900,2804200,2788600,2879100,2799100,2802400,2802400,2806700,2803000,2837300,2801400,2829400,2851500,2818400,2857000,2796200,2802400,2805300,2803300,2804900,2951100,2797600,2795700,2804100,2788900,2861600,2785900,2802100,2801000,2804300,2804700,3025000,3768000,2876500,2799300,2805100,2804600,3005300,2823800,2794800,2797600,2799300,2801100,3015600,2882000,2889000,2903000,2878500,2882300,2886000,2786100,2792100,2803800,2803100,2804000,2870800,2797700,2802400,2891900,2805200,2839600,2802000,2802700,2790100,2801400,2802100,2954200,2803500,2792700,2803300,2805000,2877700,2792800,2803100,2803500,2806000,2804400,2846700,2803400,2802600,2805900,2832500,3046600,2801900,2800000,2800800,2804300,2804600,2916500,2870500,2853700,2805500,2806700,2859900,2802000,2799700,2803500,2804400,2804100,3100600,3017300,2792600,2969900,2798800,2794800,2994300,2808400,2806800,2959200,2900300,2892600,2892700,2890000,2908500,2846200,2802700,2829400,2804800,2804700,2859200,2786500,2801800,2804100,2803500,2805100,2842500,2803000,2790100,2803100,2806100,2891200,2794300,2802300,2803200,2790200,2803700,2951300,2825300,2799200,2803200,2788100,2916300,2786300,2832200,2789800,2800000,2805200,2863700,2802900,2827900,2803900,2835200,2936400,2839800,2802600,2860300,2805600,2804600,2825900,2793300,2798200,2801800,2803100,2868800,2785800,2801900,2802800,2804800,2789600,2900500,2786000,2788700
#W oneshot crc_32 1048576 1 200
2476400,2476500,2477500,2478200,2479400,2628200,2494800,2477800,2477900,2478500,2479500,2548400,2476600,2506200,2477400,2478000,2479000,2477300,2710300,2476300,2476300,2476300,2478000,2478700,2537100,2476800,2476100,2476500,2480900,2478600,2618400,2523900,2476500,2477200,2477900,2479200,2565400,2476200,2476100,2476800,2477700,2510400,2476900,2619400,2476100,2476700,2477500,2479000,2477700,2530700,2476000,2476500,2477000,2509700,2477300,2602900,2476500,2493800,2477000,2479200,2478300,2545000,2476100,2476200,2477000,2478700,2479200,2477200,2524200,2476300,2476300,2477300,2479400,2478000,2579900,2476200,2476300,2476300,2479700,2477600,2520500,2476200,2476400,2476400,2477400,2477800,2517600,2505200,2476400,2476500,2478400,2479200,2478300,2579000,2476300,2476300,2477200,2478400,2478200,2642200,2783600,2527900,2476800,2909400,2571300,2498400,2480900,2483500,2480800,2511600,2608200,2480900,2482800,2480800,2483200,2480900,2539600,2551000,2476400,2476700,2478000,2511800,2477400,2512000,2476100,2476200,2476700,2478800,2478000,2534300,2488300,2476700,2492000,2493600,2477100,2477900,2602400,2476800,2476600,2477400,2478500,2478800,2521900,2476700,2476700,2477800,2479100,2479000,2512100,2476700,2476300,2477600,2478300,2478400,2477500,2558900,2476800,2476700,2493900,2478700,2477800,2511400,2476200,2504300,2477000,2477600,2479600,2515500,2476200,2476400,2478000,2478400,2478800,2548100,2476100,2476400,2476800,2477600,2479500,2477100,2522900,2476600,2476500,2477300,2479800,2477600,2599400,2477500,2477000,2478200,2479300,2477700,2518100,2476100,2476400,2477300,2479400,2478500,2520000,2588600
#W oneshot crc_64_we 1048576 1 200
2614100,2572000,2558400,2559300,2559600,2561200,2559000,2636600,2587300,2558200,2558600,2561600,2560000,2717300,2558100,2558000,2558900,2560200,2560600,2673400,2558700,2558200,2559100,2559300,2561200,2628800,2558200,2558300,2559900,2559700,2561000,2948400,2704000,2571900,2571100,2566900,2570700,2636700,2795500,2645400,2558500,2559800,2560100,2561200,2771100,2563400,2564400,2593700,2562300,2564300,2765400,2640100,2642400,2642300,2639900,2648800,2642900,2723700,2635500,2635900,2798600,2558100,2558200,2672000,2636800,2635800,2637400,2637400,2638300,2751200,2635900,2635800,2636900,2637900,2590300,2663800,2558100,2558500,2558800,2560900,2558800,2602700,2558100,2558500,2559300,2590900,2558900,2592100,2558000,2558700,2558700,2560300,2560300,2663900,2635800,2635400,2637100,2637500,2638900,2642600,2635500,2636000,2638400,2637400,2637500,2781000,3183100,2824100,2741600,2632200,2633200,2653400,2590100,2879100,2595500,2607900,2569700,2571700,2567000,2612200,2641100,2631100,2649100,2651300,2557800,2558100,2753900,2719700,2577000,2558300,2558500,2559300,2674400,2572000,2558100,2558100,2561300,2559700,2980800,2651500,2558200,2558000,2558500,2559700,2619200,2681900,2621000,2559200,2560800,2563500,2679500,2557900,2558500,2560700,2560200,2560300,2602400,2628700,2560900,2559000,2560200,2590700,2647200,2950100,2615900,2579700,2564800,2562700,2564800,2567800,2564700,2692900,2558300,2558200,2559100,2560300,2562100,2824500,2558600,2558400,2559500,2560000,2561300,2788700,2639800,2558300,2557900,2559100,2561000,2592900,2623900,2557800,2558000,2559600,2559700,2598900,2557900,2621200,2557600,2631800
#W oneshot crc_ccitt_ffff 1048576 1 200
2473300,2473300,2473600,2537800,2473600,2473400,2548000,2473200,2473400,2474500,2603300,2473600,2473500,2475600,2477200,2474100,2541100,2473400,2473400,2504600,2476000,2474200,2533300,2473300,2502100,2473900,2476000,2475100,2578900,2566700,2473700,2473300,2473600,2474300,2476000,2624700,2473400,2473400,2473900,2475100,2475100,2598500,2474500,2473600,2473500,2475000,2475500,2547400,2473700,2474300,2474800,2475900,2475200,2517400,2486900,2473800,2474300,2476900,2474900,2475100,2604700,2530700,2474000,2473400,2475200,2476900,2554900,2473800,2473500,2474000,2474700,2476000,2556700,2495100,2474300,2474400,2503600,2477100,2474700,2515700,2473500,2473600,2473900,2475600,2474700,2757900,2913700,2631500,2480700,2477700,2480200,2478800,2951100,2656200,2555500,2558600,2555100,2552700,2555300,2859100,2553000,2554500,2553000,2555600,2553300,2529300,2473500,2473700,2474000,2476700,2475100,2475800,2561500,2473500,2473300,2504300,2475600,2476500,2532200,2473300,2473300,2474000,2475300,2475400,2521300,2473300,2473500,2474200,2476300,2475700,2518200,2543400,2473300,2474000,2476200,2475600,2476000,2539400,2473500,2473200,2475300,2474600,2476200,2553900,2474000,2474300,2475200,2475400,2535500,2553500,2473400,2473500,2534200,2476400,2476700,2504200,2635900,2473600,2473600,2474000,2476000,2475100,2608800,2473500,2473300,2473900,2476900,2474700,2624400,2473700,2473500,2473500,2475400,2475000,2657000,2473200,2473200,2474200,2475700,2476600,2474200,2556800,2474200,2503700,2473900,2476700,2474900,2507800,2473700,2473600,2474600,2475900,2474800,2513700,2473300,2503200,2474000,2475100,2475100,2516200
#W oneshot crc_sick 1048576 1 200
3909600,3891900,3860900,4053100,3868600,3857100,3860500,3922100,4136100,3907300,3893000,3993000,4170300,3971200,3899100,3863600,4078100,3910200,3944500,3891700,4061000,4022200,4008100,3989600,3988600,3982200,3971000,3962700,3864500,3954400,3894500,3869800,3894300,4084400,3898200,3892300,4009400,3902200,3865300,3865100,3887000,3951500,3862200,3919900,3929000,3945600,3894500,3869800,3912200,4353100,3943800,3888200,3967300,3862500,3943300,3900400,3988400,4398800,4197600,3916800,3888200,3895700,4549000,3993000,3902900,3893500,4112900,3981600,3931300,3864100,3892300,3968300,3893200,3887900,3891800,4025800,3895900,3886900,3864200,4015900,4064900,3869300,3861900,4121500,3888800,3886700,3944500,4229600,3934100,3900600,3867200,3983100,3890900,3899200,3939300,4012600,3927900,3886500,3864300,3939000,3862600,3862600,3888300,4073300,3898600,3891000,3861700,4130200,3864000,3861700,3939800,3953700,3888000,3865200,3930600,3922200,3857400,3864100,3976100,3929600,3855400,3861000,3913600,3896200,3851600,3855300,3888200,3930000,3856800,3856300,3889000,4032900,3886900,3890000,3864600,3976300,3894500,3917700,3903600,3943000,3887500,3858900,3861500,3915000,3863000,3913000,3898300,3941800,3861100,3868900,3887500,3954900,3856200,3859700,3861000,3913200,3859800,3888000,3890400,4024500,3892900,3895200,3875700,4022000,3895200,3862700,3864100,3920200,3864200,3891900,3920700,4014000,3892500,3861100,3891200,4414100,3985200,4351800,3990000,3908800,3914800,4087900,3887300,3884900,3893100,3986500,3858800,3865000,3896600,3931600,3928600,3888500,3878900,3932100,3888900,3895900,3935000,3941300,3861000,3860200
#W oneshot crc_8 16777216 1 60
35300200,37032300,40509500,56527500,41558600,37017700,36814400,42400500,39593400,36837700,35997400,36253100,38791900,36200400,36063300,36387200,36248300,35762100,35991600,36292300,35881400,35750000,34909500,34841800,34862500,34905000,34751500,34842100,34775600,35999600,35990400,34817300,34786100,34758100,34878300,36370500,35065500,35043900,35160200,34863400,34844800,34732300,34892200,34797700,34788300,34768000,35629500,34836600,35465500,35892700,34822900,34785500,34977500,34862000,34830200,34882000,34818400,36442900,38442900,36233200
#W oneshot crc_16 16777216 1 60
45148500,45662000,45663900,44935100,45007100,45071700,45068100,44976200,45713400,46569600,46063600,45771600,45039500,45165200,45749200,45459200,46210100,45226300,45329900,45125800,46535800,45668700,45189100,45092200,45098600,45020500,47107400,45406500,45549500,45127300,45690700,46112400,45244000,45024300,45149700,44984500,45643700,45049400,46290500,45380400,45190400,44981900,45787100,45249300,45039400,45419900,46098500,45189200,47137800,46114200,45815000,45034500,46001000,45847200,45375500,44994300,45390000,44990100,45428700,45209500
#W oneshot crc_32 16777216 1 60
40156000,41310800,39930800,39963600,40112300,39988000,39968700,39966900,39767600,39879800,39849300,39786600,40632000,40278000,40794800,39941900,40136200,39970500,39981600,39821200,39800100,40959700,40241700,39929500,39870700,40193400,41878500,40437100,40083100,40287800,40043900,39764700,39910300,39793200,39938800,39758300,39949100,40669100,39991600,40342900,39856500,39941000,39805400,39774900,39893300,39745800,40873400,40267200,40251000,40061500,40708600,41319000,39987500,40081800,39891800,40094600,39833900,39915600,39897500,39842400
#W oneshot crc_64_we 16777216 1 60
41439800,41094100,41315900,41065100,41178300,41139400,41632800,42061700,41146100,41266800,41294700,42474200,41327500,41431400,41292900,41851200,42402200,42276100,42145100,42260500,42327400,42110800,43115000,42218300,42725900,41743700,42384300,41928000,41529400,41186600,41639700,42017400,41475600,41237400,41148600,42240600,46569400,43044200,43251100,80275800,77690900,48406300,44792900,42331100,44893200,42533700,43065000,42382300,43357900,42583000,46734700,50259700,45555100,47146000,44245500,44197200,44078800,44232400,43232500,43624500
#W oneshot crc_ccitt_ffff 16777216 1 60
42968800,41346500,41233000,42980700,41460800,41915700,40865600,41025600,41504100,41163400,57332500,41565700,41337600,40636300,40245400,40942600,40904500,40234200,39979000,39782900,40053700,39907200,39845200,39784500,39950700,39809800,39898100,41469500,40502900,40154200,40044200,39811400,39802100,39856600,39940600,42079200,42729700,42090200,41090300,40272200,41883700,40426900,40093600,40273300,39808900,39926600,39804000,39808300,40639200,39782100,39669700,40390300,40461300,39771800,40325700,39890700,39762000,40935400,41652000,39803000
#W oneshot crc_sick 16777216 1 60
63603700,63194100,65442200,62831200,63049400,63025700,63741700,63241100,63293600,63083800,63762800,63078900,63624500,63596400,62995700,64845300,63213100,62936900,63133100,63560900,63003100,62748600,64835300,63190100,63069900,63158100,65376900,66568000,65487200,63187900,64102300,63934100,63557700,63219900,63112000,62866300,62693900,63135200,64172200,62847000,62931500,62791400,62914200,64885200,64068300,62946600,64257300,62879100,63296000,63006800,63362600,63269700,63151500,64355500,63076500,62674700,63018200,62726900,62798100,64984600
#W oneshot crc_8 104857600 1 25
233051600,226625000,230012200,233463900,229106500,227362300,224166300,249364000,223061000,224267200,219443500,218738300,219100400,221767800,220667900,218663500,219205400,218362800,226275500,218986100,218120300,218992000,220244000,218903800,219159800
#W oneshot crc_16 104857600 1 25
283173100,285656700,284700900,283027500,284036000,284984900,296871000,283281000,296811100,292206500,297803600,296910800,294716500,310253300,286752500,284005500,283337500,283547500,290523500,287339100,283272600,284040300,283787400,282917900,283367700
#W oneshot crc_32 104857600 1 25
251847400,252892300,250154300,251036300,250479400,252845800,248864000,250585500,250453800,251047400,252096700,251027400,260084100,266661400,260938800,261728300,262924300,259366800,276615600,251872800,251847700,249838300,252287300,249876300,253891300
#W oneshot crc_64_we 104857600 1 25
258216500,259924200,261253400,260021500,257198400,259862000,268157700,260942400,258624700,259498100,261517600,259164400,258975300,258283900,260375200,257827900,258982400,259028900,261512600,257447200,259244800,258514700,260264300,258393400,259708900
#W oneshot crc_ccitt_ffff 104857600 1 25
264037700,260919100,259380700,264363700,260820800,259190400,273133900,250233700,257714300,250861800,250264300,250471500,252656500,250908200,249103400,250667000,262017500,257874100,256527400,248877000,251135800,250217800,249953600,249566200,250892800
#W oneshot crc_sick 104857600 1 25
396565600,394951000,395863900,398025700,396485300,396629000,415444300,408967800,417999400,404150600,400727100,394893400,396540400,397666500,398007100,402146000,394784500,397825200,398140200,394903700,396098700,403136600,395855000,397083600,394765400
#W bytewise crc_8 65536 2 300
270400,270500,270600,270800,270400,270600,270400,270500,270400,270600,270600,270400,270500,270500,270500,270500,270500,270500,270500,270500,270800,270900,270900,270700,270500,270500,270500,270500,270500,270700,270700,270700,270600,270600,270700,270800,270600,270600,270600,271300,270600,270500,270500,270500,270500,270600,270400,270600,270500,270500,270600,270600,313400,283400,270500,270500,270900,270800,270500,270700,270400,270500,270500,270600,270700,270500,270500,270500,270600,270600,270700,270500,270600,270500,270600,270600,270700,270600,270500,270500,270500,270700,270700,270600,270700,270600,270600,270900,270600,270800,271000,270500,270900,270900,270700,270500,270500,270600,270600,270500,270600,270600,270600,270800,270600,270600,270600,270600,270500,295500,280500,281000,279500,280200,280100,280500,279900,279300,279300,279300,286200,270600,270500,270600,270700,302300,270900,270600,270700,270800,270600,270800,270600,270500,270600,270500,270700,270800,270700,270700,270900,271100,270700,271100,271000,270700,271400,270900,270800,270600,270600,271000,270500,270600,270500,270500,270600,270700,270700,270600,270700,270600,270700,270700,271000,270500,311100,298600,270700,270600,270500,270500,270600,270400,270600,270500,270600,270500,270600,270500,270500,270700,270900,270800,270400,270500,301000,270600,270600,270600,270600,270500,270600,271000,270800,270700,270600,270800,270600,270900,270800,270900,270600,270500,270600,270500,270700,270500,270500,270600,270600,270600,270700,270800,270700,270500,270600,271200,270700,270600,270500,300500,298500,321200,369800,278800,287600,271200,270900,270700,271500,270600,329800,271500,272800,273000,271200,271100,270600,270700,270800,270400,270600,270700,270700,270600,285800,312900,270900,270700,271000,270700,270900,270900,271200,270700,271000,270800,270800,271100,271000,270900,270600,270900,270900,271300,271100,270800,271100,270700,270700,271500,270600,270700,270500,270600,270600,270500,270500,327500,283200,270600,270500,270600,270400,270700,270500,270500,270700,270600,270600,270600,270500,270500,270500,270400,270500,270500,270900,270500
#W bytewise crc_16 65536 2 300
313500,313800,313500,313500,313500,313400,313500,313500,313500,313500,313500,313400,313500,313500,313500,313800,313800,313500,313400,313500,313500,313500,313700,313600,313500,342600,313700,396800,459900,335500,314200,313700,314000,314300,313900,314000,313400,313600,313500,313600,313500,313500,313500,313500,313600,313500,313600,313900,313700,313600,313600,313700,313600,313600,313600,313800,314000,313900,313800,313900,313800,313700,314700,314100,313800,313600,313500,313500,313500,313800,313500,313800,313700,313700,313500,313700,392800,331500,313500,313500,313500,313600,313500,313400,313500,313400,313500,313400,313500,313500,313500,313600,313600,313500,313700,313500,313300,313500,313600,313900,313600,314000,313800,313800,313800,313800,314000,313800,314400,313800,313800,313400,313500,313500,313700,313600,313700,313800,313700,313500,313600,313600,313700,314200,313600,401300,313700,313500,313400,313500,313500,313500,313400,313400,313500,313400,313400,313500,314100,313700,313500,313400,313400,313600,313500,313500,313400,313700,313600,313600,313600,313600,313600,313900,313900,313900,313600,313500,313800,313600,313600,313600,313500,313500,313600,313700,313800,313700,313800,314000,313600,313500,313600,313500,313600,364400,313500,313500,313400,313600,313600,313400,313500,313700,313800,313600,313500,313500,313400,313600,313500,313600,313600,313600,313500,313400,313600,313600,313600,313600,313700,313600,313500,313500,313700,313700,313700,313500,313700,313500,313500,313700,313700,313600,313700,313500,313600,313500,313500,313500,314000,313600,313500,313500,393300,323400,323300,334600,314600,314300,314600,314800,314200,313600,313600,313600,313800,313500,313600,313900,313500,313700,313500,313800,313700,313600,313600,313600,313600,313500,313600,313900,313900,313900,313700,314200,313700,313900,314000,313800,314800,313900,313600,313600,313600,313600,313500,313500,313600,313600,314000,313500,313500,368300,329600,313700,313600,313600,313500,313500,313400,313500,313700,313500,313500,313600,313500,313500,313700,313500,313700,313600,313400,313600,313600,313500,313500,313700,313600,313600
#W bytewise crc_32 65536 2 300
313500,313700,313600,313800,313500,313500,313500,313500,313400,313500,313600,313600,313500,342200,313700,313800,313700,313500,408200,323300,327000,313900,314100,314200,313700,313500,313600,313500,313500,313500,313500,313800,313600,313600,313500,313600,341700,313700,313600,313600,313500,313500,313500,313700,313600,313900,313800,314700,313800,314000,313500,313900,313800,313800,313700,313600,313800,313400,313600,313700,313900,313700,314100,313800,313600,313500,313500,334200,461800,313400,313500,313400,313600,313700,313600,313700,313500,313800,313500,313600,313600,313500,313400,313600,313700,313500,313500,313700,313800,313700,313700,313800,313700,313700,313800,313600,313500,313600,313500,313600,313800,313700,313600,313500,313600,313700,313700,314000,313900,313600,313500,313500,313400,313500,313500,313500,313700,370600,313600,313500,313400,313600,313600,313800,313600,313600,313500,313600,313400,313500,313600,313500,313400,313600,313500,313500,313700,313500,313500,313500,313500,313500,313500,313600,313900,313600,313600,313600,313500,313500,313600,313600,313500,313800,313600,313700,313500,313500,313500,313600,313500,313700,313500,313600,313800,313400,425100,330900,313600,313400,313400,313600,313400,313500,313500,313400,313500,313400,313500,313400,313400,313400,313500,313400,313500,313500,313500,313500,313500,313600,313500,313600,313600,313500,313900,313500,314100,313700,313600,313800,313700,313500,313500,313500,313800,313800,313600,313500,313500,313500,313500,313700,313500,313600,313900,313900,369000,323800,429100,313600,313800,336300,525200,396700,773000,329900,390300,314400,316100,314200,314000,402300,314200,313900,313900,313800,313600,313500,313600,314000,313600,313800,313600,313900,313800,313900,313800,313800,313500,313700,314400,314000,313600,313900,314100,314000,313700,314000,313700,314300,314100,313500,313700,313500,313500,313500,313800,313600,313500,313500,313800,339500,350500,380900,323600,323200,327200,323400,323100,325400,323300,323200,325400,323000,323000,325200,323200,323300,324900,323000,323000,324900,323100,323100,324900,323100,323100,325800,323400,323200
#W bytewise crc_ccitt 65536 2 300
318600,318600,321000,318600,318500,320500,318500,318600,320800,318600,318500,320500,318500,318500,318500,342900,322700,309200,312100,345500,399600,318600,318500,320500,318600,318500,320500,318500,318500,320500,318500,318500,320600,318600,318700,320400,318500,318500,320400,318500,318600,318500,320900,318600,318600,320500,318600,318700,320800,319100,319000,320800,318600,318700,321400,319300,319400,320800,318700,318600,320600,318700,318700,321000,318700,318900,318600,326000,309200,309200,361900,408600,321800,371400,381800,344200,309200,309200,309200,309200,309100,309100,309200,309200,309100,309100,309100,309100,309200,309200,309100,309200,309100,309200,309300,309200,309200,309500,309300,309300,309300,309200,309400,309200,309500,309200,309300,309200,309300,309400,309600,309300,309900,309600,309400,309100,309100,309200,309300,309200,309200,309300,404600,358200,309200,309200,309200,309100,309200,309300,309200,309200,309100,309200,309200,309200,309200,309100,309200,309200,309100,309300,309400,309100,309500,309300,309200,309200,309300,309600,309300,309200,309400,309200,309500,309300,309600,309500,309300,309600,309600,309400,309200,309100,309200,309300,309400,325500,352200,309100,309300,309200,332100,326600,309500,310000,309500,309700,309200,309200,309500,309200,309200,309200,309100,309200,309300,309200,309300,309200,309300,309200,309400,309200,309100,309200,309200,309300,309300,309400,309100,309400,309200,309400,309400,309400,310400,309700,309300,309200,309300,309200,309400,309400,309400,309200,309200,309300,309500,309400,309200,309500,329700,333600,346900,319000,318800,319800,320600,318900,319300,318900,318700,319100,318700,318700,318800,319000,319400,319100,319100,318800,318600,318600,318700,318800,319000,318800,318800,319200,319300,319500,319600,319200,319400,319100,319200,319100,318700,318900,318700,318900,319000,318700,318600,318800,318800,318900,318700,318700,318900,354700,319500,318600,318600,318500,318500,318500,318600,318500,318600,318600,319400,318800,318600,319100,318800,318700,318500,319000,318600,318600,318700,318600,318800,318800,318800,319000,319100,318800
#W bytewise crc_kermit 65536 2 300
323200,323000,323200,323000,323100,323000,322900,323000,323100,323000,323000,323400,322900,323100,323000,377000,313500,313500,313500,313500,313500,313500,313500,313600,313500,313600,313700,313700,313600,429100,313400,313500,313500,313500,313500,313500,313500,313500,313500,313500,313500,313400,313600,313600,313400,313500,313500,313400,313500,313500,313600,313500,350100,313500,313500,313500,313700,313600,313600,313500,313500,313400,313500,313500,361800,313600,313600,313500,313500,313500,313500,313600,313500,313500,313500,313500,313500,313500,313400,313500,313500,313700,313800,313600,313600,313700,313600,313900,313700,313700,313500,313600,313700,313700,313600,313600,313600,313600,313500,313900,313800,314100,313700,313600,313800,313500,313500,313600,313600,313500,313800,313600,313800,313500,368400,313800,313500,313700,313500,313500,313500,313500,313500,313400,313500,313500,313500,313600,313600,313700,313600,313700,314000,313600,329000,354500,313500,313400,313800,313700,313700,313600,313700,313500,313500,313700,313500,314000,313600,313700,313500,313500,313600,313600,313700,313700,313600,313800,313700,313800,314000,313900,314100,389800,313500,313500,313400,313500,313500,313500,313500,313500,313500,313500,313500,313600,313500,313800,313500,313500,313600,313500,313500,313600,313500,313500,313400,313500,313500,313500,313500,313600,313900,313700,314200,313600,313500,313500,313500,313500,313700,313600,313500,313700,313500,313900,313700,313600,314000,313500,313500,313500,356500,329400,314300,406900,323300,323300,347700,338500,368500,371100,382500,384200,314200,313800,466700,313500,313500,313500,313500,313400,313500,313500,313400,313500,313500,313400,476600,324500,335500,316600,313600,313600,315700,313800,313600,315500,313700,313400,314000,315400,313700,313600,326300,313600,313500,315700,313700,313500,316000,313500,314200,316200,313500,313800,315900,313800,313900,313800,315900,313600,313500,315900,313500,313500,315400,313500,313500,315700,313500,313700,315600,313600,313400,313800,352900,313900,313500,315900,349400,420600,313500,313400,315800,313400,313500,315300,313500,313500
#W bytewise crc_dnp 65536 2 300
313800,313600,315600,313500,313500,315400,313500,313700,313600,315200,313500,313700,315400,313600,313400,315500,313400,313500,315600,313600,313600,315700,313600,313700,315600,313700,313600,313900,315900,313700,313500,315500,313400,313600,315600,313500,313600,344300,426000,313500,345900,313500,313500,313600,313500,313500,313500,313500,313500,313500,313500,313500,313500,313500,313400,313600,313400,313500,313500,313500,369600,327200,313400,313400,313500,313500,313600,313500,313600,313600,313600,313500,313600,313700,313600,313500,313500,313600,313400,313600,313500,313900,313400,313600,359500,314000,313500,313600,313900,358200,382100,313400,313500,313600,313500,313600,313500,313400,313500,313400,313500,313500,313500,313500,313600,313400,313500,313500,313600,313500,313500,313500,313400,313500,313700,313700,313700,313500,314100,313700,313700,313500,313600,313600,313500,313700,313800,313700,313600,313700,313600,313600,313700,314100,313600,313600,313500,313600,313500,426000,313700,313400,313600,313700,313400,313400,313600,313700,313500,313400,313500,313500,313500,313600,313500,313500,313500,313600,313400,313500,313500,313700,313700,313800,313600,313800,313400,313400,313600,313700,313800,313700,313800,313600,313600,313700,314600,314200,313800,314100,313600,313700,313500,313500,313600,313600,313500,313600,384200,313600,313500,313500,313500,313500,313500,313600,313500,313400,313500,313600,313500,313500,313500,313500,313600,313500,313800,313400,313500,313700,313500,313500,313400,313500,313700,313600,313600,313600,313700,313600,313900,313600,313600,313600,313900,313900,313500,313500,313500,313500,313800,313700,313700,313500,313700,313600,313600,378800,328500,313600,313500,313500,313500,313500,313500,313500,313500,313400,313500,313500,313500,313600,313500,313500,313500,313600,313600,313500,313600,313500,313600,313700,313600,313500,313600,313600,313700,313800,313800,314300,313700,313800,313600,313600,313500,313800,313600,313800,313700,313800,313500,313700,313800,313600,314300,313800,313600,352900,328000,313500,313700,313500,313600,313500,313600,313600,313600,313600,313400,313500
#W bytewise crc_64 65536 2 300
309800,309800,309400,310400,309300,309100,310000,309200,310200,309400,310000,311700,311200,309100,309300,311500,310000,310500,310300,309400,309900,310200,309300,310400,310400,311700,310300,309900,310200,311400,309200,310000,361700,309800,311400,310600,310000,309900,310300,309400,309800,309900,309900,309300,310400,311200,310900,309100,310900,310300,326300,324700,311400,309800,309700,310600,310300,310000,310000,309400,310600,309800,309500,310600,310500,309400,310000,309700,310200,310100,310700,310300,310600,340900,309800,309400,311500,310700,311400,310500,310000,310600,375700,355100,336400,310100,309200,336500,330300,314000,312200,313200,312100,383000,309900,310900,311000,309900,309900,310900,311200,310500,353800,324200,311700,310200,310700,310700,310100,311100,310200,310100,309700,310700,310600,310400,311600,310300,311300,311800,311200,310800,311300,309500,310500,310400,309800,310300,310100,310800,310100,366400,323300,309200,310100,310200,310300,310100,309500,311000,309200,310800,309500,311000,311600,309200,309500,309700,310400,310100,310100,309500,310300,309600,310500,310000,310900,311500,309800,310500,310500,309700,310600,309600,311500,311800,311400,309700,310100,309300,310400,310400,310100,310400,310000,309200,309600,311300,309400,309600,310800,346700,323300,312400,309600,310400,310300,310400,309200,310700,309800,311100,309500,312000,310500,310700,310600,310700,311700,309500,309500,309400,309800,310400,310300,310500,309500,309400,310500,311300,309900,311100,311800,310400,311300,311500,310700,310700,309600,309300,310300,310100,309100,311100,310400,310600,310800,309800,309800,310300,309400,402800,319000,324300,309200,311400,312400,310300,311400,309200,310600,310400,310400,309200,310200,309300,309200,309200,310500,309700,309700,310200,310100,311100,310200,311200,310500,310700,309800,309700,310000,310400,310100,311600,309700,310100,310200,310000,310000,310300,310000,311300,311000,310100,310800,309200,310600,310100,310100,309300,309500,361100,309900,310500,309800,310400,309500,309900,309200,310800,310700,309500,310600,310500,311300,309400,313400,309200,309400,310600
#W bytewise crc_sick 65536 1 300
243400,243200,242900,244000,243800,243000,243200,243000,242100,243700,242900,242300,242800,244600,243000,242400,243100,242100,243000,242500,242800,244100,244800,242900,242700,242600,242400,243300,242500,243600,243500,242600,242200,242500,242800,242700,288600,260900,244500,242700,243100,242700,243000,242600,242700,243200,243600,241700,242200,243000,242900,243500,244600,243800,243600,242100,242400,243100,242900,242700,243600,241900,243200,242700,242600,242900,242300,243600,243300,242900,242500,242900,243600,243300,243800,242000,243200,242900,243000,242700,243100,242600,243400,242600,243300,243600,244300,243400,243400,242700,242900,244200,242600,243200,242600,243700,242200,243500,243100,243100,294600,243300,243100,243100,242600,242200,243200,243200,243000,243800,243500,242600,242900,320000,257300,243800,242800,242900,242800,242100,242500,242600,243400,243100,242400,243400,242800,242700,242900,242100,243300,243800,243200,243600,242600,244400,243300,242200,243300,242800,243500,243600,243200,242700,243700,243100,243400,243100,243300,242800,242900,243000,242900,242300,243100,242900,243700,243400,243800,243500,241900,243200,243600,243400,287300,243000,243100,243500,243000,242800,243100,242600,243100,243200,243600,243700,243500,243800,244000,243800,242300,242300,243600,243000,243100,242600,243100,243400,242500,243100,243500,243500,243300,243200,241600,243600,243000,242400,242800,242400,242700,242600,242900,242600,242900,243500,242300,242600,243100,242800,243000,243500,243400,242500,243800,243000,242100,243500,243200,242700,242500,243500,243800,242600,242700,243600,242900,276500,316400,243300,242500,243800,243200,243300,242600,242800,242600,243100,242800,242300,242700,243100,243100,243300,243000,243100,242100,242900,242800,242900,243200,242900,243700,242700,243300,243900,243700,243200,243500,242800,242200,243300,243300,244000,243300,242700,242600,243200,243300,243600,242700,243200,243500,243800,242500,242900,242300,242800,242500,243400,243900,243500,242300,242900,243000,242300,243500,243600,243100,242300,242900,300800,244100,243100,243300,242200,243400,242400,243200,242800
#W manysmall crc_8 100000 1 100
8150800,8228100,8164000,8193300,8120400,8218700,8134200,8234300,8132700,8165400,8136600,8163600,8165200,8117100,8194400,8118000,8336900,8992500,8338600,8486500,8425400,8481000,8193700,8189400,8351400,8426700,8365700,8408900,8373100,8268700,8133500,8347700,8188700,8256100,8134200,8356400,8175000,8299300,8188700,8281800,8368500,8136700,8195900,8133600,8246700,8134200,8272800,8142300,8191200,8132600,8221700,8160700,8231700,8099700,8215000,8273400,8142200,8123500,9131100,8134100,8447800,8165500,8501000,8196500,8221700,8131700,8201700,8102700,8259500,8133300,8298600,8136600,8211600,8178500,8167900,8222900,8123300,8181200,8187400,8182600,8650900,8421300,8767300,8135800,8396600,8160600,8330600,8195100,8252100,8129800,8163900,8133000,8221100,8141300,8289800,8133700,8196100,8138900,8245400,8159100
#W manysmall crc_16 100000 1 100
15046000,15001500,15061000,14982300,14991800,14998600,15048100,15000400,15022400,15022800,15010400,15067000,14988400,15019700,14999900,15014800,15342100,15610500,15174600,15157800,15048200,15139400,15434300,15352500,15383600,15008100,15177400,15274900,15123900,15026900,15104400,14957800,15109200,14986900,15025700,15068800,15002300,14999800,15000000,15674300,15275300,15250500,15180400,14994300,15086800,15102800,15031100,15039300,15071400,14955800,15048800,14997800,15898500,15233300,15154200,15147900,15018500,15171100,15415900,15638400,15175600,15315900,15519700,15051100,15540300,15581700,15341000,15034000,15125700,15456200,15095000,15389400,15123600,15275000,15421100,15178100,15458400,15240100,15084900,15038900,15063100,15067100,15839000,16121900,15882000,15461000,15477500,15466600,15822100,15505100,15501400,15483900,15511300,15504900,15769800,15531600,15557300,15421300,15219300,15018400
#W manysmall crc_32 100000 1 100
12947700,13451600,12951100,12833800,13091800,12997100,12803000,12879100,12752200,12837500,12799300,12841500,12845600,12878500,12856300,12808900,13554000,12926600,13003700,12929300,12873200,12785200,12800400,12866800,12795700,12791500,12794700,12819400,12818000,12821500,12860500,12814500,12778900,12828200,12802500,13068400,12820500,12964400,12761300,14400200,13035000,12979200,13049800,12916200,12792200,12750500,13118700,12817100,12939100,12798500,12746800,12835600,13483900,13067500,12985100,12863600,12845500,12760700,13257800,13474900,14261300,12953400,12793200,12821200,12831300,13174300,12834400,12841900,12852900,12753900,12802200,12820200,12829600,12911000,12833200,12752000,12816800,12878600,13555600,12803800,13010100,13591700,13448200,13448000,14298500,13241200,13405800,13834600,13849200,13520000,13381900,13323200,13549600,13468000,13102500,13160400,12902400,13107500,13160700,13047900
#W manysmall crc_ccitt_ffff 100000 1 100
14102000,14075800,14087300,14093800,14138500,14068800,14064800,14101100,14606700,14112300,14075600,14094500,14073700,14885100,14276800,14231100,14072100,14281100,14113200,14145500,14111700,14123500,14649100,14449200,14251200,14162700,14083800,14182700,14118900,14100300,14085800,14039500,14084200,14066500,14397000,14125700,14099400,14059500,14260000,14418800,14094300,14118800,14062800,14077300,14075100,14134100,14604600,14741800,14475000,14454900,14079400,14168300,14297000,14134000,14118200,14347300,14483900,14356000,14103700,14271300,14692000,14218500,14231400,14145900,14033400,14111400,14121000,14124100,14082000,14147300,14201300,14132400,14088100,14101700,14076800,14029100,14066400,14112200,14220100,14076300,14059100,14071300,14068500,14065000,14130300,14033300,14072100,14074200,14065100,14089900,14079500,14099600,14668400,14404100,14407400,14467900,14077600,14034700,14137200,14116900
