#M impl rust-native
#M clock std::time::Instant (QueryPerformanceCounter on Windows)
#M target_batch_ns 200000
#W oneshot crc_8 16 16384 500
227700,228500,228200,227700,228100,227700,227800,228200,230500,227900,230300,228600,228300,228300,228200,230000,230100,228000,228400,228500,228700,228000,228400,228700,228500,228900,229100,228900,230600,230700,228600,228700,229000,228400,228300,228000,228700,228600,230300,228100,253200,237200,235700,234900,237300,235800,237000,236900,234700,235800,238000,235900,235400,235200,236100,235200,236500,235900,236300,237800,235200,235500,238500,237500,236300,235000,237400,235800,235800,235800,237800,235600,238100,236800,235300,234700,236300,235400,235600,236700,236400,237600,236600,236000,237600,236200,235900,235300,235400,235800,235400,237300,235300,236900,235600,237000,235300,237700,237900,235700,235800,234900,235800,235600,237500,236000,249000,237100,236300,234900,235700,235400,236300,237300,235100,236400,235500,235300,235200,238000,236600,234700,235600,235700,235300,235500,237800,235100,235200,235300,235200,235000,235600,235800,236600,235500,238700,236300,237500,236400,235900,235500,235800,235300,236400,237500,234900,235000,235400,235600,235500,235300,234800,235200,235000,237500,238400,237800,236500,237300,236000,237200,237000,236500,237100,236400,237900,237700,235700,235800,235000,235300,244400,237100,235100,235100,235100,236800,238100,237400,235900,235800,237500,235200,235500,235100,237500,236700,234800,235200,235700,237300,237200,235200,236200,235600,236600,235100,234700,235600,236000,234900,235200,235100,237300,235400,235300,234900,235500,235800,236600,237600,235700,238500,237200,235100,235600,235300,234800,237400,235300,235700,236400,236300,235000,237300,235800,235200,235100,236900,237200,235200,237100,234700,237500,234700,237500,235300,257600,235900,235400,235100,234800,238100,237400,234800,237400,235700,236100,237100,235900,237100,237500,234700,236500,235600,235700,235500,236700,234800,237500,235100,234700,235500,236500,234800,237500,236100,235600,235100,236900,235100,236500,235200,237100,236000,237700,236500,235700,235700,235500,235500,236600,236000,237300,236500,235600,237900,235900,235900,238200,244300,228300,230600,229700,230300,228500,228100,228800,229700,229700,228200,228400,228100,254500,238300,242700,229700,230000,230400,230300,230200,228200,228300,228500,230400,230400,228100,227900,229600,228100,229400,230700,228000,229700,228400,228500,228300,259600,229900,230500,227600,228200,228700,230000,228400,229000,228200,228700,228500,228900,230400,228400,228800,228600,229600,229700,228200,228100,230800,228500,230400,228700,228700,228700,228500,230700,248100,229600,229500,230500,227700,228400,228600,228400,230600,230400,228400,228100,227800,228600,228500,273300,228200,228500,228500,228200,228400,228700,229800,230100,228300,228000,228000,228100,229000,230400,229800,259600,230000,227900,228200,229400,231400,230600,229500,228500,228400,228700,228700,228300,229800,229900,228600,228800,228700,230000,229600,230900,229700,228800,230000,229600,229700,229300,228200,228400,228300,228500,228500,230500,229200,228900,228400,229500,229500,229100,230200,259500,228200,228700,228900,230300,227900,228900,229800,228800,228700,228400,228600,280500,245100,228000,228600,228100,228900,228600,230300,230600,228400,228500,230100,228800,231100,228500,230300,229200,228900,228600,228500,228500,228200,230700,228200,228100,230700,228700,229400,230700,228800,229500,228900,228600,228300,230000,228300,228200,230800,228200,230700,228500,228400,228300,229000,228600,228300,229500,230900,229800,230000,228900,229500,228100,228100,230100,229600,228500,227800,229100,229500
#W oneshot crc_16 16 16384 500
376800,376900,376700,376000,376700,376800,376700,376300,377000,376500,376400,377700,376600,377000,377400,376200,377300,376400,376300,376500,376700,376900,377300,375600,376400,377200,376900,377100,376400,377000,377100,376600,377400,377400,377600,377000,377500,375500,377100,376600,390100,380500,378700,472000,377600,445100,530000,1224900,405100,536600,376700,376100,471500,365400,364700,364900,365400,365300,365500,365600,366000,366200,365700,365600,365500,365800,366000,366000,365600,365800,366300,366000,365800,365800,366000,365700,365300,364800,366800,366000,365800,365700,365900,365700,365600,366300,365400,401500,460900,379900,379500,380900,376800,377000,379200,376500,378600,376700,376200,377700,375900,376200,378900,377000,378500,376300,376800,379300,375900,391700,376400,376600,378500,376900,376200,378200,376300,379000,375800,377100,378500,376200,376200,379200,376600,379400,377300,376500,386400,365900,365300,369100,488600,376700,376400,378300,376500,376500,379000,376800,378900,376700,376500,379500,376900,379100,377000,376800,378100,376400,376000,378800,376500,378500,377300,377500,379900,377600,376700,379800,376200,378500,376300,376800,379600,376700,377300,378700,376800,378200,376700,376800,378400,377000,377000,382800,379400,384000,376600,376900,377500,377100,377300,377000,377400,378800,377200,377300,377500,378100,377400,377100,377100,377200,376800,377100,376800,376300,377900,378000,376800,376700,377100,377000,376900,377100,377600,376900,377200,377700,375800,377300,378100,376900,376700,376500,376800,375700,376700,756300,396800,405000,419300,388200,376200,377300,376900,377200,376800,396500,376800,376200,376100,376700,376000,376800,377000,376800,377200,376700,376600,376700,377300,376800,376700,376800,376700,377000,376600,376800,376900,377500,376600,377200,376500,377100,377800,377400,376800,408500,437200,376000,375600,376500,376900,377400,377500,378100,376300,378100,376500,377100,376100,377000,376400,376200,376400,377600,377200,377500,378200,377000,377000,376700,377400,376500,377100,377400,376800,377600,376700,376100,376800,377300,376900,376300,376700,377400,377100,376300,402500,376500,376000,376200,376600,375800,377200,376800,376100,376600,377600,377100,376900,377200,376900,376600,376900,376900,376500,377400,376600,378300,377000,377200,399900,376300,375300,375200,376500,375600,376400,376100,377000,377500,376900,376600,376300,377000,377200,376300,376700,411600,389900,377000,377000,384400,376600,377100,377500,377200,377800,377100,377100,377400,376200,376800,377000,377000,376700,376900,376700,376500,377200,376400,377400,376200,377700,376800,377000,377600,376300,377500,376900,376600,376500,377000,376500,376900,376600,377100,376400,376500,376900,430800,377000,376400,376500,376200,375900,376800,376800,376200,376700,378000,376500,376400,376500,376500,376200,376100,376300,377400,376600,377700,377200,377000,375900,377400,376500,377000,377800,376200,376200,376800,376900,377300,376700,376300,377200,376100,379100,379000,375600,377000,434800,458200,392900,376100,376000,376400,376200,376200,375800,376400,376600,377000,376900,376700,463900,375600,376000,376000,376700,376400,376600,377000,376500,376500,375700,376800,433300,375500,376400,376900,376900,376600,376100,377100,376400,376900,377300,377000,376800,376000,376900,390300,377100,376400,376200,376500,376500,376300,376500,376800,377100,376200,376200,376300,376700,376300,376500,376500,388200,365600,365200,365800,365300,366000,365400,365300,365600,366000,365800,365100,365600,365300,366400,365500,365500,366400
#W oneshot crc_modbus 16 16384 500
384100,401400,373000,374800,374500,375900,374900,375100,372100,375300,375700,374500,373800,374400,373200,375200,374900,375700,374900,374600,376100,375200,375200,374900,373300,376800,375300,374800,373300,373900,375100,375300,374000,374900,373800,374300,374900,374700,373700,375700,375200,373800,374800,494700,376000,492500,376400,378000,1424700,390400,375000,374800,375300,374900,740000,452000,374600,374900,376200,374300,374900,705800,381800,378000,374000,365000,364900,368000,364800,369800,364100,363600,368300,363500,365300,381000,364500,363700,369900,398700,369500,363600,363400,368900,363700,364300,369100,363500,367400,365000,364200,369400,363900,363700,367500,363100,364200,368000,364000,368900,365200,364600,368500,363300,362900,414600,495300,374400,374400,376900,374500,374900,378700,375700,377500,375000,373100,377100,374200,372600,378400,374400,377300,375300,372900,375600,374400,376200,378600,376700,380700,375500,375600,379000,375700,373700,379900,376200,378300,375600,374800,379100,376400,377900,374700,583600,378600,374900,377600,377000,376900,380700,376000,377700,378700,377600,376700,376300,377800,378300,375200,377000,377100,376100,377000,376600,378400,376500,376400,374000,373700,375200,375700,375400,375700,374800,374200,374700,374500,375800,376100,374400,375600,373700,373500,376400,374800,375800,374400,374600,374700,373600,374900,413400,361800,364200,364000,364500,363100,363000,363500,363800,364900,364000,364300,365400,363300,363600,364100,362700,363700,361600,364900,388100,376000,373200,375500,374800,373100,375400,375500,375500,374200,375500,374300,375300,375800,375700,374400,373100,374800,375400,375500,375800,375200,388000,377400,364400,364400,364100,363200,363300,363600,364200,364200,364400,363900,364500,364800,364300,363000,363600,364400,364400,362000,362500,363800,363100,364000,364700,364600,363500,364000,365600,365000,365400,363900,363900,363800,363100,364900,362900,366100,364600,364900,387100,376500,380700,375600,375000,376400,374200,374600,375400,376600,374800,376200,375400,375000,375200,375000,376300,376000,375600,375300,375500,375800,376200,376000,372400,375400,375100,374700,375800,375000,374900,375100,375800,375900,375200,374700,375700,376300,375200,373300,374300,375800,375000,376300,388700,373400,373000,375800,376000,374800,375100,374500,376800,375700,376300,376400,373600,376000,373800,374700,374300,375000,375700,374200,373800,375400,375500,374900,378000,378900,377000,374600,375500,374100,375200,373400,376300,376000,374200,376300,374400,375300,373600,375500,375800,381700,377700,379000,378800,379200,376600,375000,376400,378000,374900,374000,374900,375700,376800,374800,372200,374500,375700,372100,373800,374200,374900,374300,375000,376100,375200,376200,374000,374900,376800,376100,378700,375300,375000,376200,376900,377000,376300,375600,373400,376000,375100,387700,378500,382100,377500,377900,377300,377100,378600,377700,377800,377400,376000,378500,375200,376900,375600,376200,375900,375000,376000,377100,377500,376100,377300,378500,375200,374900,375500,374100,373500,374700,373200,375400,371900,373200,374100,374600,373000,373800,373500,374300,379100,375100,376100,374200,374700,374300,374400,374900,374600,373500,374600,375600,374600,372800,374000,374100,376600,378100,376100,375800,374800,376400,375200,374000,374200,375000,375300,372200,376000,376300,374900,374400,374500,375600,374400,374600,374200,373900,373500,374000,375400,375200,388800,387400,414700,374600,374100,374300,374200,374200,375900,376500,375200,377100,375900,375900,374200
#W oneshot crc_32 16 16384 500
346900,358100,365400,336600,388800,457900,384600,367700,351900,349300,351600,354700,409500,347600,346700,347400,346900,347500,347100,347600,346700,347700,347000,386500,361500,347500,347200,347400,347200,347600,347100,347800,357900,337300,337300,337200,337200,336700,337300,337000,337000,336800,337300,336800,393900,393700,351800,337200,336500,337400,336700,336800,336600,337200,337200,375900,341200,336500,337300,382900,353400,341100,336700,337300,336600,337200,336600,337100,425300,337200,336700,337300,336800,353000,377300,336600,365900,394000,381000,377900,365400,366200,365300,337300,337500,337600,337200,337200,337000,337200,337100,336900,337500,366200,366400,337300,337300,337500,337700,337500,337300,337500,337700,337200,337800,337700,337800,336800,336800,337000,336700,337200,337300,451800,347800,356200,337700,337900,337200,337700,337700,337300,336700,337500,336800,337300,337000,336900,337400,337300,337100,336800,337100,337100,336600,337000,337300,337700,337200,337500,337600,336800,337400,337300,337400,337400,337000,337800,337600,337300,336700,337300,337200,337300,337400,336900,336700,337400,336600,424300,337200,336600,337400,336700,337400,336600,337000,336600,337200,336500,337300,336600,337200,336500,337400,336600,337200,336900,337400,337300,336800,337100,337200,337200,337000,337300,336800,337500,336700,337600,337000,336900,337300,336600,337400,336800,337100,337300,337500,336600,337500,336900,337000,337500,337100,408000,347100,355000,337500,337600,337400,337800,337000,337100,336600,365300,336800,337100,337200,337700,337500,336800,337200,336800,336700,337200,337000,336600,337300,337400,337300,337100,337600,337500,337600,337800,337000,337100,337600,337400,336800,337400,337400,337200,337400,337000,337700,337200,337500,337300,337400,447900,363300,381200,336900,337100,336600,337200,337200,337100,336700,336800,337200,337400,337500,336900,337200,337800,336700,337300,337300,337000,337800,337400,337400,337400,337500,337700,337000,337000,337600,337300,337400,337500,337300,337300,337300,337300,336600,337300,337100,337700,337200,337300,337100,337400,371000,337000,336800,337000,336700,337600,337400,336500,337100,337200,337500,336900,336700,337300,336800,336700,337300,337000,337300,336700,337400,336700,337200,336700,337200,337400,336800,337400,337300,337300,337200,336600,337200,337200,337600,336600,336600,337600,337400,337400,337500,337200,337400,337500,336600,337400,340000,375100,337300,336900,337300,336600,337200,336800,336700,337100,337300,336900,337500,336700,337200,336600,337300,337400,336700,337200,337100,337300,337000,337200,337100,337300,337400,337600,337200,337400,336700,337400,337000,337300,337200,337100,337300,336300,337100,336900,337200,337200,336800,337400,336700,337100,337300,371200,336600,337500,336900,337300,336600,337400,336700,337100,336700,337400,337100,337300,336600,336900,337400,337300,336800,337100,337400,337300,336800,337000,336800,336600,337400,337400,336600,336900,336800,337400,337300,337300,336800,337100,336800,337000,336800,337300,336800,337500,337500,337100,337300,337200,337600,450900,337500,336700,336600,337500,337200,336600,337400,337200,337400,337600,337300,338100,338200,382300,405900,347600,347600,346900,347500,346900,347400,346800,347500,347400,347600,347500,347900,347500,347200,347300,347900,347500,347600,348000,347800,348000,347800,347900,347800,347100,351700,337100,337000,337600,395100,336900,337500,337200,337400,336800,337300,336700,337300,336800,337500,337100,337300,336800,337300,336700,337200,336900,337700,337200
#W oneshot crc_64_ecma 16 16384 500
322500,322500,322300,322500,352400,322100,322400,322100,322400,322100,322200,322200,322500,322200,323000,322700,322600,322200,322300,322500,322100,322700,448700,405800,322200,322200,322100,322200,322400,322200,322300,322300,322200,322500,322100,322300,322300,322200,322300,322100,322200,322200,322200,322400,322600,322700,337400,335500,322400,322500,322500,322600,322400,322300,322500,322500,322300,322700,322400,322700,322300,322600,322400,322500,322200,322400,322300,322300,322300,322500,445600,363600,322100,322400,322300,322500,322200,322200,322000,322300,322200,322300,322200,322400,322100,322400,322500,322500,322500,322600,322100,322400,322400,322200,322400,322300,322200,322500,322400,322600,322400,322300,322600,322200,322800,322600,322500,322400,322500,322500,322200,322200,322400,322500,322100,322500,322100,322300,385800,331800,332200,331900,332300,332000,332100,331900,332200,331900,332400,332200,331900,332100,331900,332000,332000,332100,332000,332200,332100,332100,332200,332100,332000,332300,332300,332400,332300,332300,332100,332800,332100,332400,332200,332100,332500,332100,332200,332200,332000,332100,332200,332300,332200,332400,359800,352000,322400,322200,322400,322100,322300,322100,322200,322100,322300,322200,322200,322100,322300,322400,322100,322400,322000,322400,322100,322200,322000,322400,322500,322700,322500,322200,322600,322300,322900,322800,322100,322500,322400,322200,322600,322400,322100,322500,322300,322100,322400,322400,322500,322300,322400,322400,322300,450900,322100,322400,322200,322300,322100,322300,322200,322500,322100,322500,322300,322300,322200,322200,322400,322200,322400,322200,322400,322400,322300,322200,322300,322400,322300,322500,322500,322400,322400,322400,322400,322600,322400,375200,327500,322600,322400,332800,326800,323000,322700,322700,322600,322300,322700,322600,374400,345000,322400,322100,322400,322600,322100,322400,322400,322000,322400,322000,322200,322300,322400,322400,322300,322800,322000,322500,322300,322500,322500,323100,322800,322400,322400,322600,322500,322400,322400,322200,322600,322500,322600,322400,322500,322400,322400,322500,322500,322600,322300,322600,322500,322200,322600,322300,322500,422300,420800,322200,322600,323000,322500,322400,322200,322500,322300,322500,322500,322200,322200,322500,322200,322300,322400,322200,322300,322200,322500,322500,322600,322400,322700,322400,322900,322400,322800,322600,322600,322700,322700,323000,322400,322600,322400,322000,322500,322700,322400,322200,322300,322500,322300,322500,406100,337500,322800,431500,323200,323300,389800,355400,402500,449400,364200,370800,322400,322500,350700,377800,322400,323200,323000,323100,322600,322200,322400,322600,322800,322000,322400,322400,322200,322400,322900,323000,485900,408000,323100,330100,322400,322400,326500,322200,322500,325800,322300,322100,325500,322300,322500,326100,322400,322200,325700,322100,322600,325700,322400,322300,326500,322900,322600,326200,322600,322400,326700,323200,322600,326800,322200,322200,322500,325900,322300,322200,326200,322100,322500,326100,322300,322500,326300,322200,322200,369000,391100,394300,322500,322100,329900,322200,322400,324100,322400,322100,324100,322200,322400,323900,322300,322200,324100,322200,322500,324000,322200,322200,324100,322400,322300,324300,322500,322200,322500,324300,322400,322100,324400,322600,322300,324200,322000,322400,324500,322400,322200,324400,322200,322400,323900,322600,322500,354100,322800,322300,325700,350900,322100,382700,322100,322300,322400,322300,322300,322200,322500,322300
#W oneshot crc_64_we 16 16384 500
326500,325800,326000,326100,326400,326300,326300,326300,326500,326500,326500,326600,326300,326400,326600,326300,326100,326300,326800,326400,326200,326400,326000,326600,326100,325800,326200,326400,326500,326600,326500,326700,326300,326700,385600,326500,326200,326300,326400,326000,325900,325800,326100,326400,326200,326200,326200,326400,326000,326500,326500,326500,326400,326900,326400,326200,325900,325800,326200,326200,326000,326400,326500,326600,326400,326000,326400,325900,326500,326600,326200,326700,326300,325900,326500,326500,326600,326400,326600,326300,326500,326300,358500,326300,326300,326600,326400,325900,326300,326300,326300,326600,326700,326600,326300,326500,326100,326100,326000,326200,326700,326400,326200,326000,326000,326200,326600,326600,354800,326500,326200,325900,326200,326200,326600,326600,326200,326600,326400,326300,326500,326400,326600,326700,326600,326600,326600,326100,326300,329500,358600,326600,326600,326600,326400,326500,326500,326500,325900,326200,326200,326100,326100,325800,326400,326400,326600,326400,326200,326300,326300,354300,326400,325800,325900,325800,326100,326000,326400,326200,326300,326300,326500,326700,326600,326300,326000,326500,326600,326600,326400,326700,326600,326300,326600,326600,326500,358500,326100,326200,325800,326000,325900,326100,326300,326400,325900,326000,326400,326300,326700,326200,326100,326200,326400,326600,326600,326700,326300,326500,326200,326400,326400,326300,326000,325900,326300,326400,326300,326500,326800,326400,326500,326400,326500,326400,326400,326800,326600,326300,326500,326600,326800,326800,326400,378800,326200,326200,326100,326400,326300,326300,326400,325900,326000,325900,325900,325700,326200,326500,326400,326100,326200,326100,326100,325900,326100,326500,326500,326700,326400,326300,326400,326700,326400,326300,326300,326600,326500,326200,326500,326600,326600,326700,326700,326900,326600,326300,326500,326500,326600,326400,326500,370700,337700,336700,336900,400000,326200,326400,326500,326400,326800,326900,326400,326700,326600,326600,326800,326900,326400,326600,326700,326400,326600,326500,326600,327200,326900,326300,326800,326800,326600,326800,326600,326400,326700,326600,326600,326700,326300,326600,327100,326600,326500,326500,326100,326600,326400,326600,371200,339000,326300,326100,326400,326500,326300,327000,326800,326000,326200,326300,326600,326400,326300,326400,326600,326400,326300,342000,371300,326500,326500,326100,326700,327100,326700,326800,326800,326700,326600,326500,326600,326700,326700,326100,326600,326500,326500,326600,326600,326300,326100,326600,326400,326600,326300,347900,338600,326500,326600,326500,326100,326000,326100,326100,326100,326100,325800,326200,326000,326000,326800,326400,326000,326100,326800,326800,326500,326400,326600,326300,326600,326500,326300,326400,326300,326500,326300,326000,326700,326700,326200,326000,326400,326700,326300,326200,326500,326300,326300,326400,325900,354900,326300,373000,326900,326100,326300,326200,326000,325900,326100,325800,326000,326000,326200,326700,330400,328900,385400,383100,383100,329300,383800,326800,326500,326600,326400,326600,326700,326200,326000,326600,326600,326700,327000,326400,326300,326700,326700,326500,326500,326600,327200,326900,326400,326600,326600,326500,327000,326900,360100,326300,326500,326200,326400,326700,326500,326800,326400,326200,326700,326500,326400,326900,326500,326200,326600,326500,326500,326400,326500,326600,326400,326700,326700,326300,326400,326400,326300,326300,326300,326400,326700,326700,326300,326600,326600,326500
#W oneshot crc_ccitt_1d0f 16 16384 500
374800,375100,374800,412500,375100,374600,375200,375000,375000,374600,375100,374800,375400,374800,375000,374600,375000,375300,375100,375000,375100,375300,374800,375400,375200,375300,375500,374800,375200,375300,375400,375500,375200,375000,375300,375300,374700,375100,375300,374900,375400,375300,374900,374800,375200,411700,375100,375000,375100,375100,375100,375000,374800,375000,374900,375000,374800,375000,374600,375200,374700,375000,375200,375100,374800,375200,374900,375100,375000,375200,374700,375100,375300,374800,375100,375500,375000,374700,375200,374900,375400,375200,374900,375200,375000,375300,397700,396400,375700,375100,374900,374900,375100,375200,375100,374800,375100,375000,374800,375300,374700,374900,375300,375100,375100,375000,375200,375100,375300,375400,375400,374900,375300,375900,375100,375000,375200,375000,374700,375700,375000,374900,374700,375200,375200,375000,375200,375200,410300,374800,375100,374900,374700,375300,375100,374600,375300,375300,375500,375700,375000,375000,374700,375100,374600,375300,374900,375300,375300,375000,374800,375200,375500,375200,375000,374900,374900,375100,375200,374700,375600,375000,375000,375200,375400,375400,375100,375200,375000,400300,388100,374900,375100,375200,375000,375000,374800,375300,374900,375000,374400,375000,374700,375200,405500,375400,374800,374900,375400,374900,375700,374900,375200,375100,375200,375200,375100,375000,375100,375400,375300,375000,375100,375100,375100,375200,375100,374800,375200,375000,375400,402700,388700,386700,387300,386700,387900,386800,386900,386200,386300,387100,387000,387600,394100,375500,376100,377000,376300,402700,389000,387100,386900,386700,389200,387700,388100,387400,387100,387700,387100,386700,387300,387100,386700,386700,386100,386800,386300,386800,386300,705100,414900,401500,402600,376300,398900,388900,387100,386700,388000,375500,375400,376800,376400,376200,375300,375300,376900,377300,399700,388200,400100,376200,392000,440400,387300,387200,412300,387500,387600,413900,386700,414100,387300,413200,387900,389000,451800,376800,435600,375400,375300,375300,375000,375300,375200,375600,376000,376300,403100,389800,389000,391800,411500,386800,386700,387100,388100,396200,448000,389000,388400,388100,391100,397300,386400,387800,388400,398600,394900,386600,387300,388500,387500,389000,387900,389000,389600,469900,778000,387800,807400,404800,505300,390600,398600,413800,414300,560300,393300,393100,375300,437100,375400,376400,376000,377800,375700,375900,375400,375300,376100,375300,377100,375200,375100,375500,375200,374900,375700,375300,375100,375500,375600,375600,375700,375500,376000,375800,375500,375500,375300,376300,374800,375000,375200,671100,397200,407300,374600,375300,376900,374600,375100,376900,375100,377000,374800,375100,376900,375300,375300,376900,375500,377700,375600,392500,389900,375700,375200,377200,375100,377100,375100,375200,376900,374900,375000,377200,375200,377200,375800,375200,377000,374700,375100,404700,386500,389800,494500,386700,386000,388400,386100,386600,388200,386500,388200,386200,386600,388300,386900,388000,386500,386200,388600,386700,388500,386100,386400,389000,386400,386600,389500,387300,389300,386600,386700,401500,386600,388600,387000,386700,388300,386300,388200,386600,386400,388500,386200,386400,388600,386500,390100,386600,386400,386700,386300,386200,386700,386600,386300,386600,386700,386300,386000,386500,387100,386200,386400,386000,386500,386500,386600,386500,386800,386800,386600,386600,387400,386600,386500,386000,386600,386500,386600,386500,386400,386100
#W oneshot crc_ccitt_ffff 16 16384 500
390200,386100,386600,386300,386600,386300,386400,386500,386500,385900,386400,386400,386100,386600,385900,386300,386400,386500,386400,386400,386500,386600,386100,386600,387100,386700,386100,386400,386700,386100,386700,386300,386600,386400,386300,386800,386800,386800,386200,386600,410500,421100,386500,386200,386400,386100,386300,386200,386400,386500,386300,386300,386500,386100,386600,386400,386400,386200,386600,386800,386600,386700,387000,387000,386500,386500,386800,386500,386500,386200,386600,386700,387000,386000,386700,387500,386400,386300,386300,386200,391500,386600,386200,386300,386400,386700,386800,386400,386800,386800,386200,386400,386300,386100,386400,386200,386400,386500,385800,386400,386400,387300,386200,386400,386600,385900,386800,386400,386400,386700,386300,386600,386600,386700,386800,386500,386200,386700,386400,386400,386400,422500,386100,386600,386100,386700,386200,386300,386100,386500,386200,386100,386500,386000,386400,386200,386200,386100,386300,386700,386800,386700,386700,386500,387100,387100,386400,386500,386800,387000,386700,386800,387600,386100,385900,386200,386400,386300,386400,386300,385900,428300,386900,394700,386800,386400,386400,386700,386000,386500,386700,386400,387100,389500,374800,375200,375200,374800,375600,375200,374900,375400,375600,375400,375100,375000,375400,375500,375400,375200,375200,375800,404500,374800,375100,375100,375100,375000,375000,375600,374700,375400,441000,374800,375300,375200,374700,375000,375000,375300,374600,375300,375100,374900,375000,374900,375100,375400,375000,375200,375200,375200,375200,375100,375200,375500,375500,375400,375100,375400,403600,374900,375100,375300,375200,375400,375000,375100,375400,375300,375100,375200,375800,454300,375000,374600,375000,374800,375000,374700,375000,374700,375100,374700,375100,374900,375400,374800,374900,374800,375100,430900,375400,375000,375100,375100,375100,374800,375400,375100,374900,374800,375100,375500,374500,375400,375200,375000,375000,374800,375400,375300,375000,375000,375200,430100,375100,374700,375100,375100,375000,375200,375100,375000,375200,374700,375000,375000,375100,374700,375100,375300,374800,375000,374900,375000,375600,375200,374600,375300,375000,375600,375200,375000,375200,374700,374900,374700,375200,375200,375100,374700,375200,374600,375300,374800,465000,376100,471100,386700,387200,423100,436700,495100,458900,424800,375300,462200,375300,374900,375100,375000,374800,375200,374800,375000,375100,390700,492300,393700,407400,374600,375000,404800,375200,374800,377000,374600,377200,374900,375200,376800,374800,375300,377100,375200,377200,375400,375500,377400,375000,377400,375600,375300,377500,374900,374900,376700,375200,376900,374900,375100,376800,374900,375500,377300,374900,376600,374700,375300,407400,447300,450500,375000,376800,374800,375100,376900,374700,374900,376500,375100,376800,374700,375000,376700,374800,375100,376800,374700,377400,375000,374800,382900,375100,377300,375100,374600,377000,375100,375400,377100,374900,377700,375100,375100,377000,374600,375300,377400,375100,423500,419000,374800,381500,402900,378800,375100,374800,424400,375200,374900,375000,374600,375100,374600,374900,374500,375100,374700,375200,374700,375100,374700,404100,374600,375000,375100,374900,375000,374900,375500,375200,375100,375000,374900,375400,375200,375000,375000,375600,375100,375000,375000,375900,375400,374900,374900,375100,404900,375300,438800,375200,374800,375000,374700,375200,374700,375000,374800,375100,374700,375000,374900,375200,374600,375200,374700,375300,375100
#W oneshot crc_xmodem 16 16384 500
374800,372900,373200,372600,374500,372900,374200,374200,373700,373600,372700,374100,373800,373400,373300,373700,374100,413800,452300,374500,372700,374400,373800,374000,373600,373700,374900,372700,374900,374900,375200,373700,373200,372800,373700,374600,374100,374700,373200,374300,374400,374000,373600,373300,374100,374800,375300,374800,375000,374500,375100,374600,374900,375200,374100,374600,375200,374300,388600,392100,373500,374900,432400,373700,373500,374600,374100,373300,374200,373200,374200,374500,374300,374900,373300,373600,374200,374600,373100,375200,372600,373200,372600,374800,374200,374700,373800,373100,372700,375300,374200,375200,373500,374700,373100,374700,373500,373600,374500,374400,434900,373400,374600,373900,372700,375400,388900,384500,384200,385100,384900,385800,386300,385800,386300,385800,384200,384600,384300,386100,384800,384800,386500,386400,384700,384600,385200,385800,385100,385800,386000,386300,385100,384500,384300,385600,386100,386500,384100,384500,385200,441200,400000,386600,384700,385000,385800,385000,390300,373700,373200,373400,374600,374400,374800,374200,373000,373700,372800,374300,373600,373800,375100,374500,374000,374400,375500,374400,374800,373900,374600,374200,374700,374900,374500,374200,373000,373400,374900,375000,373300,374200,459900,420200,375700,374700,374500,376200,374800,373800,374300,373600,374900,374100,373600,373500,374700,373400,374800,374000,374200,374800,374500,375300,375000,375000,374900,374800,375300,375600,375100,374600,375000,404400,374300,372700,373300,373100,373700,375000,374700,375200,374400,407600,372700,373400,373500,374500,373200,372800,373300,374000,372800,372700,373700,373700,374900,374300,404700,374700,375300,374400,372700,374400,374800,374400,374400,373800,374000,373300,373200,404200,374600,375000,375300,374200,373600,374800,372800,373600,373700,373300,375200,374600,374900,552100,395600,374200,373700,373800,373400,372900,375300,372800,374000,374100,375300,374200,373200,373400,374900,373300,374900,374100,375000,374400,374400,374400,374000,373300,374400,373900,373600,372900,373600,374300,373600,375100,373400,374300,373200,374500,374400,373800,374300,374300,432700,398900,374800,375200,375500,375800,375200,374000,374100,374700,373100,374200,374700,373700,374300,374000,374900,374100,374900,373200,374100,373400,374800,373900,374400,374200,374600,375100,374700,374100,373500,373100,374800,373800,373900,375100,374300,374400,374700,373800,373100,403900,398800,372800,373600,373000,373700,375300,374600,374200,374800,373500,372900,374800,374800,373100,373600,373300,374900,373100,375300,372800,375100,375100,373300,374500,374100,374100,374000,373400,374600,374300,374500,373300,373400,374000,374500,374400,373700,375100,373600,374800,375200,406300,401400,375600,374600,374700,375300,374500,374800,374100,374300,373700,373200,373600,375100,372800,373200,375200,374500,374900,375500,374100,374300,373800,373300,374400,374300,373700,375100,373200,374400,374500,375100,374700,374100,375000,373500,373100,374200,374000,374400,373300,379100,412200,373100,373800,373700,374100,372700,374200,373000,372800,375200,373900,374300,374400,373600,373400,372900,373700,373000,373400,373000,375200,373400,373200,374300,373400,373100,374000,373200,374800,373300,373900,373000,374400,374400,375000,375100,374800,374000,373400,374300,374300,586700,414200,374700,373800,374400,375400,402600,373100,372600,373300,373800,375200,372800,375300,373700,373500,373700,374600,374400,374600,374400,373900,375100,374500,373700,374300,374400,374700
#W oneshot crc_kermit 16 16384 500
368200,367500,367500,367200,367900,367300,368200,366800,426500,367600,367800,366900,367500,367700,368500,367500,367000,366600,367900,367500,367100,368000,368100,366900,368100,367300,367100,367400,367800,367900,366800,368300,367600,368100,367800,367800,367000,368100,367600,367700,367900,368300,367500,367600,367500,367600,367700,368000,367600,368000,368200,422500,368100,368500,366500,367100,366400,367600,367200,367600,367800,368100,368300,367300,366900,366900,368200,367100,367000,368300,368100,367900,367500,367500,367300,368000,368000,367500,367700,367700,367700,367700,367000,368000,368200,368600,367200,367500,367400,367000,367900,366600,368100,463000,366500,368500,367000,368000,368100,366900,367100,367600,367200,367000,368200,367800,368100,367800,367300,366600,368100,368100,368200,368400,366700,367000,368100,367100,367600,367500,368200,368000,368200,367800,368200,366900,368300,367900,367900,367500,368100,367700,368000,367200,367100,425300,367000,368100,368000,366900,367700,367900,368000,367100,367500,367700,367700,368100,368000,367700,368200,367900,367200,367900,367000,367000,367000,368200,367900,367300,367500,368100,367600,368200,367500,367600,368200,367300,368000,368400,367400,367800,367900,367000,368400,367500,367000,406900,417500,366500,367800,366900,368300,368200,366900,367600,367700,369200,367200,367000,366500,366800,368400,367300,368500,368000,367600,367500,367700,367400,368200,368000,368200,368200,367400,367200,367500,368200,367400,367200,367300,367600,368200,367700,367600,368500,367100,368300,367900,367400,435400,367500,366500,367200,367700,367300,367300,367000,367000,367600,368400,367900,368500,367600,366600,368000,367000,367300,367700,367900,367700,367900,367100,397100,367800,367100,367900,368000,367700,367500,367100,367400,368100,367500,367800,367100,368500,368400,366800,368100,367500,366700,432400,366700,366900,367400,368000,368500,368100,368600,367600,367100,367700,367000,367600,367400,367500,367900,367000,368200,367600,366900,397300,368000,367900,368500,367900,367400,368100,367900,367500,367300,367500,367500,367700,367800,367900,367300,367400,368100,367700,368600,368200,367900,428400,367900,367800,368200,366700,367300,367500,368000,367000,366900,367500,367900,367300,367900,368200,367100,367300,367400,368200,367800,367800,367600,367000,366900,368600,367100,367500,367900,366600,367000,367300,367100,367600,367900,368000,367700,367000,367500,368000,368300,367400,367800,409700,421200,396600,367500,367200,367900,367600,366500,368100,368100,368000,368300,367900,366800,367400,367500,366700,367600,368000,368100,368300,368500,366800,367800,367500,367200,368000,367800,367700,367800,367700,367700,368200,367900,367900,368300,368200,367200,367600,367800,368000,367400,367100,434100,367600,367500,368200,367400,367300,367700,367700,367600,368100,367600,367700,367900,367200,367900,367100,368000,367700,368100,367800,368400,368100,368000,367500,367400,367200,367800,367300,367200,367100,366700,367800,368200,367500,367900,368200,367500,368300,367900,367700,367400,367800,528500,367100,367500,368400,368100,366900,367600,367900,367000,368400,368000,367600,367200,367100,367800,368400,367800,368100,367500,367500,367700,367900,367200,368200,367800,367700,368000,367400,368600,368800,368200,367800,367100,368100,367100,367400,366900,367200,368100,367400,367100,367700,465900,367100,367600,367700,367800,368500,367100,366900,366700,368100,367500,367500,367100,367700,367700,368100,366600,367400,366600,368100,367200,367700,368300,367900,367000,368500,368200
#W oneshot crc_dnp 16 16384 500
374800,375000,374800,374500,375100,374900,375300,375700,403500,375600,432900,420800,375500,374800,375500,374700,375200,375100,375500,375300,374700,375500,374800,375100,374500,375500,375200,375100,375100,375700,375500,375100,375600,375700,375300,375500,375600,375300,375100,375100,375400,375600,375300,375800,375300,375300,375100,374900,375600,375300,375800,472200,375100,484900,375300,390800,424300,433200,505800,420900,532700,418200,374900,389900,446000,374700,375700,375300,375800,374900,375500,375300,375400,375100,375100,472700,398400,405600,378300,374600,377600,374800,375600,377300,375400,375000,377300,375800,376700,375500,374900,376700,375500,374900,377700,375000,383600,375300,374700,377600,375100,374900,376600,375800,376900,375500,374800,376800,375200,375500,376900,375300,377500,375300,375300,400000,389400,378000,389400,506900,386200,385800,388000,385700,388600,386600,386300,388200,386200,388900,386800,387000,388200,386500,386600,389000,386500,388700,386600,385800,388100,386000,388400,387100,386200,388700,386600,388700,386700,386600,388900,387000,387200,388400,386100,388400,386600,386300,388500,386700,389400,466100,386500,390400,386600,386300,386700,386300,386400,387100,386700,385900,386500,386400,386600,386300,386500,386300,386500,386500,386100,387100,385800,387100,386400,386900,387000,386500,387000,387300,386100,386500,386000,386600,386500,386200,386300,386500,386600,386400,386400,387200,386700,425800,448700,375200,376700,392700,403000,435800,379700,375500,375000,375300,375600,374900,375200,375300,375200,375700,374900,375100,375600,375000,375300,375200,375300,375300,374800,375200,375100,375400,375400,375400,375200,374700,375500,375300,375200,375300,376200,375600,375500,375000,426500,374900,375300,375400,374100,375400,375400,375500,375500,375400,375500,375500,375400,375300,375400,374600,374100,374800,374900,374000,374800,375300,375000,404900,375400,374800,375100,375200,375000,374900,375900,375100,375600,375000,375400,375600,374800,375100,375000,375900,375600,375400,470300,399900,386800,386200,386300,387500,386700,387000,385700,386700,387000,386900,386600,385800,386400,386700,386700,386900,386200,386200,386500,386200,386200,386800,386700,386200,387100,386200,386800,387000,386700,387100,386700,387300,387100,386200,386100,386800,387000,386700,418600,386300,386600,385700,386600,386000,386600,385400,387300,386600,387000,386400,386300,385700,386300,386700,386200,386700,386700,385400,386800,386900,386100,386300,386300,386500,386800,386900,385700,386900,386800,385900,386500,387200,385700,386800,386100,386300,386400,386800,543100,387200,385300,386800,386700,386900,386100,386300,386900,386900,386600,386500,387000,375300,375300,374800,375600,374600,375000,374700,375400,375100,375000,375100,375600,375700,375300,375200,376300,375200,375500,375300,375400,375600,375500,375000,375500,374600,375300,374600,375300,429900,426500,374900,374300,375300,375300,375000,374200,375000,374600,375400,375000,375900,375000,375700,374500,375700,374300,375000,375100,375700,374600,375400,375100,375300,375400,375100,375500,375200,375000,374900,375300,374800,375000,375500,375200,374900,375500,375400,375600,374900,417500,426900,389400,375500,374900,375800,375200,375200,374700,374500,375900,374600,375100,374900,375400,374900,375200,374100,432000,375700,375200,374700,375700,375400,375700,375000,375200,375200,375300,375900,375300,374900,375300,374100,375600,375900,375500,375000,375000,375100,374400,419200,388400,374000,375300,375800,375000,374700,374300,375200,375800,375500
#W oneshot crc_sick 16 16384 500
261100,261300,261100,261200,261400,261400,261400,261200,261200,261300,261400,261200,261100,261100,261300,261400,261400,261100,261300,261100,261300,261400,261400,261300,261200,261400,261100,261300,261400,261200,261200,261200,261100,261300,261200,261400,261400,291100,261400,309200,277200,261200,261500,261300,261400,261500,261300,261400,261200,261300,261200,261200,261300,261200,261300,261200,261300,261200,261100,261200,261300,261100,261200,261500,261300,261300,261400,261200,261300,261400,261300,261100,261300,261400,261400,261100,261500,261300,261300,261500,261500,261300,261200,261600,261400,261200,261200,261100,261200,261300,261400,261400,261200,261200,261200,261500,261300,261400,261100,318000,261400,261300,261200,261300,261200,261300,261300,261300,261300,261200,261300,261000,261200,261300,261300,261300,261200,261200,261200,261300,261300,261400,261100,261400,261100,261100,261200,261500,261300,261200,261100,261300,261300,261200,261200,261200,261300,261200,261200,261300,261100,261400,261200,261100,261300,261200,261400,261500,261200,261600,261200,261400,261200,261300,261200,261500,261300,261200,302900,261400,261200,261100,261100,261400,261200,261200,261400,261200,261200,261400,261300,261000,261200,261300,261100,261100,261200,261200,261300,261100,261200,261200,261200,261100,261200,261200,261400,261200,261300,261100,261300,261300,261400,261400,261300,261200,261200,261200,261400,261400,261100,261200,261300,261300,261300,261200,261200,261200,261300,261100,261400,261300,261300,261000,261400,261300,261200,261200,310600,261100,261300,261100,261200,261200,261100,261300,261300,261100,261400,261500,261300,261300,261300,261000,261100,261200,261300,261200,261100,261100,261100,261400,261200,261100,261200,261200,261200,261300,261200,261400,261400,261200,261300,261400,261300,261200,261200,261300,261200,261200,261400,261200,261200,261100,261100,261200,261500,261300,261200,261400,261300,261300,261300,261100,261200,261100,261000,295600,287900,261300,261400,261300,261200,261300,261600,261400,261300,261400,261400,261400,261200,261400,261300,261400,261300,261300,261500,261200,261300,261200,261300,261200,261300,261300,261300,261300,261300,261200,261400,261300,261300,261600,261400,261300,261400,261400,261500,261500,261500,261200,261400,261600,261200,261500,261200,261200,261400,261100,261100,261200,261300,261300,261200,261300,261300,261300,261300,345300,261200,261500,261300,261400,261300,261400,261300,261200,261300,261200,261300,261500,261300,261200,261200,261300,261300,261200,261100,261400,261300,261200,261300,261300,261300,261100,261300,261200,261200,261400,261100,261200,261300,261300,261200,261300,261300,261300,261600,261400,261300,261200,261300,261300,261400,261300,261400,261400,261400,261400,261300,261300,261300,261100,261300,261300,261400,261200,300300,279100,261100,261400,261300,261100,261100,261200,261300,261200,261100,261200,261000,261100,261100,261100,261400,261400,261300,261300,261400,291300,261000,261200,261300,261400,261200,261400,261100,261300,261200,261300,261300,261300,261400,261700,261400,261300,261300,261200,261400,261200,261400,261400,261500,261300,261600,261300,261300,261300,261500,261100,262000,261400,261400,261200,261300,261200,261100,299500,317300,275200,312600,261200,261300,261400,261200,261300,261300,261200,261300,261100,261200,261300,261200,261300,289700,261100,261300,261200,261200,261400,261100,261500,261100,261400,261400,261300,261200,261200,261600,261500,261300,261200,261300,261300,261400,261200,261600,261100,261300,261400,261300,261600
#W oneshot checksum_NMEA 16 32768 500
299500,299500,299600,299500,299500,299600,299500,364900,312500,299500,299600,299500,299500,299500,299500,299600,299500,299500,299500,299500,299500,299500,299500,299500,299500,299700,299600,299500,299500,299700,299800,299900,299500,299500,299800,299700,299700,299700,299700,299500,299700,299700,300200,300000,299800,299600,299900,299600,299700,299500,299600,299500,299800,299600,299500,299600,299700,299500,299600,460800,319200,308600,308600,308900,309200,308800,317800,299500,299600,299800,299500,299500,299700,299700,299500,299600,299700,299500,299700,299600,299700,299500,299500,299500,299700,300000,299700,299500,299800,299900,299900,299900,299800,299800,299700,300100,299700,299600,299700,299700,299600,299500,299900,299700,299600,299600,299900,299700,299600,299500,299900,328500,310700,369700,372600,299600,299800,491000,462500,362600,478600,314100,362600,313700,300000,299800,299700,384900,300700,300000,299600,299600,299600,299800,299700,299800,299700,299700,299600,299800,299800,299700,299600,299600,300800,299900,299700,299700,299800,299800,300100,299700,299900,299700,300000,300000,299800,299900,299600,299800,300100,299600,299500,299600,299600,299600,299700,299900,299600,344400,314800,479700,422300,317100,315100,299800,300000,302300,299600,299500,301600,299700,299600,299700,301400,299800,300000,301600,299700,299500,301600,299600,299700,299800,301500,299500,299600,331200,299900,299800,302000,299700,300100,299900,302200,299800,300000,301400,299900,299800,301700,299500,299700,299700,302700,299600,299700,301400,299700,299700,330300,299500,299600,299600,302100,500900,314700,299500,299500,341400,299500,299600,329300,299500,299600,329200,299500,299500,329000,299500,299500,299500,329000,299500,299500,329000,299600,299600,330600,299500,299600,329300,299600,299600,299600,360600,299900,299800,329400,299700,299700,329400,299600,299500,329800,299500,299800,316700,312200,299700,299700,329600,299500,299800,329500,299500,299500,347200,368700,299600,304300,299700,299700,299600,299500,299800,299800,299600,299600,299900,299900,299900,299500,299600,299600,299500,299600,299900,299700,299800,299700,299800,299700,299600,299600,300000,300100,299900,299600,299700,299700,299700,299900,299900,299700,299700,299900,300600,299700,299800,299500,300100,300200,299700,299700,299500,299500,299500,299600,299500,299500,299600,355200,314300,299700,299600,299600,299600,299500,299600,299500,299500,299600,299500,299500,299500,299600,299700,299500,299700,299500,299500,299800,299600,299600,299500,299600,299600,299600,299500,299600,299500,299700,299700,299800,300000,299800,299700,299800,300000,299800,299600,299600,299600,299500,299600,299800,299700,299500,299800,299700,300000,299500,299700,320000,351800,391700,299600,299800,299600,299500,299700,299800,299600,299600,355800,299600,299500,299700,299700,299500,299600,299500,299500,299600,299600,299600,299800,299600,299600,299500,300300,299800,299800,299800,299900,299900,300800,300000,300100,299700,299600,299500,299800,299600,299900,299600,299700,299600,299900,299800,299700,299500,300500,299900,299600,340600,299600,299600,299700,299700,299500,299500,299800,299600,299700,299500,299500,299500,299900,299600,299600,299700,299500,299800,299800,299700,299600,299800,299900,299500,299800,299900,299800,299700,300600,299900,299800,299800,299600,299700,299700,299700,299600,299600,299700,299800,299900,299700,299500,299800,300100,299600,299700,299600,299700,299600,299500,359500,299600,299500,299500,299500,299500,299500,299500,299500,299500,299500,329400
#W oneshot crc_8 64 4096 500
339200,339000,339100,339100,339200,339100,339100,339200,339100,339000,338900,338900,339300,339000,339100,339300,339100,339100,339100,339500,339500,339500,339500,339100,339000,339100,339400,339200,339200,339200,397900,351200,350400,356900,339400,340200,339500,339500,339200,339200,339500,339500,356300,354700,339500,339500,338900,339300,339200,339400,339200,339300,339300,339200,339500,339400,339600,339100,339800,339600,339500,339700,339200,339700,370300,339100,339000,339300,339000,339100,339200,339000,339200,339100,339100,383900,362300,339300,339500,339100,339000,338900,339100,339700,339200,338800,339100,339000,339100,339200,339000,370600,339600,339100,339200,339100,339300,339400,339600,339000,339300,339300,339600,339600,339400,339500,370300,339200,339000,339200,339400,339200,339100,339100,339200,339000,339400,339200,339100,339200,339400,493200,415800,485200,453600,351200,349500,349300,349400,349400,349400,349300,349600,349400,356200,339200,339200,339100,370500,368400,339600,339100,339500,339400,339300,339300,339900,339500,340300,340000,339600,339200,339600,339300,339200,339300,339200,339500,339300,339400,339200,339300,339500,339500,339300,391600,339100,338900,338900,339100,338900,339100,339000,339100,339200,339200,339200,339300,339200,339200,339100,339100,339000,339000,339100,339100,339300,339200,339100,339100,339500,339200,339200,339000,339200,339100,339000,339200,339200,339100,339100,339400,339000,339600,339200,339900,339300,339100,338900,339100,338900,433600,350100,484400,339200,339900,411400,479000,459000,438400,397100,354100,383900,382800,339200,339200,338900,339000,339200,339200,339000,339300,339100,338900,469900,410100,383700,342000,339100,341000,339100,339000,340700,339100,339200,341000,339300,339200,340700,339100,338800,341100,339300,339200,341200,339200,338900,341100,339200,339100,341100,339100,339200,341300,339400,339300,341200,339300,339200,340900,339400,339300,341100,339400,339200,340700,339100,339300,354700,339200,338800,373300,477200,350000,349600,351900,350400,349800,352200,350100,350200,352100,350500,350200,351900,350400,350600,352100,350300,352100,349600,350400,352800,350400,350100,352100,351100,350400,351700,350500,350500,351200,350300,349600,351400,350200,351900,350700,350100,352300,350900,349700,351900,350500,349600,354700,351000,350400,353200,350800,350000,352100,350000,350600,354300,350400,350600,350000,350400,350300,349900,350400,350200,349800,349500,350100,350600,350600,350200,351000,350100,349500,350000,350200,350500,350700,349600,350800,350000,350600,349900,350500,350400,350300,350700,350500,349600,349800,350400,350300,350500,350400,350200,349500,349200,349600,350500,349800,384100,349500,349600,349200,349500,349300,349300,349500,349400,349300,349400,349200,349400,349300,349600,349500,349300,349300,349500,349500,349400,349500,349400,349700,349600,349500,349700,349800,350500,349700,349400,349600,349300,349700,349700,349800,349500,349600,349600,349400,349500,349500,350200,349300,349500,374800,339300,339000,339200,339600,339000,339100,339100,339300,339200,339300,339600,339300,339200,339200,339100,339200,339000,339200,339300,339400,339300,339100,339600,339200,339200,339400,339300,339400,339100,339100,339200,339500,339400,339400,339400,339400,339600,339400,339500,339500,339500,339000,339300,339400,339300,399200,338900,339100,339100,339500,339100,339000,339300,339200,339200,339200,339100,339100,339100,339200,339200,339100,339100,339000,339100,339100,339400,339100,339500,339200,339300,339300,339100,339400,339200,339000
#W oneshot crc_16 64 2048 500
282700,282800,282500,282500,282600,282500,282500,282600,282600,282700,282500,282600,322100,296500,282400,282600,282500,282500,282400,282600,282500,282900,282500,282600,282700,282500,282400,282600,282600,282400,282600,282400,282600,282600,282600,282700,282500,282600,282600,282600,282500,282600,282600,282700,282800,282700,282900,282600,282700,282700,282800,283000,282800,282700,282500,282500,282500,282600,282700,282700,282700,282600,282600,282500,282600,282700,282500,370300,296900,282500,282500,282700,282500,282500,282500,282600,282400,282400,282500,282500,312300,282500,282500,282600,282400,282600,282400,282500,282500,282500,282600,282500,282500,282600,282500,282600,282500,282400,282700,282500,282700,282700,283200,282800,282700,282400,282600,282700,282400,282800,282600,282700,282600,282800,282700,282600,282700,282400,282900,283300,282600,282700,303700,296200,284800,315200,291500,302900,282900,283000,283300,283000,282800,301100,355900,284700,284000,283700,314600,283000,283000,282800,282500,282800,282900,282800,282700,282800,282500,282700,282900,282700,282700,282800,282600,282700,282500,282500,282900,283000,282800,283000,282700,298700,296200,283100,282700,282600,282900,283000,283100,283000,282700,282700,282500,282500,282600,334300,282600,282500,282500,282600,282800,282500,282600,282600,282600,282500,282700,282600,282900,282700,282400,282600,282400,282700,301000,323100,282500,282700,282700,282700,282700,282600,282600,282700,282900,282600,282600,282900,282600,282700,282600,282800,299600,295500,282700,282500,282700,282600,282900,282600,282900,282500,282400,282600,282500,282800,282600,282800,282600,303200,323900,282800,282500,282500,282500,282600,282600,282800,282600,282700,282500,282600,282500,282400,282700,282600,282400,282600,282700,282600,282700,282500,282600,282800,282600,282700,282500,282700,282700,282700,282600,282700,282700,282700,282700,282700,282600,282800,282400,282400,282800,282900,282700,282700,282400,282400,282500,282700,282500,300800,326400,340800,313600,284300,322500,283600,314100,301800,315900,300100,282700,282700,282800,282800,282900,283500,283400,283400,283400,341100,282800,282900,282800,282600,282700,282500,282700,282800,282900,282800,282600,282800,282800,282900,282700,282600,282600,282800,282800,282800,283000,282900,283100,282800,283400,282600,283000,282600,282900,282700,282600,282600,282800,282400,282800,282400,282500,282700,407900,282700,282500,282500,282500,282500,282600,282500,282700,282500,282600,282400,282600,282500,282600,282600,282500,282600,282600,282600,282700,282600,282600,282600,282600,282700,282600,282500,282900,282600,282600,282900,282700,282700,282600,282800,282400,282800,283000,282600,282700,282700,282600,282700,282600,282600,282800,282500,282500,282500,282700,282500,282600,282500,282800,412500,307300,319500,299700,282600,282600,282700,282900,282900,282800,282700,282600,282600,282600,282600,282700,282700,282700,282800,282600,282700,282600,282800,282500,283000,282700,282600,282600,282900,282700,282800,283100,282700,282700,283100,282900,282600,282800,282900,283000,282700,282700,282500,282600,282500,282800,282700,282500,282700,282500,282400,283100,282700,282500,306600,326800,282500,282500,282500,282600,282600,282700,282500,282700,282500,282600,282400,282500,282600,282700,282500,282600,282400,282400,282500,282700,282500,282600,282500,282500,282600,282500,282500,282600,282600,283100,282700,282700,282600,282300,282700,282900,282800,282700,282500,282600,282400,282800,282600,282600,282500,282600,282600,282600,282500
#W oneshot crc_modbus 64 2048 500
354400,299000,283400,283500,282800,283200,283300,298800,327900,283200,283300,283500,283600,283400,283500,283500,283000,282800,283400,282900,283800,283500,283600,283200,283300,283300,283100,283400,283700,283400,282900,283400,283200,283400,283800,283300,283500,284000,283300,282900,283400,282700,283200,283400,283600,282700,282800,282800,283100,282900,282700,282800,282800,282700,369800,283700,327600,295700,283500,283500,283500,283500,283600,283600,283600,283500,283700,283700,283000,283500,283500,283000,283600,282700,283700,283300,283200,283000,283000,283200,283600,283200,283000,283500,283700,283300,282900,282900,282700,282800,283500,283100,283100,282900,283100,283700,282900,283300,282800,283400,282700,283600,282900,283100,283100,282800,283300,282700,309600,310000,307700,303000,284200,283700,284000,283600,284000,283100,283300,282700,282700,282600,283600,283100,282800,282600,283200,282600,282600,282800,282700,282800,283500,283200,283100,282600,283200,283300,283100,283200,283700,283500,283200,283700,282900,283100,283800,283200,282800,282700,283100,283400,282900,283200,283000,283100,282800,282700,282900,282800,282800,282700,283100,429600,283400,283500,283600,283600,283500,283400,283500,283600,283600,283600,283700,283500,282800,282600,283700,283500,282700,282700,282800,282600,283600,282600,282800,282800,282900,282700,282700,282700,282800,283600,283500,282800,283500,282800,283200,283600,282800,282700,282700,282800,283200,282800,282700,283600,283200,282900,282800,282900,282800,283300,283100,282800,282800,282700,309300,294100,334500,297100,297000,296500,296500,297400,294000,294600,297300,284600,285700,285300,284100,283900,284300,283800,283600,283600,283100,282700,283000,283100,283500,353800,476100,310800,441500,371700,297700,322300,292700,292200,293700,294400,295700,665500,308700,292600,318600,283600,283700,283400,284000,283700,284100,284400,284400,285600,383400,297300,283500,283600,283500,283600,285500,284600,284500,284900,393500,317200,314800,317100,292500,292900,779600,292500,531800,291900,294000,297100,284100,283900,284500,284500,285300,283800,284500,284200,284200,284000,285500,286900,329900,1125200,320500,283600,283500,283600,283600,283800,283600,282800,282800,283700,282700,283100,339000,283600,283600,282900,283700,283400,282900,282800,283400,283100,282900,282800,283800,282800,282900,283400,283100,283100,283600,283100,283500,283700,284000,284100,284100,283800,283400,284900,283600,283000,283500,315700,284300,284300,285400,284000,283600,283600,283500,283800,283500,283600,283400,300700,291900,350700,303200,283500,283600,283600,282800,282800,282800,282700,348100,297100,296800,296700,296800,296800,296400,296300,297000,296300,297000,296400,292500,293200,293600,293200,291500,292100,291600,291800,292300,297500,292400,292000,293400,292500,293000,292100,292000,292700,292100,292200,292300,292200,291800,291700,291900,292700,292000,292100,291700,291500,291200,291900,291600,291100,291500,291800,291300,291700,292800,291700,291900,325600,293200,293200,292400,292500,292700,291800,291800,292000,292000,291700,292300,292200,292600,292400,291500,292000,293100,291600,291900,291900,291800,291700,292300,292300,292100,291400,291800,292200,292300,292100,291700,291300,291100,291500,291200,291300,291600,291300,291300,291300,291400,291800,291500,291700,291700,291300,292300,292500,291700,291600,292200,292300,291700,314700,292400,292100,292000,292100,292300,291800,292300,291600,291800,291500,291800,291200,291700,291700,291700,291200,291300,291400,291600,291400,291200,292000
#W oneshot crc_32 64 2048 500
272000,271800,272000,271600,272000,271500,271900,271500,272000,271600,271700,271900,271700,271900,271900,271800,271500,271900,272000,271600,271900,271900,272000,272000,271900,272000,271900,276800,271500,271900,271500,271800,271900,271800,271500,271900,271500,271900,271800,271500,271900,271500,271900,272200,271700,271800,271500,271800,271800,271600,271700,271700,271500,271900,271600,271500,271900,271600,271900,271500,272100,272100,271900,271600,271900,271900,271900,271600,271900,271800,272200,272100,271900,271600,272100,271600,271500,271900,271700,271600,272000,271400,271800,271900,271600,286800,271800,271800,271600,271900,271600,271800,271500,271900,271900,271600,271800,272000,271700,271700,271700,271800,271900,271800,271800,271900,271700,271600,271800,271600,271900,271500,272000,271600,271800,271900,271800,272000,271600,272000,271600,271500,272100,272000,271700,272100,271900,271900,272000,272100,271800,271900,272000,272200,271800,271800,271600,272000,271500,271900,271900,271600,330400,277400,263900,263700,263900,263600,263700,263800,263600,264100,264000,263900,263600,263900,263600,263800,263500,263900,263800,264100,263900,263800,263600,263800,263600,263900,263900,263800,263900,263800,263800,263600,264000,263900,264000,264000,263900,263800,264000,264200,263800,264000,263900,264000,264100,264300,264100,263900,263800,264000,263800,263600,263900,264000,263800,263800,263800,293600,264000,303200,277400,263900,263500,264200,263900,263900,263800,264000,263500,263900,263700,264100,263700,264000,263700,263900,263600,264000,263900,263600,264000,263700,263800,263700,263800,263900,263700,264100,264100,264200,264000,263600,264000,263800,264000,264100,264000,264100,264100,264400,264300,264000,263900,263800,263800,263900,264000,263800,263900,263700,263800,264100,264000,264000,264100,263700,263600,264000,291300,280200,273700,336000,281000,265100,265000,332800,283300,303700,337400,311200,281500,354000,306900,263800,337200,278000,264100,264000,264700,264400,264500,263700,264100,264300,263600,264300,264100,263600,263900,263900,263600,263700,279800,378700,274100,277000,297700,264200,263900,263800,266500,263700,263800,264100,265800,263900,263900,263700,266000,264000,263600,263900,265900,263700,263600,266100,264000,263800,263500,265900,263900,263800,263900,265700,264000,263600,263800,266400,263600,263900,265700,264000,263700,263700,266300,263800,263800,263500,265800,264200,263800,263600,266000,263800,263900,264000,265700,263600,264000,265500,264000,263600,264000,285400,276800,356900,274000,274100,272500,274700,271700,271700,271900,273900,272000,272000,273800,271700,271900,271800,273500,271800,271600,271900,274100,271900,271900,274000,271300,272000,271700,273800,271800,272300,272100,280900,264000,264000,266800,263900,264400,263600,266000,263600,264000,263900,278100,263900,264000,263500,265700,263400,263900,263800,265600,263800,263800,265800,264000,263600,263900,294800,263600,264000,263700,266100,293200,263900,266200,263500,263900,263700,295700,263800,263800,263800,264100,264000,263800,263800,263700,263900,263600,263900,263700,264000,263600,263800,263800,263700,263800,263700,263600,263700,263800,264000,263700,264000,263600,263600,263800,263900,264100,263800,264200,263800,264000,264100,263900,263800,263700,264000,263900,264600,264000,264100,263800,263600,263900,263800,263700,263900,263800,264000,263700,264000,263700,263800,263500,264300,263900,267200,311400,263900,263600,264100,263600,264000,263600,263800,263600,263900,263700,263900,263600,263900,263600,263900
#W oneshot crc_64_ecma 64 2048 500
256100,256100,256200,256200,256300,256100,256300,256300,256300,256200,256200,256200,256300,256300,256400,256300,256400,256100,256500,256100,256200,256200,256100,256300,256300,256300,256000,256200,256300,256100,256400,256200,256400,256400,256300,256300,256200,256300,256400,295000,286300,256200,256000,256300,256200,256400,256200,256300,256000,256100,256100,256100,256000,256400,256400,256100,256100,256200,256300,256000,256100,256100,256300,256000,256000,256300,256300,256100,285600,256500,256300,256300,256300,256300,256400,256300,256200,256200,256100,256300,256300,256100,256100,256200,256300,256100,256300,256100,256300,256100,256300,256500,256300,256200,256400,256200,256300,256100,256200,287100,256000,256400,256200,256300,271400,270800,256100,256300,256500,256400,256300,256200,256100,256100,256100,256100,256000,256300,256000,256200,256000,256100,256100,256400,256000,285700,256200,256300,256100,256200,256300,256300,256000,256100,256200,256100,256400,256100,256300,256100,256100,256300,255900,256300,256200,256200,256500,256200,256300,256100,256100,256100,256300,256000,256300,256200,256200,256100,256400,256300,292900,256000,256300,256000,256300,256300,256100,256000,256100,285900,256000,256000,256100,256100,256300,256000,256300,255900,256200,256200,256000,256000,256100,256300,256100,256300,256300,256100,256000,256100,256100,256100,256200,256200,256500,256300,256000,256300,256300,256400,256300,256200,256600,256100,256100,256300,256300,256500,256100,256000,256200,256300,256300,256200,256500,256200,256300,256400,256200,256400,295100,269300,256200,256300,256100,256100,256100,256100,256200,256200,256100,256100,256200,256000,256400,256000,256100,256300,256000,256200,256400,256000,256000,256200,256200,256200,256300,256400,256200,256300,256400,256400,256400,256400,256400,256400,256300,256500,256700,256400,256500,256400,256100,256200,256300,256100,256500,256300,256200,256300,256200,256200,256200,256100,256300,256300,256400,256400,256100,256200,256100,309700,256100,256300,256000,256200,256200,256300,256300,256400,256100,256000,256100,256100,256100,256200,256000,256100,256400,256300,256200,256200,256300,256000,256100,256000,256200,256100,256100,256300,256000,256100,256400,256200,256500,256200,256300,256100,256100,256000,256000,256100,256200,256500,256400,256000,256300,256400,256600,256100,256300,256300,256100,256400,256100,256200,256400,256300,256400,256100,256200,256000,295500,256100,256400,256200,256100,256300,256300,256100,256400,256700,256300,256100,256200,256000,256200,256300,256200,256300,256100,256100,256000,271200,297500,256000,256100,256200,256300,256200,256400,256200,256300,256200,256300,256300,256100,256400,256200,256100,256000,256200,256200,256300,256000,256100,256300,256200,256200,256200,256000,256200,256300,256100,256200,256200,256300,256300,256200,256300,256200,256200,307000,256100,256400,256100,256000,256400,256400,256100,256100,256300,256400,256100,256100,256200,256200,256000,256100,256200,256100,256300,256100,256300,256500,256400,256100,256000,256000,256400,256200,256300,256200,256400,256400,256200,256200,256200,256500,256200,256500,256300,256300,256200,256500,256300,256300,256200,256200,256400,256000,256200,256100,256300,256100,256200,272800,269600,256100,256400,256500,256400,256200,312900,256400,256200,256100,256000,256100,256000,256100,256300,256100,256100,256300,256000,256200,256100,256000,256100,256300,256200,256200,256000,256100,256100,256200,256400,256100,256000,256100,256000,256200,256100,256300,256400,256200,256200,256300,256200
#W oneshot crc_64_we 64 2048 500
257500,257400,257600,257500,257600,257400,257400,257600,257300,257400,257400,257300,257400,257500,257500,257300,257400,257600,331900,299600,257400,257400,257400,257300,257600,257500,257300,257500,257400,257400,257400,257300,257400,257400,257700,257500,257300,257400,257500,257500,257600,257400,257400,257400,257300,257600,257500,257400,257500,257500,257600,257600,257600,257500,257400,257400,257600,257700,257700,257600,257500,257500,257500,257500,257700,257500,257500,257600,257600,257800,257500,257500,257500,257400,257400,257500,257500,257600,278700,267200,300900,258000,257700,257600,257600,257700,257500,257600,257700,257700,257600,257500,257300,257400,257400,257500,257500,257600,257500,257600,257800,257400,257500,257500,257500,257600,257700,258000,257700,257600,257300,257600,257500,257600,257600,257600,257600,257500,257400,257400,257500,257500,257500,257500,257500,257700,257800,257500,257500,257400,257400,257500,257400,257600,257500,257400,257400,257400,257600,305900,257600,257400,257400,257500,257400,257700,257400,257400,257500,257400,257400,257500,257500,257400,257400,257400,257400,257500,257400,257400,257500,257600,257600,257600,257600,257500,257500,257500,257400,257600,257500,257600,257600,257600,257500,257600,257500,257600,257600,257500,257600,257400,257800,257400,257400,257400,257500,257600,257400,257300,257600,257300,257600,257300,257600,257600,257400,289100,285500,296600,257600,257800,257600,257500,257500,257400,257500,257500,257400,257400,257400,257600,257500,257300,257500,257400,257400,257400,257600,257700,257500,257400,257500,257500,257400,257500,257500,257300,257600,257600,257400,257600,257500,257800,257500,257600,257700,257700,257800,257600,257500,257600,257500,257400,257600,257600,257600,257500,257500,257500,257600,257600,257600,257500,257400,257600,257800,257500,257500,280000,276200,257400,257400,257300,257500,257400,257400,257400,257500,257500,257500,257500,257500,257300,257500,257600,257500,257300,257400,257300,257400,257400,257500,257800,257500,257500,257500,257600,257500,257500,257300,257700,257900,257600,257700,257700,257400,257400,257400,257500,257600,257500,257600,257500,257600,257600,257400,257400,257400,257500,257700,257400,257700,257500,257500,257500,257600,257500,257400,261100,295900,257600,257400,257300,257600,257400,257500,257500,257400,257300,257600,257400,257500,257400,257400,257400,257500,287300,257400,257500,257400,257500,257500,257400,257400,257400,257700,257500,257600,257500,257600,257500,257400,257500,257500,257600,257400,257600,257500,257500,257400,257500,257500,257700,257400,257400,257600,257600,257700,257400,257500,257400,257600,257500,257600,257400,257600,257500,257500,257400,297400,257500,257400,257600,257400,257500,257700,257400,257500,257300,257500,257400,257400,257600,286000,257500,257400,257600,257500,257400,257600,257500,257600,257500,257400,257600,257500,257500,257400,257500,257300,257400,257500,257500,257500,257500,257600,257300,257500,257400,257500,257500,257400,257600,257500,257400,257300,257700,257400,257500,257400,257500,257600,257500,257400,257600,257500,257600,257700,257500,309600,257600,257600,257400,257400,257400,257300,257400,257400,257400,257400,257400,257600,257600,257500,257300,257400,257500,257600,257500,257600,257700,257500,257400,257600,257600,257500,257400,257500,257600,257700,257700,257500,257500,257600,257500,257600,257600,257500,257700,257500,257600,257500,257600,257300,257500,257600,257800,257500,257500,257600,257400,257600,257400,257400,257500,257700,257500,257400,257400
#W oneshot crc_ccitt_1d0f 64 1024 500
163700,163900,226400,237800,161300,176600,166100,160700,147500,147900,147700,147600,147600,147500,147500,147500,147700,147500,147400,147700,147500,147400,147500,147500,148000,147700,147600,147500,147500,147500,147500,147400,147400,147500,147600,147400,147500,147400,147600,147400,147600,147500,147500,147600,147600,147500,147600,147600,147600,147600,147400,147700,147600,147700,147700,147700,147700,147600,147600,147500,147600,147500,147400,147500,147500,147500,147600,203600,149000,204200,246600,161100,192300,183900,278800,155000,297400,179200,154900,154800,424900,154900,154900,155200,153700,152700,157200,258100,154800,178200,166300,159800,171100,721900,154900,416200,165300,155100,155000,154900,155100,155100,158100,155100,155400,173300,147500,147500,154700,147700,147500,147400,147600,147600,147700,152200,147900,147800,147700,147800,148100,154400,148000,148300,148300,148100,148000,148000,155200,148300,147900,1946500,155000,154900,154900,154900,158800,154600,154400,154400,154600,154700,157200,154700,155500,153900,152600,153500,153100,155800,152100,152200,154100,153100,152700,156000,152100,152700,160300,147700,147500,147400,150600,147400,147700,147600,147500,147400,147400,149500,147400,147400,147400,147500,147600,149300,147400,147400,147700,147900,147500,147500,150500,147600,147600,147600,147500,147500,147600,178900,147500,147700,215000,199300,155100,155500,164000,147600,177900,150900,147700,147500,147400,147400,147400,147400,149600,147500,147500,147500,147500,147500,147800,150100,147500,147800,147600,147400,147500,149900,147400,147400,147400,147500,147500,147600,149500,147500,147500,147400,147500,147400,147800,149600,147500,147500,147600,147500,147400,147500,149600,147700,147500,147500,147600,147600,172800,161000,147500,147400,147500,147600,147500,149400,147400,147700,147500,147600,147700,147700,149600,147500,147400,147400,147500,147500,149500,147500,147500,147400,147600,147600,147600,149400,147600,147500,147500,147700,147600,147500,149500,147500,147400,147500,147400,147500,147500,149200,147500,147400,147500,147500,147500,164400,161600,147400,147500,147500,147500,147500,149900,147500,162800,176300,163000,147500,147400,147600,147500,147500,147400,147500,147700,147500,147700,147600,147400,147600,147500,147500,147400,147600,147400,147500,147500,147600,147500,147400,147500,147500,147500,147500,147600,147500,147400,147400,147500,147500,147500,147500,147700,147600,147500,147500,147500,147600,147500,147500,147500,147600,147500,162600,161300,147400,147600,147500,147500,147700,147600,147700,147400,147500,147600,147600,147500,147900,147500,147500,147700,147600,147500,147500,147700,147500,147400,147500,147600,147700,147600,147400,147500,147400,147500,147500,147500,147500,147500,147500,147600,147400,147500,147400,147500,147500,147500,147400,147500,147400,147500,147500,147500,147600,147500,147400,147600,147400,147500,147600,187300,152300,152100,152000,151900,152000,234400,151900,151900,151900,151900,152000,151900,151900,151900,152000,151800,151800,151900,151900,151900,151900,152000,151900,151800,152000,151800,151900,151900,151900,151900,151900,151900,151900,152000,151900,151900,152000,151900,151900,151900,151900,152000,151900,151900,151900,151900,151900,152000,151900,151900,152000,151900,151900,151900,152000,151900,151900,151900,151900,152000,151900,151900,151900,151900,152000,151900,152700,151900,152100,151900,152000,152000,151900,152000,151900,152000,151900,152000,151900,152100,152000,152200,151900,152000,152100,152000,152000,152000,152000,152000,152000
#W oneshot crc_ccitt_ffff 64 2048 500
385700,309700,309500,309100,309100,309000,308700,308500,308500,308400,308300,308300,308300,308400,308500,309000,308800,308500,308400,308900,308500,307700,304200,304100,304100,304000,304000,304100,304200,304400,304400,304500,304300,310300,295000,295000,295100,295100,295100,295000,295100,295200,295400,295100,295000,295100,295000,295300,295400,295100,294800,399300,303700,303700,303800,303800,303700,303800,303700,303800,390100,303800,303700,303800,303700,303800,452400,303800,303700,303700,303800,303800,303800,303700,303800,303700,303900,303800,303700,303700,303800,303900,303900,303800,303900,304000,303700,303700,303800,303900,304100,303900,304000,303800,303900,304100,303900,303700,303800,303800,303900,341800,319700,323600,309500,308900,308800,308500,308300,308200,308100,307800,307900,307900,391500,307900,307800,308000,307900,307900,307800,307700,307800,307700,307800,307800,307900,307900,307900,307800,307800,307700,307800,307800,307900,308100,308000,308200,308000,307800,308300,307800,307900,307900,308100,307900,307900,307700,307800,307600,307600,396700,308800,294800,294800,294900,294800,294800,294800,294800,294800,294900,294800,294900,294900,294800,294900,294800,324900,294800,294800,294800,295000,294800,294900,294900,295100,295100,295200,294900,295000,295100,295000,295200,294900,295000,295100,295000,295100,294900,295100,295000,294900,295500,295100,295000,295200,294900,295000,295000,295000,294900,294900,295300,350900,303800,303800,303800,303800,303900,303900,303800,303800,303700,303800,303800,303900,303800,303800,304000,303800,303700,303900,303900,304100,304200,304100,303800,303900,303800,303800,303900,304100,304000,303900,303900,304100,304100,304000,303900,304000,304000,304100,304000,303800,303900,303800,303800,304600,304000,303800,303800,303900,303800,303700,334600,303900,304200,305200,303900,303800,303700,303700,303800,304100,303800,303800,303900,303800,303800,303800,303800,303900,303800,303900,303800,303900,303900,379200,304000,304000,304000,303900,303800,303800,303900,303800,303800,303900,303700,304100,303800,303900,303900,303900,303800,356100,303800,303800,303800,303700,303800,303900,303700,303900,303800,365000,304000,303800,303700,303800,303900,303800,303800,303800,303700,303700,303800,303900,303800,303800,303800,303700,303900,304000,303800,303900,303600,303800,303900,304000,303800,303900,312300,295000,295100,295000,295200,295000,296200,295200,294900,295100,294900,294900,295000,295200,295000,294900,295000,295000,295000,295000,295000,294900,295400,295100,294800,355700,309700,309500,309500,309500,309600,309400,309500,309300,309100,309000,309000,308700,308700,309000,308500,308600,308500,308500,308700,308700,308400,308300,308100,308200,308700,308900,308600,308200,308100,305700,304000,303800,303800,303900,303800,303800,303700,304000,303800,303900,303700,303900,303900,303800,303700,304000,303800,303900,303800,343900,309400,309200,371400,310200,310400,344300,306700,311300,377700,332900,329200,310200,310100,310100,309700,309600,308900,308900,308700,308800,308700,308800,308700,308700,308600,308600,308700,308600,308600,308700,308500,308600,424200,304100,304300,306900,303800,303800,303700,306000,303700,303800,305600,303700,303800,305800,304000,303800,304000,318500,303900,303900,305700,303900,304000,306000,304000,304100,305800,303900,303800,303800,306100,304000,303800,305700,303800,303800,306200,303800,303800,303900,305700,303800,303900,305900,303900,303900,306000,303900,303700,306100,337000,304300,304000,306300,322600,368900,309600,309500,311000
#W oneshot crc_xmodem 64 2048 500
309600,307200,307200,307200,308700,307600,307600,310100,308000,306800,309200,307300,308000,309500,306800,307800,307300,309500,308200,308100,310200,307400,308000,309800,307200,307000,308900,307400,306800,307500,309100,307500,307200,309500,307000,307600,309500,307700,307500,308600,307100,307600,309400,307600,309400,307700,311900,306900,307000,307400,307700,308400,307500,307200,308000,308300,307200,307100,306900,307700,307700,307400,306800,302900,302800,302800,302600,303000,307300,293800,293700,293800,293700,293800,294100,293700,293800,293900,293800,293900,294200,293800,293900,294000,293900,294000,294000,294000,293800,293900,293900,293800,293800,294200,293900,294200,294000,293700,345600,323600,293800,293700,293800,294000,293800,294000,293800,294000,293900,293800,294200,293800,293800,293800,293900,293700,294000,294100,294100,293900,293700,293800,293900,293900,294200,293900,294000,293800,294100,294200,293900,293700,293900,294000,294000,293900,293900,294000,294000,294100,294200,293700,294000,293800,294400,294100,293700,293800,293900,293800,293800,349700,331300,312200,294000,294300,294200,294000,294200,294000,293900,294400,294800,294400,294000,294100,294000,294100,294300,294100,293900,293800,294100,294100,293900,294400,294200,293900,294300,293900,294100,293900,294200,294200,294000,294200,294200,294100,293800,294000,294000,293900,294000,293800,294400,294200,293900,293900,293800,293800,293900,293900,293700,293800,384700,293700,294000,293700,293900,293900,293800,294100,294400,293900,294100,293800,293700,293800,293900,293900,293700,293900,293700,294000,294000,293800,293800,294000,294000,294100,293800,294000,294000,293900,293800,294100,293900,293900,294000,294100,294000,294400,294000,294100,294200,294100,293900,293700,293800,293900,294100,294200,293800,294000,294000,293900,316500,307400,293700,294000,293900,293900,293800,293800,293800,293900,293800,293900,294200,293900,293900,293900,293700,293800,293800,293800,294200,293800,293800,293700,293900,294000,294000,294000,294000,293800,294000,294000,294000,294100,294000,293900,293700,294100,294000,293800,293800,294000,294000,294000,294000,294000,294000,293900,294000,294000,293900,294000,294100,312000,310700,294000,293900,293900,293900,293800,293900,293800,293700,293600,293800,293700,293800,293800,293900,294400,294000,294000,293800,293700,293800,294000,294000,293800,293900,294000,293800,293900,294000,294000,294000,293800,294200,294000,293700,293800,293900,293800,294000,294000,293900,293900,294000,294000,293900,293900,293700,294300,294100,293800,293900,293700,311900,313100,294100,293800,293900,293800,293900,293900,293700,294000,293900,293800,294000,294100,293800,293800,293900,293700,293800,294600,293900,293800,293900,294000,293900,294000,294400,293900,294000,294000,293700,293900,294000,293900,293800,294000,293800,293900,294000,293900,294000,293700,294000,293900,322600,293900,293900,293700,293800,293900,294000,293800,293800,314500,309800,295700,316500,303900,304500,303400,303400,303500,303400,303800,357700,305300,313000,294300,294200,293900,293900,293900,293900,293900,293700,341100,306700,294000,294600,294000,293900,293900,294000,294000,294100,294100,294000,293900,294100,294100,294000,294000,294000,310000,307500,294200,293900,293900,294100,294000,293800,293900,293700,293700,293900,324000,306600,293800,293800,294000,293700,294200,293900,294000,293800,293800,293800,293600,293700,293800,293800,293900,293800,293800,293800,293900,293900,294000,294300,293800,293800,294000,293700,294000,293900,294000,293900,293900
#W oneshot crc_kermit 64 2048 500
283200,283200,283100,283200,283100,283200,283100,283200,283000,283100,283100,283100,283300,283100,283300,283100,318100,283200,283300,283600,283300,283100,283100,283000,283000,283300,283200,283200,283100,283300,283200,283000,283200,283300,283200,283300,283300,283200,283000,283100,283200,283600,283100,283400,283200,283400,283400,283200,283200,283700,283300,283400,283500,283300,283100,283300,283100,283100,283400,283300,283500,283300,283000,283400,283300,283200,283000,283000,283500,283300,283300,312100,293000,319300,293800,297500,284200,283500,283700,283900,284000,284000,283300,283200,283300,283200,283500,283100,283300,283200,283300,283100,283200,283200,283300,283200,283300,283200,283400,283300,283100,283300,283200,283400,283700,283500,283200,283700,283400,283300,283400,283300,283200,283400,283200,283400,283200,283200,283100,283100,283300,299500,324900,283000,283300,283200,317600,283200,283100,283100,283100,283300,283200,283200,283100,283100,283200,283100,283300,283200,283100,283400,283300,283000,283200,283100,283300,283100,283200,283200,283300,283100,283200,283300,283400,283500,283300,283100,283200,283200,283300,283200,283300,283200,283400,283100,283300,283200,283300,283200,283100,283300,283400,283300,283000,283100,283300,283100,283200,283100,283300,350600,304600,283600,283500,283600,284000,283600,283500,283200,283500,283300,283100,283200,283200,283400,283400,283200,283200,283500,283100,283200,283200,283200,283300,283400,283200,283300,283200,283200,283200,283500,283200,283600,283400,283600,283500,283500,283400,283400,283100,283200,283100,283700,283200,283400,283100,283200,283000,283200,283200,283300,283300,283200,283300,305300,298300,283500,283800,283700,283600,283800,283500,283600,283300,283300,283500,298300,299400,283400,283300,283500,283500,283300,283300,283800,283400,283200,283400,283000,283000,283300,283000,283200,283200,283200,283100,283300,283300,283300,283200,283200,283100,283300,283400,283300,283300,283100,283200,283300,283000,283500,283400,283200,283200,283300,283300,283300,283200,283200,325700,376100,291800,302300,283400,283500,283800,283500,283500,283700,283100,283100,283100,283200,283100,283100,283100,283300,283000,283200,283300,283200,283300,283100,283200,283100,283400,283200,283300,283300,283500,283400,283300,283300,283400,283400,283500,283300,283300,283300,283200,283200,283200,283200,283300,283100,283200,283300,283300,283200,283400,283200,283200,283600,283400,411400,283100,283100,283000,283100,283200,283100,283200,283200,283200,283100,283200,283100,283300,283100,283300,283300,283100,283200,283100,283400,283100,283100,283100,283100,283100,283000,283100,283400,283200,283300,283300,283400,283200,283500,283000,283100,283200,283600,283200,283400,283200,283300,283200,283300,283400,283100,283100,283500,283400,283100,283200,283200,283100,422300,337600,335200,283500,283300,283300,283200,283300,283200,283000,283100,283200,283300,283100,283000,283000,283100,283200,283100,283200,283100,283100,283200,283300,283100,283200,283300,283100,283300,283800,283500,283200,283300,283400,283500,283600,283300,283500,283400,283100,283600,283200,283300,283400,283400,283500,283800,283500,283300,283100,283300,283200,283300,283300,283300,323700,283400,283100,283100,283100,283200,283000,283100,283200,283200,283200,283100,283300,283000,283000,283100,283100,283100,283100,283300,283100,283100,283100,283300,283100,283300,283200,283300,283000,283100,283100,283400,283200,283200,283100,283300,283400,283000,283400,283100,283100,283200,283700,283300,283400,283200
#W oneshot crc_dnp 64 2048 500
283800,283800,283600,350300,340000,298600,306900,437300,385800,330500,289500,289900,283400,289800,310200,298600,283600,283800,283800,283600,283800,283700,283700,283600,283700,283800,283600,283800,283600,283800,283800,284000,283900,283800,283700,284100,283800,284000,284000,283700,283800,284500,283900,283700,284000,284000,284000,283900,283800,284100,284100,283800,284200,284000,284000,283700,283900,416100,283900,283600,283800,283800,283800,283600,283700,283700,283700,283600,283700,283600,283800,283600,283700,283600,283800,283700,283800,283600,283800,283600,283900,301000,293900,317200,283800,312000,283600,283800,283700,283700,299100,296600,283600,283800,283800,283600,283700,283700,283700,283800,283800,283700,283800,283900,283800,283900,283900,283900,284000,284300,283800,352700,284000,283500,283900,283800,283800,283700,283600,284000,283800,283600,283900,283800,283800,283600,284000,283800,284000,283800,283600,283900,283800,283800,284100,283800,283700,284100,283800,284000,283900,283800,299200,298100,283900,283800,283700,283700,283800,283900,283700,283500,283800,284000,283800,283700,283800,283800,283600,283900,284000,283900,283700,283600,283800,345500,301000,288200,283700,283800,283700,283600,283800,283800,283800,283800,283700,283900,283600,283700,283800,283700,283700,283500,283800,283800,283800,283700,283800,283900,283900,283700,283700,284200,284400,283700,284100,284000,283800,283900,284000,284000,284200,283600,283800,284000,284000,283900,283800,283800,284000,284300,284400,358400,381300,283700,340000,383800,297700,436400,308400,301200,283800,283700,283700,283900,283700,283600,283900,283600,283800,283700,283600,283800,283600,283800,284000,283700,283700,283800,283600,283900,283900,283900,283800,284000,284000,283900,283800,283700,284000,284000,284200,284200,283900,284500,284000,283900,283900,283800,283700,284200,284200,284300,283900,284200,283800,283800,283700,284000,283900,283900,283600,340200,284100,283600,283700,283500,283800,283800,283800,283700,313400,283800,283700,283700,283700,283700,283700,283700,283700,283800,283700,283600,283800,283900,283800,283700,283900,283800,283800,283700,283900,283900,284000,283700,283900,284000,284000,283900,283900,283900,283600,283900,284200,283700,283900,283800,283900,283800,283900,283800,283500,283800,283800,283900,283800,283800,338400,283600,283900,283900,283700,283700,283800,283700,283800,283900,283900,283600,283800,283700,283800,283900,283700,283600,283900,284000,283600,283900,283600,283900,283600,283900,283600,283900,300700,297900,283900,283800,283800,283800,284000,284000,284100,283900,284100,283800,283700,283800,283700,283800,284000,283800,283900,283800,283500,283900,283800,283800,283900,284000,283700,375800,292900,319100,292800,292900,293000,293700,293200,293000,293900,293700,320500,371700,408600,413800,370500,354300,370400,340700,412600,342000,312600,295400,296800,283900,283700,284100,283900,283700,283800,283900,283600,283700,284000,283900,283900,283700,283800,283800,284000,339800,284000,283800,284000,284300,283800,284200,284000,284100,283900,326600,437300,297700,283800,283900,283900,283700,283800,284000,283700,283800,284100,283700,284000,283900,284000,283800,284100,284100,283900,283500,283800,283900,284000,283900,284000,283800,283700,284000,284100,283900,283900,283900,283900,284200,284300,283900,283900,283800,283800,283600,283800,283700,283700,283900,283700,283800,283800,283600,283700,283700,284200,283900,284000,283900,345700,400800,385700,297700,284300,284700,356900,309300,344400,1166600,308000,283800
#W oneshot crc_sick 64 4096 500
296200,296300,296200,296100,296100,296200,296200,296200,296200,296200,296400,296100,296200,296100,296300,437100,396000,324500,304500,296200,296200,300000,296300,296100,296200,299500,296300,296200,299600,296300,296300,299900,296200,296400,296400,299800,296200,296100,300100,296400,296500,296400,300700,296300,296200,300600,296300,296500,300500,296200,296300,296400,300100,296100,296400,300000,296200,296500,299900,296200,296300,296400,300400,296400,296300,299900,296200,296300,407700,393200,383600,296300,296000,303400,296100,296200,296300,297800,296200,296100,298100,296100,296200,297900,296100,296200,296000,298000,296200,296300,298500,296000,296100,297900,296300,296300,296500,298000,296100,296200,298000,296200,296300,297900,296200,296400,296300,298300,296300,296200,298400,296500,296300,296300,298000,296100,296200,297900,296100,296100,314300,309000,296200,296100,298400,326900,296400,328700,296100,296200,296300,296100,296100,296200,296300,296200,296200,296300,296100,296500,296300,296200,296200,296300,296100,296200,296200,296200,296300,296200,296400,296100,296300,296400,296200,296200,296400,296300,296300,296700,296200,296400,296200,296300,296300,296200,296400,296300,296300,296300,296200,296500,296200,296200,296200,296400,296300,296100,296100,296300,354100,296200,296200,296100,296300,296100,296000,296100,296200,296100,296300,296100,296200,296200,296100,296100,296100,296100,296200,296300,296100,296200,296200,296200,296100,296300,296200,296100,296200,296400,296100,296200,296200,296400,296300,296200,296300,296200,296300,296400,296400,296300,296200,296300,296300,296400,296300,296100,296200,296200,296200,296400,346200,296200,296300,296300,296100,297000,296100,296100,296400,296200,296100,296200,296100,296300,296200,296200,296100,296300,296100,296300,296200,296200,296200,296100,296100,296100,296100,296100,296300,324600,296200,296500,296200,296200,296400,296200,296300,296300,296100,296200,296500,296200,296200,296200,296200,296300,296200,296300,296200,296200,296400,296200,296200,349100,296200,296100,296300,296300,296200,296200,296200,296500,296200,296300,296100,296400,296200,296100,296100,296300,296200,296200,296400,296300,296100,296300,296200,296100,296200,296500,325400,296300,296400,296300,296300,296300,296300,296300,296400,296300,353500,296300,296300,296300,296100,296500,296200,296100,296200,296200,296200,296300,296300,296200,296500,375400,296200,296200,296200,296300,296200,296400,296200,296100,296500,296100,296900,296400,296200,296100,296300,296500,296200,296200,296200,296200,296200,296300,296400,296300,296300,296300,296300,296400,296400,296300,296700,296700,296400,296400,296300,296000,296200,296300,296100,296400,296300,296300,296400,296200,296400,296200,296300,296900,296500,296100,296100,387700,365700,296200,296200,296200,296200,296300,296200,296300,296200,296200,296300,296200,296100,296100,296200,296300,296100,296300,296400,296200,296300,296200,296400,296400,296600,296400,296300,296600,296400,296800,296400,296400,296200,296600,296200,296200,296300,296500,296400,296300,296300,296400,296300,296600,296400,296200,296000,296200,296100,296200,296200,336900,311200,296300,296300,296300,296400,296200,296200,296300,296200,296100,296100,296100,296200,296200,296100,296400,353300,296300,297000,296300,296300,296300,296200,296300,296300,296400,296100,296100,296200,296200,296200,296200,296200,296200,296200,296100,296300,296400,296300,296300,296200,296400,296200,296200,296100,296200,296100,296300,296100,296300,296300,296300,351100,296200,296100,296200,296500,296300
#W oneshot checksum_NMEA 64 8192 500
251200,251200,251300,251300,251300,251200,251200,294700,261700,265100,251500,251800,252800,268700,292100,251800,251400,282600,251700,251900,251700,251300,251500,251700,251600,251600,251700,308400,252300,251600,251900,251900,252000,251400,251500,251600,251400,251300,251300,251600,251500,295200,265400,281400,251500,336100,309200,350000,264100,276600,258900,271600,251400,251700,279600,251600,280500,311400,284100,272900,264500,267200,336600,269500,252200,269700,260200,260000,259500,259900,261000,259700,295300,259100,264700,251400,251400,251200,251200,251300,251200,251400,251400,251200,251200,251200,251300,251300,251200,251300,251400,251200,251300,251200,251200,251300,251200,251500,251400,251300,251500,251600,251700,251400,268600,297800,309700,340000,251300,251300,251300,251300,251400,251300,251300,251300,251300,251300,251200,251300,251300,251300,251400,251300,251200,251400,251300,251300,251400,251300,251600,251200,251200,251300,251300,251200,251300,251600,251400,251600,251700,251200,251600,251300,251500,251300,251300,252200,251500,251300,251300,251200,251200,251200,251200,251500,251400,251300,251400,251500,251300,251400,251400,251200,251300,251400,251700,251400,271100,264600,251300,251200,251300,251200,251300,251200,251200,251200,251400,251300,251300,251200,251300,251200,251200,251400,251600,251200,251200,251200,251300,251200,251200,251300,251200,251200,251200,251300,251200,251200,251200,251300,251500,251300,251200,251300,251400,251300,251200,251300,251200,251300,251200,251500,251300,251300,251500,251200,251500,251500,251400,251200,251300,251400,251400,251200,251200,251200,251200,251300,275100,273200,251300,251200,251200,251500,251200,251400,251500,251400,251200,251500,251400,251600,251200,251200,251300,251200,251200,251200,251300,251200,251300,251200,251300,251200,251600,251400,251700,251500,251600,251700,251300,251300,251200,251200,251300,251400,251400,251400,251300,251400,251200,251500,251300,251600,251300,251300,251300,251600,251600,251600,251400,251200,251300,251200,251500,251300,251400,251400,251200,251200,423600,264200,251300,251200,251200,251200,251300,251200,251300,251300,251200,251200,251200,251200,251300,251200,251400,251200,251200,251200,251200,251200,251200,251200,251300,251300,251400,251500,251400,251200,251300,251200,251400,251200,251500,251400,251400,251400,251400,251300,251700,251400,251400,251400,251400,251800,251400,251400,251200,251200,251500,251300,251300,251200,251400,251200,251200,251200,251400,251300,251200,251200,308400,251200,251200,251300,251200,251200,251200,251200,251200,251300,251200,251200,251300,251200,251300,251200,251300,251200,251200,251200,251300,251200,251300,251200,251200,251300,251300,251300,251300,251400,251200,251200,251200,251200,251200,251600,251300,251300,251300,251300,251500,251300,251300,251300,251200,251300,251200,251300,251200,251300,251400,251300,251500,251200,251400,251200,251200,251300,251300,251700,251300,317100,251300,251200,251200,251200,251300,251300,251200,251200,251300,251200,251200,251200,251300,251400,251200,251200,251200,251200,251200,251200,251200,251200,251200,251200,251200,251300,251300,251300,251300,251400,251400,251300,251200,251200,251200,251300,251300,251200,251200,251500,251200,251200,251300,251200,251400,251500,251300,251600,251300,251500,251200,251200,251400,251500,251600,251300,251300,251200,251200,251200,251300,315800,266000,251200,251200,251200,251200,251200,251300,251300,251300,251300,251400,251400,251200,251400,251200,251200,251400,251200,251300,251300,251200,281700
#W oneshot crc_8 256 512 500
245000,245000,245100,245200,245100,245100,245100,245000,245100,245100,245100,245100,245100,245000,245100,245200,245100,245100,245100,245200,245000,245100,245300,245100,245200,245000,245100,245000,245100,245100,245100,245200,245000,245000,245100,295600,245100,245100,245100,245100,245000,245100,245000,245000,245000,245100,245100,245000,245000,245000,245000,245100,245100,245100,245100,274000,245100,245000,245200,245100,245100,245700,245100,245100,245000,245100,245100,245000,245100,245100,245100,245000,245100,245100,245200,245100,245100,245100,245100,245000,245200,245200,245000,245100,245200,245100,245000,245100,245100,245100,245200,245100,245100,245200,245100,245200,245100,245100,338200,245200,245200,245100,245000,245000,245100,245100,245100,245000,245100,245000,245000,245100,245100,245100,245100,245000,245100,245200,245100,245000,245100,245100,245100,245100,245100,245200,245000,245100,245100,245200,245100,245000,245200,245200,245100,245200,245300,245200,245200,245400,245200,245100,245000,245100,245100,245200,245000,245100,245200,245100,245200,245200,245100,245100,245200,245100,245200,245100,245200,245300,245200,265900,263400,245100,245100,245000,245300,245100,245000,245200,245100,245000,245100,245000,245200,245300,245100,245200,245600,245200,245100,245100,245000,245100,245100,245100,245100,245100,245000,245200,245200,245200,245300,245300,245200,245500,245300,245500,245100,245400,245100,245000,245100,245100,245100,245200,245200,245100,245200,245200,245100,245100,245100,245100,245100,245100,245300,245100,245200,245100,245100,245100,245000,245000,245100,317900,281400,285100,524200,284900,271000,253900,460600,279600,259700,304500,308900,268300,281200,297400,245100,245100,245100,245000,245100,331600,245000,245000,245100,245100,245100,245100,245000,245000,245100,245100,245000,245200,245000,245000,245100,245100,245000,245300,245000,245300,245100,244900,245100,245000,245300,245300,245200,245200,245200,245100,245200,246200,245400,245100,245000,245200,245100,245000,245100,245600,245100,245200,245200,245200,245100,245300,245200,245200,245300,245000,245700,311000,375100,252500,263500,260800,261300,245100,245200,245100,247000,245000,245300,245400,247100,245100,245100,245100,246900,245000,245500,245300,247600,245100,245100,245200,247000,245100,245000,245400,247200,245200,245400,245300,245200,276800,245000,245700,247400,245100,245600,245400,245100,247300,245100,245000,245100,246900,245300,245200,245300,247000,245100,245100,245100,247600,245100,245000,245000,246800,245200,245200,245100,276500,245000,245100,245000,247200,261500,385900,245100,245100,245100,247000,245100,245000,245000,246800,245100,245000,245200,247000,245100,245000,245100,246800,245100,245200,245100,246800,245000,245000,245000,246900,245100,245100,245100,262700,258500,245100,245400,247300,245000,245100,245200,245300,277800,245300,245300,247300,245000,245100,245100,245100,252400,245000,245200,245300,247000,245200,245200,245100,247000,245100,245000,245000,246800,245400,245100,245100,247000,245200,245100,245100,277000,275100,245200,245100,304100,245100,245100,245100,245100,245200,245200,245000,245200,245100,245100,245100,245300,245000,245100,245200,245100,245100,245200,245200,245200,245300,245200,245100,245000,245200,245100,245100,245400,245100,245100,245200,245300,245500,245200,245300,245000,245100,245200,245400,245200,245200,245100,245100,245000,245100,245100,245100,245100,245000,245000,245100,245100,245000,245000,245100,245000,245000,245300,245300,245100,245100,245100,245100,293700,260200
#W oneshot crc_16 256 512 500
320900,321000,320900,320900,321000,321100,320900,321000,321000,320900,321000,321100,320800,321000,320900,321000,321100,321000,321000,321100,321100,321200,320900,321000,321100,321100,321200,321000,321100,321200,321200,321300,321100,321100,321500,321100,321100,321000,321000,320900,320900,384100,396500,380800,321100,321000,321200,321100,321000,321100,321100,377200,321100,321200,321100,321300,321200,321000,321200,321100,321200,321200,321200,321400,321500,321500,321300,321200,321500,321400,321400,321300,321100,321200,321100,321300,321200,321500,321100,321400,321400,321300,321100,321100,321100,321100,321100,321000,321100,378700,403300,321100,321100,321100,321300,321000,321400,321000,321200,321000,321100,321000,321000,321000,321000,321100,321000,321100,321100,321300,321100,321100,321200,321200,321300,321300,321100,321300,321200,321500,321400,321100,321400,321400,321600,321200,321100,321100,321400,321100,321100,321100,321200,321100,321100,321200,321100,363800,337800,321100,321300,321100,321100,321100,321000,321100,321000,321100,321700,321100,321000,321200,321100,321100,321100,321000,321200,321100,321100,321200,321200,321200,321200,321400,321300,321300,321500,321100,321400,322000,321300,321200,321200,321000,321100,321200,321200,321100,321100,321300,321100,321200,321200,321500,321200,321100,353400,321100,321100,321000,321200,321000,321100,321100,321000,321100,321100,321100,321200,321000,321500,321100,321100,321100,320900,321100,321000,321100,321100,321000,321100,321200,321100,321400,321000,321100,321100,321100,321200,321200,321200,321100,349800,321300,321000,321100,321200,321000,321200,321200,321200,321200,321100,321100,345300,333300,335700,322000,321700,321300,321300,321600,321100,322000,321700,321600,321500,321300,321400,321200,321300,321600,321200,321400,321200,321100,321600,321300,321100,321400,321300,321200,321300,321400,321300,321300,321100,321300,321300,350100,321100,321300,321100,321400,321400,321100,321200,321200,321100,321100,321200,321000,321200,370000,339900,321000,321100,321000,321100,321200,321200,321100,321200,321100,321100,321100,321100,321000,321100,321000,321100,321100,335500,364900,321200,321000,321100,321300,321400,321300,321400,321300,321300,321400,321300,321200,321400,321200,321400,321200,321100,321100,321100,321100,321300,321100,321200,320900,321300,321200,321400,439700,321200,321100,321200,321100,321100,321100,321000,321100,321000,321000,321000,321100,321100,321100,321000,321000,321100,321500,321100,321100,321100,321200,321100,321100,321000,321100,321200,321400,321000,321300,321000,321300,321200,321100,321100,321200,321100,321200,321200,321100,321100,321100,321200,321200,321000,321400,321400,359400,331200,354900,398800,321300,335800,373500,362200,411000,367400,343500,539300,569300,333700,321100,321000,321100,321100,321100,321100,321100,320900,321000,321100,551300,410100,412500,351200,321100,321100,350800,321100,321200,350900,321100,321100,350900,321000,321000,350800,321100,321100,350900,321000,321100,350800,321000,321600,350500,321000,321400,350900,321100,321300,350700,321200,321100,350800,321200,321400,350700,321100,321100,350700,321100,321200,350700,321100,321200,350900,321300,321100,381800,388500,382300,321200,321000,350900,320900,321000,350300,321100,321100,350800,321000,321100,350400,321000,321100,350400,321000,321100,350400,321000,321000,350500,321000,320900,363000,321100,321100,350500,321100,321100,350800,321000,321100,350600,321200,321300,350700,321200,320900,350700,321000,321100,350700,321100,321500,351300,321000
#W oneshot crc_modbus 256 512 500
321200,321200,321200,321300,321300,321200,321200,321100,321300,321100,321200,321000,321100,321200,321100,321300,321300,321200,321300,350200,321200,321500,321300,321400,321300,321200,321300,321100,321300,321200,321300,321200,321200,321400,321400,321300,321500,321300,321800,321300,321300,321100,321200,321300,321300,321300,321200,339800,332000,331000,331000,331200,330900,330900,331100,330900,331000,330900,330900,330900,331000,330800,331000,331000,331000,331000,331000,330900,331000,331100,331000,330900,330900,331100,331200,331200,330900,331100,331100,331200,330900,331000,331000,331200,331100,331100,330900,331100,331000,331000,331100,331000,331200,331100,331100,345500,321200,321200,321500,321400,321200,321200,321200,321200,321300,321200,321200,321200,321100,321100,321100,321200,321100,321100,321200,321300,321100,321300,321300,321300,321300,321200,321200,321200,321500,321400,321200,321300,321600,321300,321200,321400,321300,321300,321200,321300,321400,321500,321400,321500,321200,321200,321400,403100,331100,330900,330900,331000,330900,330800,331000,330800,331000,330800,330800,331000,330900,331000,330900,330900,330800,330900,330800,330900,331000,330900,330800,331100,330800,331000,331000,331000,331200,330800,331100,331100,331000,331100,331100,331100,331100,331000,331200,331200,331100,331100,331000,331200,330900,331000,368400,330900,330900,330800,331000,330800,330900,331000,330900,330900,341800,321200,321400,321300,321500,321200,321100,321100,321100,321100,321300,321200,321200,321300,321300,321200,321200,321400,321400,321200,321300,321200,321400,321400,321300,321200,321400,321200,321200,321300,321400,321200,321700,321200,321200,321100,321300,321200,440800,348800,321000,321200,321200,321200,321200,321100,321100,321300,321100,321200,321200,321300,321600,321100,321100,321200,321200,321200,321300,321100,321200,321200,321800,321400,321300,321200,321300,321100,321400,321300,321300,321200,321200,321600,321300,321400,321700,321200,321200,321100,321200,321200,321300,321400,321300,321300,345500,336100,321100,321200,321100,321300,321100,321300,321200,321100,321200,321400,321200,321100,321200,321100,321200,321600,321300,321200,321600,321100,321200,321200,321200,321200,321400,321200,321300,321400,321300,321400,321300,321100,321200,321400,321200,321200,321300,321200,350800,321500,321200,321100,321300,321200,321300,321300,321100,354800,323100,393400,330900,331000,330900,331000,331200,342300,399900,344600,321300,321200,321300,321400,321200,321700,321600,321600,382200,321400,321400,321500,321600,321400,321600,321600,321600,321300,321800,321600,321700,321900,321600,321400,321300,321400,351400,321300,321400,321300,321600,321400,321300,321300,321400,321300,379200,321300,321200,321200,321200,321200,321100,321200,321300,321200,321200,321200,321200,321200,321300,321300,321200,321200,321200,321200,321200,321300,321200,321400,321400,321400,321300,321400,321300,321200,321600,321300,321200,321200,321100,321300,321300,321200,321200,321200,321100,321100,321200,321200,321500,321200,321100,321300,378700,405100,325800,321200,321200,321200,321100,321200,321100,321200,321200,321200,321100,321300,353300,388700,340200,321100,321200,321100,321200,321100,321200,321100,321200,321100,321100,321100,321200,321300,321300,321300,321200,321200,321200,321200,321200,321600,321300,321200,321300,321500,321400,321100,321200,321300,321200,321200,403700,345300,353000,337200,334800,321200,321300,321300,321200,321300,321200,321100,321100,321300,321100,321200,321200,321300,321100,321100,321300,321200
#W oneshot crc_32 256 512 500
299500,299600,303800,303300,303900,303200,303400,303400,303400,303400,304000,303400,303400,304000,303400,303400,304000,303200,303900,303500,303500,303300,303400,398100,349200,380000,358800,354000,303400,304200,303900,303300,303400,303300,303300,303400,303400,303200,303500,303300,303800,303300,304000,303300,304200,303500,303200,303400,303400,303300,303800,303900,303900,304100,303800,303400,303400,304400,303700,304000,303500,304300,303400,303500,303600,303300,303400,304100,303500,343900,307800,303200,303800,361500,391300,312600,324400,303600,303400,303800,303800,303600,303400,304100,303300,303300,303500,303300,303100,303100,303400,303800,303300,303500,303300,303400,303300,304000,303500,303400,304000,303400,303400,303400,303500,303400,303500,303900,303500,303500,303600,303400,304000,303300,303300,303500,303400,304000,303300,303500,303300,304000,303300,303200,395200,303300,303200,303300,303700,303200,303300,303900,303200,303300,303300,331400,303200,303300,303300,303300,303100,303400,303900,303300,303900,303200,304000,303200,303300,303900,303500,303400,304100,303300,303200,303300,303700,304100,303300,303200,303900,303400,303400,303400,303400,303400,304200,303900,303400,303400,303200,303400,303900,303400,303300,355300,325300,317800,303200,303600,303500,303600,304000,303200,303200,303200,303200,303900,303300,304100,303300,304000,303300,303200,303200,303800,303300,303200,303200,304000,303500,303400,304100,303400,303400,303600,304000,303300,303500,303600,304000,303500,303300,303500,303900,303400,304000,303500,303900,303500,304100,303400,303300,303400,303400,303800,368200,303400,303900,303200,303300,303300,303300,303300,303400,303300,304000,303400,303200,303200,303300,303200,303300,303100,303300,303400,303300,303300,303400,303300,303400,303400,303400,303500,304000,303900,303300,303400,303500,303300,303400,303300,303300,303300,303400,303300,303500,303500,303400,303300,303300,303300,303300,303900,303500,303400,303300,410600,331200,347400,318400,303300,304200,303400,304000,303800,303400,303900,303300,303500,303400,303400,303300,303700,303900,303400,303800,303900,303900,303300,303600,303200,303900,303300,303600,303600,304200,304200,303800,303900,303600,303200,303500,303500,304200,303500,304100,303300,303500,304200,303900,303500,303400,303900,303300,303300,303900,303300,331500,344200,303300,303500,303300,303300,303800,303300,303300,303300,303200,303300,303400,303300,303400,303400,303500,303300,303400,303300,303300,303200,303700,303400,303400,303500,303300,303100,303300,303400,303500,303200,303400,304000,303500,303300,303200,303900,303400,303300,303400,303600,303400,303300,303500,303400,303200,303800,303800,304100,303400,339100,356200,303300,304000,303300,303200,303300,303300,303300,303200,303300,303200,303500,303200,303400,304000,303500,303800,303400,303800,303300,303900,303900,304000,303400,303700,303400,304100,303500,304100,303800,303500,303500,303800,303400,303900,303900,303500,303900,303400,303400,303200,303300,303400,303300,303300,303500,303300,303200,361400,303300,360400,303200,303800,303200,303400,303300,303400,303800,303300,303200,303300,303400,303400,303300,303800,303300,303300,303300,303800,303300,303200,303300,303400,303300,304000,303300,303300,303400,304000,303400,303300,303400,333700,303300,303900,304000,303300,303400,304000,303400,303500,303400,303700,303400,303200,303400,303500,303300,303300,303500,303200,334300,404100,303300,333700,330700,303300,303900,303300,303400,303400,303900,303300,303400,303300,303900,303300,303400,303500,303300
#W oneshot crc_64_ecma 256 512 500
299600,299600,299600,299500,299600,299600,315200,314000,299600,299700,299700,299700,299400,299700,299800,299900,299800,299700,299700,299700,299700,299600,299900,299600,299600,299800,299700,299600,378500,308800,308600,308700,308700,308700,308600,308800,308600,308600,308600,308700,308700,308800,308600,308700,308700,308700,308600,308800,308500,308600,308600,308700,308700,308700,308700,308800,308800,308800,309000,309100,308700,308700,308900,308900,308600,308700,308700,308700,308600,308700,308500,308700,308800,308800,308900,308500,308700,308600,374900,314200,299600,299700,299500,299600,299600,299500,299500,299600,299600,299500,299500,299600,299600,299500,299600,299700,299600,299600,299600,299500,299600,299500,299600,299600,299700,299600,299900,299900,300200,299800,299700,299700,299700,299800,299700,299800,299700,299800,299700,299700,299700,299600,299600,299500,299600,299800,299500,299800,299700,299700,388400,308700,308500,308600,308600,308600,308500,308600,308700,308700,308600,308800,308500,308600,308600,308600,308600,308700,308700,308800,308700,308600,308700,308700,308700,308800,308600,308700,308800,309000,308900,308800,308700,308700,308800,308700,308800,308900,308800,308700,308700,308700,308800,308600,308700,308900,308800,308700,308800,308700,330300,309000,308800,315400,299600,299700,299500,299700,299600,299600,299600,300100,299500,299600,299500,299500,299500,299600,299600,299600,299500,299600,299500,299600,299500,299800,299500,299900,299700,299800,299600,299700,299800,299800,299900,299500,299800,299600,299700,299900,299700,299500,299700,300000,299500,299700,299500,299700,299500,299600,299600,299500,570400,299700,299600,299600,299500,299600,299500,299600,299500,299600,299500,299600,299500,299500,299700,299500,299700,299600,299600,299600,300100,299600,299700,299800,299700,299600,299700,299500,299600,299600,299800,299700,299700,299800,299900,299800,299800,299700,299800,300000,299600,299400,299600,299600,299600,299500,299700,299500,299700,299500,299500,320900,399900,299600,299600,299800,299600,299700,299600,299600,299700,299600,299700,299500,299500,299800,299600,299600,299700,299700,299500,299700,299500,299700,299600,299600,299700,299500,299700,299900,299600,299800,299600,299900,299700,299700,299600,300000,299700,299600,299600,299700,299600,299600,299700,299500,299700,299700,299800,299600,299600,299600,299600,349000,329500,311600,423000,299900,300000,351200,319500,348300,326900,498600,348700,392500,299600,299600,345000,312700,300200,300200,299700,299600,299600,299800,299500,299800,299600,299800,299600,299600,299700,299500,299600,299600,442900,386500,319100,310700,299700,299500,299600,303600,299700,299600,303100,299800,299600,303000,299600,299500,303100,299900,300100,299900,303900,299600,299800,303500,300100,299800,313700,299500,299600,299800,303700,299700,299700,304400,299900,299700,303300,299600,299800,299600,303300,299700,299800,336000,299700,299600,304000,299800,299700,300100,304200,299600,299600,419700,342000,358300,308800,308700,310600,308600,308600,310300,308700,308600,310400,308600,308600,308700,309200,307400,307400,310000,308700,308700,311400,308600,308600,310700,308700,308700,310800,308700,309200,308900,310700,308600,308700,311200,308600,308700,310600,308600,308700,310600,308600,309000,308700,310600,309000,308600,310900,308700,308700,311000,308600,308700,310900,389600,308700,312900,308600,308700,308600,308700,308500,308700,308600,308600,308700,308600,308700,308700,308500,308700,308600,308700,308800,308500,308700,308800,308700,308600
#W oneshot crc_64_we 256 512 500
308100,308100,308100,308100,308200,308000,308100,308100,308100,308100,308100,308000,308100,308000,308100,308200,308100,308100,308100,308300,308100,308200,308000,344100,308100,308100,308000,308000,308100,308100,308000,308000,308000,308100,308100,308100,308000,308200,308200,308100,308000,308100,308100,308100,308000,308200,308100,308200,308200,308000,308300,308300,308100,308300,308500,308300,308200,308500,308200,308200,308300,308100,308200,308200,308400,308100,308200,308200,308100,308000,308100,308100,308300,355200,308300,308000,308100,308100,308200,308000,308100,308100,308000,308100,308200,308100,308100,308000,308100,308100,308100,308000,308100,308000,308100,308100,308300,308000,308200,308200,308100,308300,308900,308200,308400,308800,308400,308300,308100,308300,308200,308300,308300,308200,308200,308200,308300,308100,308200,308000,308200,308400,308100,308100,333000,308100,308100,308200,308100,308100,308000,308200,308300,308000,308100,308100,308100,308300,308100,308200,308100,308100,308100,308000,308200,308000,308000,308200,308200,308200,308000,308400,308200,308300,308300,308100,308200,308200,308200,308100,308300,308100,308300,308300,308200,308200,308200,308300,308100,308400,308300,308000,308100,308100,308100,322000,308100,308100,308100,308100,308100,308100,308100,308300,308200,308400,316200,299100,299000,299100,299000,299000,299000,299000,299000,299200,299000,299100,299000,299100,299200,299300,299000,299100,299200,299100,299100,299100,299100,299100,299000,299100,299000,299000,299200,299100,299300,299500,299000,299100,299100,299100,299000,299200,299200,299100,418400,299000,299000,299000,299000,299000,299000,299000,299000,298900,299100,299100,299000,299000,299000,299100,299000,298900,298900,299100,299000,299100,299100,299000,299000,298900,299000,299000,299100,299100,299100,299200,299200,299400,299300,299100,299300,299100,299400,299600,299400,299000,299200,299000,299200,299100,299100,299000,299200,299000,299000,299100,394200,298900,299100,299000,299000,299000,299000,299000,299000,299100,298900,298900,299100,299100,299000,299000,299000,299000,299300,299300,299000,299000,299100,298900,299200,299100,299100,299000,299000,299100,299200,299100,299100,299200,299200,299200,299000,299000,299000,299000,299000,299200,299200,299100,299100,299200,299200,299000,299200,299200,299400,299100,352200,299000,299000,299100,299100,299200,299100,299000,299100,299200,299100,299000,299100,299100,299100,299200,299000,299100,299000,299000,299100,299100,355800,299100,299100,298900,299100,299000,299100,299200,299600,299200,299100,299100,299000,299200,299000,299200,299100,299100,299100,299100,299200,299000,299200,299000,299100,299000,299200,299100,299100,299000,352500,299200,299000,299100,299200,299000,299100,299000,299100,299100,299100,299100,299000,299000,298900,299000,299100,299000,299100,299100,299100,299200,299200,299000,299000,299100,299300,299000,299100,299100,299100,299000,299000,299200,299000,299000,299200,299000,299200,299000,299100,299200,299200,299000,299100,298900,299000,299000,299100,299100,327800,299100,387600,299100,299000,299100,299000,299000,299100,299000,299000,299100,299100,299100,299100,299000,299000,299000,299100,298900,299000,299000,299000,299000,299100,299000,299000,299100,299100,299200,299200,299000,299100,299200,299300,299100,299100,299100,299200,299300,299300,299200,299100,299100,299100,299200,299100,299100,299200,299000,299100,299100,299000,299100,338500,299100,299100,299100,299100,299100,299000,299000,299100,299000,299100,299000,298900,299000
#W oneshot crc_ccitt_1d0f 256 512 500
336400,336300,336400,336300,336400,336400,336400,336300,336400,336400,336400,336300,336500,336700,336500,336400,336500,336500,336400,336400,336500,336400,336700,336400,336500,336500,336500,336800,356600,482400,446000,336400,336400,336300,336400,336400,336400,336400,336400,336400,336300,336300,336300,336300,336400,336400,336300,336400,336300,336400,336600,336400,336500,336700,336600,337000,337000,336600,336500,336600,336800,336600,336700,336500,336700,336500,336500,336600,336400,336600,337000,336400,336400,336400,432900,348900,336400,336400,336400,336400,336400,336400,336400,336300,336400,336400,336300,336400,336500,336400,336600,336400,336400,336500,336400,336600,336600,336500,337000,336700,336800,336400,336600,336500,336700,336400,336400,336700,336600,336500,336400,336600,336500,336700,336600,336400,336400,336400,336400,336500,378100,336400,336600,336400,336500,336500,336400,336500,336300,336300,336400,336400,336400,336400,336400,336400,336400,336300,336400,336500,336400,336600,336600,336500,336400,336600,336400,336500,336700,336300,336400,336400,336600,336500,336400,336400,336400,336500,336400,336500,336400,336400,336500,336500,336400,336500,378300,353800,336500,336500,336800,336600,336800,336300,336500,336400,336500,336300,336400,336300,336400,336400,336600,336400,336800,336500,336600,336500,336600,336400,336600,336400,336500,336600,336400,336500,336900,336500,336500,336500,336500,336500,336600,336500,336400,336600,336400,336600,336500,336500,336600,336300,336600,376100,336400,336300,336400,336300,336500,336400,336400,336400,336400,336400,336300,336400,336500,337100,336500,365700,336400,336400,336500,336400,336400,336400,336500,336500,336500,336600,336300,336400,336600,336500,336300,336400,336700,336500,336500,336500,336400,336700,336400,336600,336600,336400,336700,336400,336600,394800,336400,336500,336500,336300,336400,336400,336500,336400,336600,336600,336800,336400,336700,336400,352600,349900,336600,336400,336500,336500,336500,336600,336900,336800,336900,336500,336600,336700,336500,336600,336600,336600,336500,336500,336400,336500,336500,336700,336900,336500,336400,336500,336600,336400,336400,378100,336400,336400,336400,336400,336400,336500,336700,336400,336300,336300,336300,336500,336400,336500,336400,336400,336400,336400,336400,336500,336700,336300,336300,336500,336300,336300,336600,336400,336400,336400,336300,336600,336300,336600,336600,336400,336400,336400,336400,336400,336400,336600,336400,336500,336400,375000,351100,336600,336400,336300,336300,336400,336400,336400,336400,336300,336400,336600,336500,336400,336400,336400,336600,336600,336400,336400,336500,336700,336500,336700,336600,336500,336600,336800,336400,336600,336900,336600,336500,336400,336600,336500,336500,336700,336500,336500,336600,336500,336500,336400,336700,340700,550100,387300,466200,347500,365000,588700,378500,424300,418700,369200,375100,350400,336400,336600,365000,365200,336400,336500,336500,336300,336600,336400,336400,336400,336400,336400,336300,336300,336500,336400,336700,336400,336500,336400,336500,336600,336500,336700,336700,336700,336600,336600,336600,337300,336600,336400,336400,336700,336400,336500,336400,336500,404500,445600,347400,440500,349300,346600,346600,348300,346600,346700,348400,346600,346600,348100,346600,348300,346600,346500,348300,346800,346600,348400,346600,346700,416900,346600,346500,348900,346500,346600,348600,346600,348500,346800,346600,348500,346600,346500,349900,346600,346700,348500,346800,346800,349000,346600,346700,349100,525600,346500
#W oneshot crc_ccitt_ffff 256 512 500
346600,346600,348500,346600,346600,348300,347000,346600,348300,346500,346600,348200,346600,402100,346500,346600,349100,346600,346600,348400,346800,346600,349500,346600,346600,348500,346600,346700,348700,346800,346700,346700,346600,348700,346800,346700,348600,346700,346600,368900,346700,346500,371500,336400,336400,336400,336400,336400,336400,336300,336400,336400,336400,336400,336400,336300,336400,336400,336500,336500,336400,336600,336400,336500,336500,336400,336500,336500,336500,336500,336500,336400,336600,336400,336400,336500,337000,336400,336400,336500,336500,336500,336400,336500,336500,336500,336400,336500,369200,349800,336600,336400,336400,336400,336400,336400,336400,336500,336400,336400,336400,336400,336400,336600,336500,336500,336400,336500,336500,336500,336300,336600,336500,336500,336500,336700,336700,336500,336900,336600,336500,336500,336500,336500,336400,336500,336400,336400,336500,336400,336400,336500,336500,336600,336500,366300,358900,346600,346600,427000,346600,346600,346500,346600,492700,346600,346600,346600,346500,346500,346600,346600,346500,346500,346700,346600,346700,346700,346600,346600,346700,346700,346700,346700,347000,346600,346700,346800,346800,346800,346900,347000,346900,346700,346900,347400,346600,346700,346600,384300,346600,346600,346600,346600,346500,346600,355600,336400,336400,336400,336400,336500,336400,336400,336300,336400,336400,336400,336400,336500,336400,336400,336500,336700,336500,336500,336500,336400,336500,336700,336500,336400,336700,336500,336700,336500,336500,336700,336500,336400,336400,336400,336500,336400,336500,373000,336500,336600,336400,336400,336300,336800,336400,336400,336400,354000,349300,336800,336400,336300,336400,336400,336600,336500,336600,336900,336400,336600,336600,336600,336700,336700,336700,336500,336600,336500,336500,336400,336600,337000,336600,336500,336700,336400,336700,336400,336500,336400,336500,336500,336600,390600,378300,336700,336500,336500,336500,336600,336600,336500,336500,336400,336600,336500,352300,350500,336800,336500,336500,336500,336600,336500,336600,336500,336800,336400,336400,336700,336700,336400,337000,336700,337100,336500,336400,336300,366400,336400,336400,336500,336500,336700,336600,336500,336600,336600,336600,378900,365000,336400,336400,336500,336500,336300,336500,336700,336300,336600,336300,336500,336500,336500,336400,336400,337000,336400,336500,336400,336500,336400,336400,336500,336500,336700,336700,336400,336400,336600,336400,336400,336500,336400,365800,336600,336600,336600,336500,336500,336700,336400,336400,336500,336400,376200,357000,337200,337100,336800,336400,336400,336500,336400,336900,336800,336600,336400,336400,336600,336600,336400,336500,336700,336500,393600,337200,336500,337200,336700,336500,336700,336700,336500,336600,336300,336700,336900,336600,336400,336500,336500,336600,336500,336600,336400,336500,336400,336500,336500,336400,426500,355100,365300,336400,336400,336500,336300,337000,336300,336400,336300,336500,337000,336500,336500,336600,336300,336700,336600,336500,337000,336600,336500,336500,336500,336700,336800,336500,336700,336500,336500,336600,336600,336400,337000,336500,336500,336500,336600,336500,336600,336600,336400,336500,336500,336500,366400,353100,354400,423900,336700,355400,383300,379600,464000,405500,426400,395300,336700,422400,336500,336900,336700,337400,336500,336700,336400,336700,336400,337000,414600,406500,413400,350600,336400,338700,336600,336800,338300,336500,338900,336400,336400,338300,336400,336300,338400,336600,336600,338200,336700
#W oneshot crc_xmodem 256 512 500
392700,351700,380400,336300,336300,338100,336300,336300,338200,336600,336700,338500,336400,336600,338200,336300,336400,351000,336400,338900,336300,336400,358100,430800,336400,336300,338400,336300,336500,338200,336300,336300,338200,336400,336300,338100,336300,336300,338100,336400,336500,338000,336600,336500,338800,336300,336400,338200,336400,338300,336500,336400,338300,336600,336300,338300,336300,336300,338100,336500,336300,338300,336400,336300,338300,336500,336500,338200,336500,336400,368100,365500,336400,368500,336300,336200,336400,336300,336400,336400,336400,336600,336400,336500,336300,336300,336500,336400,336300,336400,336400,336300,336400,365900,336800,336800,336500,336500,336400,336600,336600,336400,336600,336400,336400,336400,336500,336400,336500,336600,336500,336600,336400,336500,336300,336400,336500,336300,336400,370600,349500,336400,336400,336600,336400,336500,336400,336400,336400,336300,336300,336300,336300,336300,336300,336300,336300,336300,336400,336500,336300,336500,336400,336500,336600,336300,336400,336500,336500,336300,336500,337000,336600,336500,336500,336500,336500,336400,336600,336300,336400,336300,336500,336400,336600,336500,367800,336400,336300,336300,336800,336400,336400,336300,336300,336500,336400,336400,336500,336600,336400,336400,336300,336300,336300,336300,336300,336400,336300,336500,336300,336400,336400,336500,336500,336300,336400,336300,336300,336500,336400,336400,336300,336400,336500,336300,336500,336600,336500,336300,336400,336400,363900,353400,336400,336400,336400,336500,336300,337000,336700,336600,336900,336400,336500,336300,336500,336400,336400,336500,336500,336400,336400,336400,336500,336300,336600,336400,336800,336500,336600,336400,336300,336600,336400,336700,336400,336400,336500,336600,336900,336500,336300,336400,336400,336500,336400,336500,357300,461900,336400,336300,336500,336400,336700,336500,336300,336400,336700,336400,336500,336500,336300,336300,336300,336400,336400,336400,336300,336400,336400,336500,336400,336500,336600,336400,336400,336600,336400,336500,336500,336400,337100,336400,336500,336400,336400,336400,336300,336400,336300,336400,336400,336400,360100,349900,336700,336400,336400,336400,336400,336300,336400,336400,336300,336400,336500,336400,336600,336300,336600,336400,336400,336500,336400,336400,336400,336400,336400,336400,336500,336400,336200,336400,336400,336500,336400,336500,336400,336400,336400,336300,336300,336600,336500,336600,336500,336400,336700,336400,336300,369500,391600,336400,393300,336500,336300,336500,336400,336400,336400,336500,336600,336500,336500,336400,336500,336500,336500,336300,336500,336700,336400,336600,336600,336600,336600,336400,336400,336500,336300,336500,336400,336600,336300,336600,336300,336400,353000,349500,336600,336400,336400,336600,336300,336500,336400,441200,336500,336300,336400,336400,336500,336500,336600,336400,336500,336400,336400,336400,336300,336300,336300,336400,336400,336400,396800,336500,336600,336900,336800,336500,336500,336700,336400,336800,336400,336600,336400,336700,336400,336800,336600,336900,366400,336500,336400,336600,336300,336400,336400,336600,369300,338900,355200,349300,352300,337300,336900,337100,336900,414900,351600,337400,336500,336500,336600,336500,336300,336500,336500,336700,336600,336700,336400,336300,336500,336400,336700,336400,336700,336600,336600,336800,336900,336600,336500,336500,336400,336700,336800,336600,336400,336500,336500,336700,336500,336600,363600,376900,337000,336400,336500,336300,336300,336400,336300,336300,336400,336400
#W oneshot crc_kermit 256 512 500
321100,320900,320900,321000,321000,320900,320900,321000,321000,321000,320900,320800,321000,321000,321400,321100,320900,320900,320900,320900,321100,321000,320900,320900,321000,321100,321100,321000,321200,321300,321000,344300,332300,338300,321000,321200,321200,321100,321400,321100,321000,321100,321100,321000,321500,321100,321300,321000,321300,321200,321200,321100,321000,321400,321300,321200,321600,321200,321100,321700,321900,321300,321200,321200,321300,321000,321300,321100,321300,321000,321100,321100,321100,321600,321100,321100,321000,321100,321100,325300,517000,376400,339000,321000,321100,321200,321300,321100,321200,321100,321100,321200,321000,321100,321100,321200,321000,321100,321000,321100,321100,321100,321000,321200,321100,321200,321100,321000,321100,321400,321400,321000,321500,321300,321400,321300,321500,321100,321600,321200,321300,321100,321100,321200,321000,321100,321100,344000,362700,321000,321000,321000,321100,321400,321100,321000,321100,321100,321000,321000,321200,321000,321100,320900,321100,321100,321200,321100,321200,321100,321100,321000,321200,320900,321100,321000,321100,321100,321000,321200,321100,321100,321500,321300,321200,321000,321100,321200,321100,321100,321100,321000,321200,378700,321100,352600,375100,338700,321300,321300,321400,321800,321100,321000,321400,321000,350900,321400,321000,321100,321000,321100,321200,321100,321100,321200,321200,321200,321400,321400,321100,321500,321300,321200,321300,321600,321200,321700,321400,321200,321200,321200,321100,321100,321200,321000,321200,321100,321200,321200,321100,321100,321400,321200,354700,320900,321100,321000,321100,321100,321000,321100,321100,321100,321100,321100,321100,321100,321100,320800,321000,321000,321100,321000,321000,321100,321100,321100,320900,321100,321000,321200,321100,321300,321100,321100,321200,321200,321300,320900,321200,321100,321100,321100,321200,321100,321400,321100,321000,321000,321100,321300,359900,332500,337400,322300,321700,322300,321800,321600,321000,321400,321000,321300,321100,321000,321400,321200,321200,321000,321100,321000,321200,321100,321500,321300,321400,321200,321200,321200,321300,321200,321400,321300,321100,321400,321200,321200,321200,321100,321200,321200,321300,321100,321200,321100,321000,321100,321100,320900,321000,367200,321100,321100,321100,321100,321200,321000,321100,321200,321100,320900,321000,321100,320900,321100,321000,321000,321000,321200,321200,321100,321100,321100,321200,321200,321100,321000,321100,321200,321100,321000,321000,321100,321300,321400,321000,321100,321100,321100,321200,321100,321100,321100,338800,337500,321100,350900,321200,351500,339500,321500,321400,321000,321100,321200,321100,321100,321100,321000,321200,321100,321100,320900,321100,321100,321200,321100,321100,321100,321500,321200,321300,321300,321300,321400,321400,321400,321100,321200,321300,321600,321200,321100,321100,321300,321200,321400,321100,321000,321200,321000,321200,321100,321000,321300,321100,358800,321100,321100,321000,321000,321000,321100,321000,321100,321000,321000,321100,321000,321000,321200,321200,321000,321100,321000,321000,321000,321100,321000,321100,321300,321000,321000,321100,321300,321200,321100,320900,321000,321100,321200,321100,321000,321200,321100,321300,321100,321200,321700,321200,321200,321000,321100,321000,321000,354800,320900,321000,321000,321100,320900,321100,320900,321200,321200,321000,321000,321000,321000,321000,321100,321000,321000,321200,321100,321000,321100,321000,321500,321300,321100,321000,321000,321100,321100,349900,321100,321100,321000
#W oneshot crc_dnp 256 512 500
321000,321000,321000,321000,321000,321000,321000,321000,321000,348500,363500,321200,321300,321600,321300,321200,321300,321200,321300,321200,321200,321300,321400,321300,321300,321200,321300,321400,321300,321200,321300,321200,321200,321200,321400,321400,321300,321400,321300,350300,321300,321300,321300,321500,321400,321300,321500,321300,321400,321200,321100,321000,321100,321100,321100,321100,321100,340500,335100,321200,321200,321300,321200,321200,321200,321200,321100,321300,321400,321200,321100,321100,321100,321100,321000,321100,321000,321100,320900,321000,321100,321000,321200,321200,321000,321200,321100,321200,321100,321200,321100,321200,321100,321100,321200,321100,321000,321100,321300,321200,321100,321100,321500,321100,321100,321000,407900,321200,321200,321200,321200,321200,321300,321300,321200,321300,321200,321300,321100,321200,321200,321200,321100,321200,321100,321200,321300,321300,321300,321300,321200,321300,321600,321200,321200,321300,321500,321300,321400,321500,321300,321400,321300,321400,321200,321300,321500,321400,321400,321300,321300,321200,321300,321300,362400,336400,321200,321200,321200,321300,321100,321200,321200,321100,321200,321200,321200,321100,321300,321200,321200,321200,321200,321200,321200,321300,321400,321400,321100,321200,321200,321200,321300,321400,321400,321400,321300,321600,321300,321300,321400,321300,321300,321300,321200,321300,321200,321400,321300,321300,321200,321300,321200,381300,321200,321200,321200,321200,321200,321100,321200,321200,321200,321200,321200,321300,321100,321300,348900,347300,390400,364800,350700,322900,322800,366500,391700,363100,463200,321200,321100,336900,423500,383200,337900,519000,321200,321500,322400,378600,381100,351400,483400,352700,342700,346600,336600,357200,321300,321300,321500,321700,321400,321400,321400,376300,321400,321600,321300,321200,321300,321300,321200,321400,321300,321400,321500,321500,321200,321500,321300,321300,321400,321600,321100,321500,321400,321400,321300,321200,321500,321800,321500,321500,321300,321300,321300,321400,321300,321300,321200,321300,321400,321200,321300,368200,363100,321300,321300,321400,321200,321300,321300,321200,321300,321100,321200,321300,321200,321200,321500,321300,321200,321400,321200,321300,321100,321300,321200,321200,321300,321500,321600,321600,321500,321500,321200,321400,321400,321300,321500,321200,321400,321300,321300,321200,321500,321400,321400,321400,321400,321200,321200,321300,357500,339200,438900,321500,322000,392500,339800,482600,463100,346600,384800,321700,321600,337800,389500,321400,321300,321400,321500,321100,321300,321300,321200,321300,321200,321300,321300,321300,321400,321300,321300,459800,407800,321500,323500,321200,321300,323400,321200,321300,322900,321300,321300,323900,321300,321300,323300,321200,321600,323300,321700,321200,321300,323300,321700,321300,323200,321300,321300,323400,321200,321300,323400,321400,321300,323400,321200,321500,323200,321200,321200,323100,321300,321400,323200,321200,321100,322800,321100,321300,323200,355500,430600,363300,321200,350900,321200,321400,351000,321300,321200,350600,321200,321100,351400,321100,321200,350900,321200,321200,338400,334000,321300,338200,334000,321200,337800,334400,321200,335800,336300,321300,335700,336500,321200,321300,364000,321500,335700,336800,321200,336000,336600,321200,321200,350600,321300,321200,473500,321200,324200,336400,334100,323300,321300,321200,352700,321200,321200,321200,321200,321200,321300,321200,321200,321200,321200,321300,321200,321400,321300,321300,321300,321200,321100,321300
#W oneshot crc_sick 256 1024 500
311600,311700,311500,311700,311700,311600,311500,311600,311500,311600,311600,311700,311600,311800,311600,311900,312000,311600,311600,311700,311600,311800,311700,312600,311600,346000,312600,312100,311900,312400,312000,312000,312100,312100,312000,311900,311900,311900,312000,311800,312100,312000,312100,312200,312200,312200,312200,312200,312000,312000,311900,312100,312200,312000,312000,312000,312000,311900,312200,311900,312000,312000,312300,312200,312100,311900,312000,311800,311900,312100,312100,312000,312100,312000,312000,360300,312100,312200,311900,311900,312000,312000,312000,311900,311900,312000,312000,311900,311900,312100,312000,311900,312100,312000,312000,312000,312000,312100,312000,341000,311900,311900,312000,312000,312100,312000,312000,312200,312000,312000,312200,312100,312000,312100,312100,311800,312000,312000,312100,312000,312200,312100,312200,311900,312100,378900,343300,312000,312000,312200,312800,311900,312100,312200,312000,312000,312300,311900,312700,312200,311900,312000,312000,312000,312000,312100,312000,312200,312200,342000,312100,312200,312500,312400,312600,312200,312100,312100,312000,312100,312100,312000,312000,312100,312000,312000,312000,312200,312000,312300,312100,312000,312000,312000,350000,312000,312000,311800,311900,312000,312000,312100,312400,312000,312100,311900,312000,311900,311900,311900,311800,311900,311900,312200,312100,312000,311900,312200,312100,311900,312000,312100,311900,311900,312000,312300,312100,312000,312000,312100,312000,312200,311900,312100,312100,312100,312000,312000,312000,312000,312000,311900,312100,311900,335200,324200,312000,312000,312000,311900,312200,312100,312100,311900,312000,342100,312100,312000,311900,312000,311900,311900,312200,312100,311900,312400,312200,312000,312100,311900,312000,312100,312000,312200,312200,312100,311900,312100,312100,312000,312100,312000,312000,312000,312000,312000,311900,312100,312000,312100,312000,311900,312000,312000,379400,312100,312100,312000,311900,312100,312000,312000,312100,311900,311900,312100,311900,312000,342900,312300,311900,312000,312100,311900,311900,312100,312000,312000,312000,312000,312100,311900,312000,312100,311900,311900,312100,312100,312000,312000,312100,312100,312000,312200,312000,311900,312200,312000,312000,312200,312100,312400,312000,312000,342600,311900,312000,312000,311900,311900,312000,312000,312000,312000,311900,312000,312000,312000,312100,312000,311900,312300,367800,312000,312100,311900,312100,312000,311900,311900,311900,312100,312100,311900,312100,312000,312000,312000,312100,311900,312100,312100,312000,312000,312000,312100,312100,311900,312000,312000,311900,312200,312000,349100,326500,311900,312100,311900,312000,312000,312000,312300,312100,312000,312000,312100,311900,312000,312000,312200,311900,312100,312100,312100,312100,312000,312100,312500,312000,312100,312100,312000,312200,311900,312100,312100,312100,312000,312300,312100,312100,312100,312600,312100,312000,312100,312000,312000,313000,311900,312000,312000,312100,331700,324700,312000,312000,312000,311900,312000,312000,312000,312000,311900,312000,312000,312000,312100,311900,311900,311900,312000,312000,312000,312200,312100,312000,312000,312000,312100,312100,312000,312000,311900,311900,312000,312000,312100,312400,312100,312000,311900,312100,312000,312200,312000,311900,312000,312000,312100,312000,312000,312100,340200,324900,311900,312000,312000,312000,312000,311900,311900,312000,311900,311900,312100,311800,311900,312200,311900,312000,312100,311900,312100,311900,312000,312000,312000,312000,311900
#W oneshot checksum_NMEA 256 2048 500
267800,267700,267900,267900,267900,267800,267900,267700,267900,267800,268100,245700,240500,240400,240400,240700,240700,240500,240400,240500,240400,240400,240400,274200,268100,267800,268000,267900,267800,268000,267900,267900,267800,268000,267800,267900,267800,267800,267900,267900,267800,267800,267900,267800,267700,268000,267900,267900,267900,267900,268000,268000,267800,268200,267900,267900,268000,261300,240400,248500,267800,267900,267900,268000,267900,267900,255700,240400,240500,240300,240700,241100,244000,268100,267900,267900,267800,267900,267900,268000,255300,240500,240400,280500,240400,240400,240600,240700,240700,240400,240900,267400,268100,267800,267900,267800,267900,267800,267800,268000,268000,263900,240400,240300,240500,240600,240600,240400,240300,240300,240300,240400,240500,260300,268100,268000,247700,240600,240900,240600,240700,240800,240400,240500,240500,240700,240500,240600,240900,240500,240600,240300,240500,240500,240500,240500,240500,240300,240400,240500,240500,240600,240500,240300,240400,240500,278000,240800,240700,240400,240400,240300,240400,240300,240400,240400,240400,240400,240700,240400,240300,240500,240300,240400,240500,240400,240400,240500,240300,240400,240300,240300,240300,240500,240400,240600,240500,240500,240400,240400,240600,240600,240600,240300,240800,240700,240400,240500,240500,240400,240400,240300,240600,240500,240700,240400,240400,240500,240400,240700,240300,240500,240500,240400,240600,240500,240400,240400,240400,240400,259500,253200,240400,240300,240400,240400,240300,240300,240400,240500,240400,240400,240400,240300,240300,240300,240500,240300,240500,240300,240400,240400,240300,240400,240600,240300,240300,240400,240400,240400,240700,240400,240300,240500,240300,240700,240400,240600,240500,240500,240400,240300,240500,240400,240400,240500,240300,240500,240500,240300,240600,240300,240400,240500,240500,240400,240400,240400,240400,240400,240400,240400,240700,240400,240400,277000,242200,240500,240500,240500,240500,240400,240600,240700,241100,240400,240400,240600,240500,240300,240400,240400,240400,240500,242100,240300,240400,240300,240400,240400,240600,240700,240500,240400,240900,240500,240600,240400,240300,240500,240600,240500,240600,240600,240400,240500,240500,240700,240500,240600,240500,240700,240500,240600,240800,240500,240700,240500,240500,240400,240600,240300,240600,240600,240400,240600,240400,240400,240400,240400,268200,256700,240400,240600,241300,240600,240800,240400,240400,240500,240500,240500,240600,240500,240500,240600,240600,240400,257200,253400,240300,240500,240300,240600,240500,240500,240400,240600,240500,240500,240600,240700,240700,240500,240400,240800,241100,240700,240600,240400,240700,240600,240500,240900,240600,240500,240400,240400,240400,240300,240300,240400,240400,240500,240400,240400,240600,240400,240800,240400,240600,240500,240600,240600,284800,240500,240500,240400,240400,240400,240500,240500,240400,240400,240400,240400,240400,240400,240400,240400,240400,240300,240700,240700,240400,240500,240400,240500,240400,240300,240400,240400,240600,240400,240400,240600,240300,240500,240600,240700,240500,240500,240900,240500,240400,240600,240400,240600,240900,240500,240400,240500,240700,240500,240500,240400,240500,240700,240400,240500,240800,241000,241100,240400,240300,240600,240600,240500,240800,276900,269100,240400,240400,240300,240500,240400,240400,240500,240400,240400,240600,240800,240800,240400,240300,240300,240300,240500,240400,240600,240400,240500,240300,240600,240600,240600,240500,240600,240500,240400
#W oneshot crc_8 1024 128 500
264300,264200,264200,264300,264200,264100,264100,264100,264300,264300,264200,264300,264200,264200,264300,264200,264400,264200,264300,264200,264200,264300,264500,264200,264300,287700,273500,274000,274000,359700,372500,264200,364700,264300,285100,281200,272200,272200,272300,285200,264300,264100,264200,269400,264400,264300,264200,268000,264100,282500,311500,264900,295200,292600,269200,264300,264300,268700,264400,264400,264300,268500,264500,264700,264300,268300,264300,264300,264200,267800,264600,264400,269400,264300,264200,264400,268400,264400,264300,264300,268600,264400,264300,264600,305800,272700,272600,280500,279100,264400,264300,299200,264300,264200,264400,326200,320800,325600,264200,314400,306700,264400,264300,264300,264400,322200,264800,265200,264200,264400,264200,264300,264300,264400,264600,264300,264200,264100,264300,264300,264200,264400,264300,264800,264400,264600,264400,264200,264300,264300,264300,264200,264700,264400,264300,264400,264500,264400,264400,264400,264300,264500,264300,264900,264300,264400,264200,264300,264300,264300,264300,264300,264200,401600,272400,272700,371800,272200,272200,272500,274300,272300,272700,272200,273900,272200,272200,273800,272100,272200,272200,273800,272100,272200,272100,273900,272200,272200,317700,272200,272300,272300,274700,272200,272200,274400,272200,272100,272200,274200,272200,272300,272200,273900,272200,272300,274200,272300,272300,272200,274000,272300,272200,272200,274300,272200,272300,290700,278000,264100,264200,267400,264200,342800,301100,264200,264300,266100,264200,264200,264200,265900,264300,264200,264200,265900,264100,264200,264300,271200,264200,264100,266000,264200,264300,264300,266000,264200,264300,264100,266000,264200,264300,264200,266100,264200,264400,264200,265900,264300,264300,265900,264500,264200,264200,266100,264200,264200,264300,266100,264300,264200,264200,266000,264300,264200,266100,264200,264300,264200,267000,264300,264200,264200,295300,295000,264200,281200,279400,264300,264100,264200,264300,264200,264300,264300,264200,264200,264300,264200,264300,264200,264200,264200,264300,264200,264200,264200,264300,264100,264400,264200,264200,264200,264400,264300,264600,264600,264300,264200,264200,264400,264400,264300,264300,264200,264200,264300,264300,264200,264300,264300,264100,264200,264400,264500,264400,264200,264300,264200,264300,264300,264200,264200,264400,264200,264300,402700,310700,291000,264300,264200,264100,264200,264200,308200,276900,264100,264200,264100,264200,264300,264200,264200,264300,264300,264300,264300,264200,264200,264200,264300,264300,264100,264200,264300,264200,264300,264400,264500,264200,264500,264500,264300,264500,264300,264500,264100,264300,264800,264300,264300,264300,264300,264100,264300,264300,264200,264200,264200,264300,264500,264300,264200,264400,334000,264200,264400,264200,264300,264300,264200,264200,264200,264200,264400,264200,264300,264200,264200,264100,264200,264300,264200,264200,264200,264200,264300,264200,264200,264300,264400,264200,264300,264200,264100,264200,264300,264300,264300,264300,264300,264300,264500,264400,264300,264200,264200,264300,264300,264300,264500,264200,264300,264300,264300,264300,264300,264200,264200,264400,264400,264300,264100,343700,264200,264400,264200,264200,264200,264200,264100,264200,264200,264200,264200,264200,264300,264200,264300,264200,264200,264200,264200,264200,264300,264200,264200,264200,264200,264300,264600,264300,264500,264200,264500,264300,264500,264400,264300,264300,264200,264100,264300,264300,264300,264300,264300,264200,264400
#W oneshot crc_16 1024 128 500
329100,329100,329100,329100,329100,375400,329100,329200,329100,329100,329100,329100,329100,329300,329300,329500,329100,329200,329200,329100,329100,329200,329100,329300,329300,329200,329200,329200,329300,329100,329300,329200,329200,329300,329500,329300,329200,329800,329300,329300,329500,329500,329700,329200,329200,329300,329300,329200,329200,329300,329100,329100,359900,339200,339200,339200,339000,339400,339200,339100,339200,339100,339200,339200,339000,339400,339300,339300,339200,339100,339300,339300,339200,339200,339300,339400,339300,339400,339300,339200,339200,339500,339300,339200,339900,339200,339500,339100,339200,339200,339100,339300,339300,339200,339300,339200,339200,339200,425100,339900,342000,342900,344400,342500,341300,339700,339700,339800,339200,339500,339600,340100,339600,339600,340200,339500,339500,339600,341100,341600,341700,341100,340000,340600,340300,340700,342100,340200,339900,340300,339600,339900,340100,339400,339700,340100,339800,339800,340100,340300,339700,339700,339900,421500,395500,369000,339100,339100,339500,339300,339700,339800,340300,341300,339900,339700,339600,340100,340000,340000,339600,340000,341300,356900,329200,329100,329100,329200,329300,329400,346100,371000,329700,361300,378900,345800,329700,330200,386600,329900,402100,344000,358400,360100,331200,353400,341300,339600,403100,339400,374800,414400,339700,339900,492000,439200,593500,359400,340400,340400,350700,339200,339100,339600,339300,340200,339700,339400,339900,503800,480200,434100,339400,342000,339400,349500,339300,339200,341200,339300,339400,355600,339300,339100,341700,339400,339300,341900,339900,339600,342000,339300,340200,343000,340900,340300,364900,353200,451300,347400,339700,347800,339900,341200,396800,369800,339500,342700,359800,339200,346200,339100,339100,343000,339300,340300,453000,339300,339100,341200,339200,339500,342000,365000,345300,342200,339200,340400,343700,340500,339700,343000,339700,339800,341700,347600,345100,339100,339000,342700,339300,339200,375800,339200,339100,344300,339400,339700,344500,339700,339700,344700,339700,339800,344800,339900,340100,345100,340300,339700,344500,339500,339400,354400,339800,339300,357800,339200,339200,339000,339200,339000,339300,339300,339500,339300,339900,339700,340400,339700,339500,339600,341000,339600,339900,340800,339900,340900,341400,341100,340400,339800,339500,339600,339600,339500,339600,339600,339600,339900,340100,340800,340900,341400,340000,339800,339600,340100,339900,339600,340000,339900,420000,382200,339700,339400,340500,340900,342200,374700,344600,339200,359000,339300,339100,362800,339300,339100,360200,339100,359500,339000,354300,344600,353700,344800,377400,398300,374700,339200,367400,339100,422900,381400,339300,339500,380400,339300,339300,339200,339200,339200,339100,339100,339200,339100,373700,339200,339200,339200,339200,339200,339300,339200,339200,339200,339200,339200,339200,339300,339400,339300,339400,339400,339300,339600,339600,339300,339200,339300,339400,339500,339400,339200,339400,339300,339300,339400,339200,339500,339400,339200,339100,339200,339200,339100,339200,339200,339100,339100,339100,339100,359000,339100,339200,339000,339100,339100,339200,339800,339200,339100,339100,339300,339100,339100,339200,339300,339100,339100,339100,339100,339200,339300,339200,339400,339200,339300,339400,339200,339400,339400,339200,339700,339200,339200,339100,339200,339200,339500,339200,339300,339000,339200,339300,339100,339100,339300,404800,339100,339100,339100,339100,339100,339100,339200,339100,339100,345900,329100
#W oneshot crc_modbus 1024 128 500
329100,329200,329200,329300,329200,329200,329200,329200,329200,329400,329100,329200,329200,329100,329200,329200,329600,329300,329300,329100,329500,329200,329200,329300,329200,329300,329400,329200,329200,383400,342800,329100,329300,329200,329100,329200,329200,329200,329200,329300,329100,329200,329200,329500,329200,329400,329200,329200,329200,329200,329200,329200,329400,329200,329300,329300,329100,329200,329100,329200,329200,329400,329300,329300,329400,329300,329200,329400,329400,329400,329300,329100,329300,329300,329200,329200,329100,389400,329100,329200,329100,329200,329100,329300,329100,329100,329100,329100,329100,329600,329100,329100,329200,329400,329300,329200,329100,329200,329300,329200,329200,329200,329100,329200,329200,329100,329200,329200,329300,329200,329200,329400,329400,329400,329300,329200,358000,329300,329400,329300,329200,329400,329200,329200,404000,329100,329300,329200,329300,329200,329200,329200,329300,329200,329100,329500,329200,329300,329100,329100,329200,329400,329200,329100,386100,329300,329200,329400,329300,329200,329200,329200,329200,329100,329300,329500,329400,329300,329100,329300,329400,329400,329300,357400,329400,329200,329400,329200,329200,329300,329500,385800,329200,329300,329200,329300,329200,329200,329200,329200,329300,329300,329100,329200,329300,329500,329200,329100,329200,329300,329300,329400,329300,329400,329200,329400,329400,329200,329300,330000,329400,329100,329400,329200,329300,329300,329400,329200,329200,329200,329100,329200,329400,329400,329600,329300,329200,329100,493600,329800,358100,351000,329800,329100,329300,329500,329400,441400,343800,329800,329300,329200,329300,329400,329400,329300,329200,329400,329300,329100,329200,329500,329200,329300,329100,329300,329200,329300,329200,329600,329300,329400,329800,329600,329300,329400,329700,329500,330300,329600,329400,329200,329500,329300,385900,365300,329200,329200,329200,329100,329200,329100,329200,329300,329100,329300,329200,329300,329100,329200,329100,329200,329300,329100,329100,329200,329400,329600,329500,329400,329200,329400,329300,329300,329400,329300,329500,329200,329400,329300,329200,329500,329600,329500,329300,329200,329300,329400,329200,329300,329200,347400,344100,329200,329200,329200,329400,329200,329200,329200,329200,329200,329100,329100,329100,329100,329100,329100,329100,329200,329300,329300,329300,329200,329200,329200,329200,329200,329200,329200,329200,329300,329200,329300,329200,329300,329300,329200,329200,329100,329200,329300,329300,329300,329400,329100,329200,329200,329200,425200,339200,389000,329200,329200,329100,329200,329100,329200,329100,329000,329100,329100,329100,329200,329200,329200,329200,329200,329200,329200,329100,329200,329300,329300,329200,329300,329200,329100,329300,329600,329400,329200,329300,329300,329300,329400,329200,329300,329300,329400,329200,329500,329300,329400,329300,329200,363000,352600,330800,329700,329600,329500,330300,329800,329300,329300,359600,329200,329400,329600,329200,329100,329100,329100,329300,329200,329200,329100,329200,329200,329400,329400,329400,329700,329300,329400,329200,329200,329300,329400,329300,329300,329300,329400,329300,329400,329200,329500,329300,329200,345200,371200,329200,375000,329200,329200,329100,329200,329200,329100,329200,329300,329300,329400,329200,329100,329200,329200,329100,329200,329100,329300,329300,329300,329400,329200,329300,329400,329400,329200,329200,329300,329100,329400,329400,329200,329500,329400,329400,329200,329200,329900,329300,329200,329200,329300,329200,329200,329200,329100
#W oneshot crc_32 1024 128 500
322200,322800,328000,313000,312300,312400,312400,313100,312500,312300,312400,313100,312600,312600,312300,312300,312400,312400,312300,312100,312400,312400,312200,312300,312400,312300,312200,312400,313100,312300,313100,312400,312600,312500,313100,312300,312900,312500,312500,312300,312500,312300,312400,312500,312900,356200,326700,312100,313100,312400,312400,313000,312200,312400,312400,312400,313000,313000,312400,312300,312200,312400,312300,312400,313100,312400,312400,312100,313200,313000,312800,312600,312400,312900,312600,312600,312400,312400,313100,312800,313100,312400,312200,312300,312300,312500,312300,312400,312300,313100,312100,312900,312600,312400,332900,395300,328900,312300,312300,312600,313100,312700,312200,312300,312200,312900,312100,312300,312200,312500,313100,312600,312400,312900,312500,312500,313100,312400,312200,312400,313100,312300,313000,312600,312400,313200,313200,312800,312300,312100,312200,313100,312400,312500,312100,312200,312400,312100,312500,312400,313100,312500,312900,312200,398100,477700,461400,355100,312100,312200,313100,312100,312300,313000,312600,312300,312400,312300,312300,312300,312400,312100,312800,312400,312100,312200,313000,312700,313100,312700,312400,312600,313100,313000,312200,312600,313100,312600,312300,312300,312400,312600,312500,313200,313000,312400,312400,313200,312300,312400,313200,313000,338800,326800,312200,312800,312900,313100,312400,313000,312500,313100,312400,313100,312200,312300,312500,312400,312200,312300,312200,330700,342500,324500,322600,324300,323300,334900,313400,312500,313200,313100,312400,341500,313200,313200,313100,312500,313200,312300,312200,313000,312200,312300,312500,312300,312400,312100,312300,312300,312300,312100,400900,324200,312200,312400,312300,312500,312300,313100,312300,313200,312400,313000,312300,312200,312400,313000,313100,312400,313200,312200,312100,313100,312500,312500,312500,312400,312300,312000,312100,312200,312400,341300,313000,312100,312200,312300,312300,312200,312600,312300,312300,312300,312200,312200,312600,312200,311900,312300,312400,340500,324900,312300,312100,312400,313100,312200,312900,312400,312400,312800,313000,312400,312400,312300,313100,312300,312300,313100,312500,312100,312200,312200,312200,312100,312300,312900,312200,313000,312100,312100,312300,312200,313000,312300,313000,312900,312100,312100,312300,313000,312100,312200,312400,313100,312200,312300,312100,312300,312400,551600,326100,313000,312200,312300,312300,312300,313100,312300,313000,312500,312300,312200,312400,312300,312200,312200,312300,312300,313100,313200,312300,312400,312200,312300,312500,312300,312600,312300,312600,312400,313000,312700,312400,313300,312400,312900,313100,312700,312400,312500,313100,312400,312200,312300,342500,312600,312400,312400,359100,334500,313100,313100,313100,312900,313200,312400,312200,312400,312100,312600,312300,312500,312400,312300,312200,312300,312800,313100,312400,312500,313100,312100,312500,312400,312400,312500,312800,312600,312500,312400,312500,312500,312200,312400,312400,312600,312300,313100,313000,312300,313000,312400,313000,312100,312300,312200,312400,313300,372400,312400,312100,313200,312000,312300,312400,312200,312400,312600,312100,312400,312300,312300,312200,312300,312200,312400,312500,312400,312300,313300,312800,312400,312700,312400,312400,312200,312400,312500,312400,312500,312300,312900,312700,312900,313100,312400,312300,312400,312200,312400,312200,312300,312200,313000,312300,312500,312300,312300,399600,312300,312400,312100,312300,312400,312900,312300,312300,312900
#W oneshot crc_64_ecma 1024 128 500
306600,308300,308400,308300,308200,308400,308300,308300,308400,308200,308300,308300,308300,308300,308400,308400,308300,308200,308300,308500,308400,308400,308300,308300,308200,308300,308500,308500,308300,308300,308500,308300,308400,308400,308500,362500,362900,308300,308200,308200,308300,308300,308300,308300,308300,308300,308300,308300,308400,308300,308300,308300,308300,308400,308300,308300,308300,308300,308200,308400,308500,308300,308400,308300,308300,308300,308600,308400,308400,308400,308300,308400,308400,308500,308300,308400,308600,308300,308300,308400,308300,308400,308500,308400,308300,360600,317900,318000,412000,308500,308600,412200,348400,434100,375500,351800,382500,350300,308400,308500,394400,308400,308300,308300,308400,308300,308400,308400,308300,308300,308200,308300,308300,308300,308300,308500,308200,308300,417500,412100,352000,308300,310600,308300,308200,308300,310200,308300,308400,310400,308600,308700,310200,308400,308400,310500,308400,308200,308500,310500,308400,308400,416100,308300,308300,311200,308200,308300,310100,308300,308300,310200,308300,308300,310000,308300,308300,308300,310000,308300,308400,310300,308400,308300,310000,308300,308400,310100,308400,308400,324800,441700,308400,308300,315500,308300,308300,310200,308300,308300,308300,310000,308300,308400,310100,308300,308400,310500,308300,308400,310000,308300,308300,308300,310000,308300,308300,310200,308500,308400,310200,308400,308400,310000,308200,308400,308400,310400,308500,308400,310100,308300,308300,310100,308500,308300,310100,308400,308400,308400,353000,328200,308400,402900,308400,326300,350200,308300,308300,308400,308300,308200,308300,308300,308300,308300,308300,308300,308300,308400,308400,308300,308200,308300,308300,308300,308600,308300,308400,308400,308500,308400,308500,308500,308900,308600,308500,308400,308500,308400,308400,308400,308300,308400,308400,308300,308400,308300,308200,308500,308400,308400,308300,308400,308300,308500,358400,395300,308400,308300,308300,308300,308300,308200,308300,308300,308400,308400,308300,308300,308300,308200,308400,308300,308400,308400,308300,308300,308300,308300,308400,308400,308300,308300,308300,308300,308400,308400,308400,308400,308500,308300,308400,308200,308400,308500,308600,308300,308400,308300,308400,308300,308500,308500,308300,308400,323000,326600,308400,308300,366700,308400,308300,308200,308300,308300,308300,308400,308300,308300,308300,308400,308300,308300,308200,308300,308300,308300,308400,308300,308400,308400,308300,308400,376600,308300,308300,308300,308400,308400,308300,308300,308400,308300,308400,308300,308300,308500,308300,308400,308400,308300,308400,308400,308300,308400,308400,344700,308300,308400,308300,308200,308300,308300,364200,308300,308400,308300,308400,308500,308300,308200,308400,308200,308300,308500,308300,308400,308300,308300,308400,308500,308300,308300,308400,382600,308200,308300,308400,308200,308400,308300,308300,308300,308300,308300,308300,308400,308400,308400,308300,308400,308400,308400,308300,308300,308600,347100,308400,308300,308400,308300,308300,308900,308300,308400,308300,373200,308300,308300,308300,308300,308400,308300,308300,308200,308300,308400,308400,308200,308300,308200,308400,308400,308300,308300,308200,308300,308200,308300,308300,308400,308300,308300,308400,308300,308400,308400,308500,308400,308300,308300,308500,308400,308300,308400,308400,500400,308300,308300,308300,308200,308300,308300,308300,308300,308300,308300,308300,308300,308300,380500,308300,308300,308200,308300,308200,308300,308300,308300
#W oneshot crc_64_we 1024 128 500
307100,307100,307100,307200,307100,307200,307100,307100,307200,307100,307100,307200,307200,307100,307200,307300,307100,307300,307100,307100,307300,307200,386700,307200,307100,307100,307100,307100,307200,307100,307200,307200,307200,307100,307000,307100,307100,307300,307100,378100,307200,307100,307200,307100,307000,307100,307100,307000,307200,307100,307000,307200,307000,307100,307100,307200,307200,307100,307100,307000,307100,307200,307100,307100,307200,307200,307100,307000,307200,307200,307300,307200,352700,335100,307100,307100,307100,307100,307100,307200,307000,307100,307200,307200,307200,307200,307100,307100,307200,307200,307100,307100,307300,336900,307100,307200,307100,307200,307200,307300,307200,307300,307300,307500,307400,307200,307200,307200,307400,307200,307200,307200,307200,307200,307300,307200,307200,307200,307200,307500,307400,307200,307200,340200,307200,307200,307300,307100,307200,307300,307100,307000,307100,307200,307300,307200,307100,307100,307100,307200,307300,307200,307200,307000,307300,307000,307200,307100,307100,307200,307200,307200,307200,307000,307100,307200,307300,307100,307200,307100,307300,307100,307200,307100,307100,307500,307300,307200,307100,307300,307000,336800,307100,331600,350300,307100,307300,307100,307200,307100,307000,307900,307200,307100,307200,307100,307300,307100,307100,307200,307000,307200,307300,307300,307200,307300,307200,307200,307400,307100,307200,307300,307200,307200,307500,307000,307400,307200,307400,307300,307200,307400,307500,307400,307300,307200,307400,307200,307100,307100,307000,307100,307100,307100,340100,307200,307200,307200,307300,307200,307100,307100,307200,307100,307100,307200,307200,307100,307300,307100,307200,307000,307100,307300,307100,307100,307100,307200,307200,307000,307200,307100,307100,307300,307200,307100,307000,307100,307200,307100,307300,307200,307200,307100,307100,307200,307200,307200,307200,307100,307300,307300,307200,307300,307300,342300,307200,307100,307200,307200,307200,307200,307100,307200,307000,307200,307100,307100,307200,307100,307300,307100,307100,307200,307000,307200,307200,307400,307200,307100,307300,307200,307100,307200,307200,307200,307300,307100,307100,307200,307300,307200,307300,307200,307200,307200,307300,307100,307100,307100,307200,307300,307400,307200,307200,334400,380500,307200,307200,307200,307200,307100,307100,307300,307300,307300,307600,307300,307200,307300,307300,307200,307100,307100,307100,307100,307200,307200,307200,307200,307200,307400,307300,307400,307200,307300,307200,307200,307100,307300,307100,307100,307200,307300,307200,307200,307400,307200,307100,307100,307100,307200,307300,307300,307100,307200,358600,307200,307100,307100,307000,307200,307200,307400,307200,307100,307100,307200,307100,307200,307000,307200,307300,307200,307300,307200,307200,307100,307300,307300,307100,307100,307200,307100,307200,307300,307100,307100,307300,307300,307300,307400,307400,307300,307400,307400,307100,307300,307100,307100,307300,307100,307100,307300,307200,307200,311500,345500,307300,307100,307300,307100,307100,307200,307100,307300,307300,307100,307100,307300,307100,307100,307200,307100,307300,307400,307200,307200,307200,307100,306900,307100,307200,307200,307100,307100,307200,307100,307200,307300,307600,307100,307200,307100,307200,307000,307200,307300,307300,307100,307200,307000,307200,307200,307200,307300,307400,357500,307500,307200,307200,307200,307200,307100,307200,307100,307200,307200,307100,307000,307100,307300,307000,307200,307100,336300,307100,307200,307200,307100
#W oneshot crc_ccitt_1d0f 1024 128 500
345000,345100,345100,345000,345000,345000,345100,345100,344900,345000,345000,345000,345000,345000,345200,345400,345100,345100,345000,345000,385500,345200,345000,345100,345000,345100,345000,345000,345000,345300,345000,345000,345000,345100,345100,345000,374200,345000,345100,345000,345100,345100,345100,345200,345100,345200,345100,345100,345100,345000,345100,345100,345100,345000,345000,345000,345500,345200,345100,345100,345100,345200,345100,345100,345000,407700,345000,345100,345100,345000,345000,344900,345000,345100,345000,345000,345000,345000,345000,345000,345100,345000,345100,345000,345100,345000,345100,345000,345000,345200,345000,345100,345000,345200,345300,345100,345300,345600,345300,345300,345200,345100,345100,345200,345100,345100,345100,345100,345100,345000,405700,355500,355500,355500,355500,355500,355400,355500,355400,355400,355500,355500,355500,355500,355400,355400,355500,355500,355400,355400,355700,355500,355600,355600,355600,355500,355900,355600,355600,355900,355700,355500,355600,355700,355500,355700,355800,355600,355600,355600,355500,355500,355600,388500,367800,345800,484300,345100,345500,423700,459000,395000,416000,369800,433200,361200,345000,345100,431900,345200,345000,345000,345100,345000,345000,345000,345300,345000,345000,345000,345100,345000,345400,345400,345000,345100,345100,345100,345100,345100,345400,345400,345300,345100,345100,345200,345600,345100,345000,345000,345000,345100,345200,345200,345000,437400,515700,366400,364900,359900,356300,356200,358500,355500,355600,357600,355600,357600,355900,355500,357700,355600,355400,357400,355400,355700,357300,355500,355500,357200,355600,358000,355500,355600,358600,355600,355500,357900,355600,355700,358000,355500,355500,358400,355600,357300,355500,355500,371300,346200,345200,347900,345400,502300,345000,345000,347000,345000,345100,346900,345000,345000,346800,345000,345000,346700,345100,346800,345000,345000,346700,345000,345100,424300,345000,344900,346800,345000,345000,421300,345100,347500,345100,345000,352200,345000,345000,346900,345000,345000,346700,345000,345100,346800,345000,345000,346900,345100,345000,398200,373400,388500,357600,345000,345000,345000,345000,345000,345100,345100,345100,345000,345000,345100,345000,345000,345100,345100,345100,345200,345100,345100,345200,345200,345200,345100,344900,345100,345100,345100,345000,345000,345200,345000,345000,345000,345000,345100,345300,345100,345100,345100,345000,345100,345000,345000,345100,453500,345000,345000,345000,345000,345100,345000,345000,345000,345000,345000,345000,345000,345000,345000,345000,345000,345000,345000,345000,345000,345000,345000,345000,345000,345000,345200,345100,345200,345200,345000,345300,345400,345100,345200,345000,345100,345200,345000,345100,345100,345200,345000,345000,345100,496400,389300,345000,423300,345000,345000,345000,344900,345000,543700,345000,345000,345000,345100,345000,345000,345000,345100,345000,345000,344900,345000,345000,345200,345000,345200,345100,345300,345100,345000,345100,345100,345300,345500,345100,345000,345300,345200,345300,345100,345100,345300,345200,390300,366100,345100,345000,345000,345000,345000,345000,345000,345000,345000,345000,345000,345100,345000,345000,345000,345000,345000,345000,345100,345000,345100,345100,345200,345300,345200,345100,345100,345100,345200,345200,345100,345000,345100,345100,345200,345300,345200,345200,345300,345100,345000,345000,345000,364700,383100,345000,345000,345000,345000,345000,345000,345000,345100,416800,345000,345000,344900,345000,345000,345000,345000,344900,345000
#W oneshot crc_ccitt_ffff 1024 128 500
345000,345000,345100,345000,345000,345000,345000,345100,345000,345000,345100,345400,345100,345000,345100,345100,345200,345000,345000,345200,395200,345000,345000,345000,345000,344900,345000,345000,345000,345000,345000,345000,345000,345000,345000,344900,345100,345000,345100,344900,345000,345000,345000,345100,345100,345100,345000,345100,345200,345100,345100,345100,345400,345200,374200,345000,345100,345200,345300,345100,345200,345100,345000,345200,345000,381200,374600,345100,345000,345000,345200,345400,345000,345000,345200,345000,345000,345000,345000,345100,345100,345300,345000,345100,345200,345200,345100,345100,345100,345100,345400,345100,345200,345800,345400,345300,345400,345200,345200,345300,375200,345200,345300,345200,345100,345200,345100,345400,345000,345100,366600,359800,345000,345100,345100,345100,345100,345100,345000,345000,345100,345500,345200,345000,345100,345100,345000,345100,345100,390100,357600,345300,345100,345300,345500,345300,345300,345300,345100,345200,345200,345300,345100,345500,345400,345100,345200,345200,345600,345000,345100,345100,345000,345100,345100,429000,355500,355500,355600,361000,345200,345000,345800,345200,345200,345200,345200,345100,345300,345100,345200,345100,345200,345200,345800,345200,345800,345100,345300,345100,345200,345400,345300,345300,345400,345100,345200,345200,345200,345100,345900,345000,345100,345100,345000,345200,345100,345100,345200,345500,423500,357400,413700,356000,356400,378200,379100,401600,443600,406300,417200,345200,345000,427900,345000,345000,345000,345000,345000,345500,345000,345300,345100,391300,495200,386900,347300,345000,345000,346800,345000,345000,346900,345000,345200,347000,345000,345300,346800,345100,345200,347100,345100,345400,347600,345100,345500,347000,345500,347100,345200,345000,347000,345200,345000,346900,345100,345200,347000,345200,345200,346800,345300,345000,347300,345000,345000,346900,345000,345000,386500,563200,345000,345000,346700,345100,345200,346900,345000,345000,347100,345000,345000,346700,345000,347000,345200,345000,346800,345000,345200,347300,345000,345000,352300,345100,345300,347000,345100,345100,347200,345000,345500,346800,345500,345200,346800,345100,345100,346700,345100,346700,345100,345100,376300,345100,345100,347100,374000,345100,404300,345500,345100,345300,345100,345000,345200,345100,345000,345000,345000,345200,345100,345000,345100,345000,345000,345000,345100,373700,345400,345200,345100,345400,345100,345500,345300,345100,345100,345100,345200,345300,345000,345200,345000,345000,345100,345300,345100,345400,345200,345100,345200,345000,345000,414400,418100,345000,491100,377300,425500,349800,345000,345000,345000,345000,345100,345100,345000,345000,345000,345100,345000,345000,344900,345000,345100,345100,344900,345100,345200,345200,345100,345200,345100,345500,345100,345200,345000,345100,345300,345300,345100,345000,345100,345300,345200,345100,345100,394200,345100,345000,345000,345000,345000,345000,345000,345000,345100,345000,345000,345000,345000,345000,345000,345000,345100,345000,345200,345100,344900,345000,345200,345300,345100,345000,345200,345100,345200,345000,345100,345400,345200,345200,345100,345000,345100,345200,345200,345000,345100,345200,345000,345100,382800,419600,345000,345000,345000,345000,345000,345100,345000,345100,345100,345000,344900,345100,345100,345000,345000,345000,345000,345100,345100,345100,345000,345100,345000,345000,345000,345300,345100,345600,345100,345100,345100,345200,345100,345300,345200,345200,345100,345300,345200,345200,345200,345200,345200,368800
#W oneshot crc_xmodem 1024 128 500
345000,345100,345000,345000,345100,345300,345100,345100,345000,345000,345000,345000,345000,345100,345000,345100,345100,345200,345200,345500,345300,345200,345200,345200,345100,345200,345000,345100,345400,345200,345200,345300,345200,345600,345100,345000,345100,345100,345100,397300,345000,345000,345000,344900,345000,345000,345000,345000,345100,345000,345000,345000,345200,345100,345000,345000,345000,345000,345100,345100,345000,345200,345100,345100,345100,345000,345000,345100,345200,345100,345100,345100,345200,345300,345300,345200,345000,345100,345000,345000,345200,345200,345100,345100,382500,345000,345000,345100,345200,345000,345000,344900,345000,345000,345100,345000,345000,345000,345000,345000,345200,345000,345500,345100,345000,345000,345000,345000,344900,345000,345100,345100,345000,345100,345000,345100,345300,345100,345000,345200,345100,373900,345000,345000,345000,345000,345100,345100,345000,363100,358000,345000,345000,344900,345000,345000,345000,345000,345500,345000,345100,345000,345000,345400,345200,345000,344900,344900,389200,357600,345000,345100,345200,345100,345000,345000,345100,345200,345300,345100,345100,345200,345200,345000,345100,345100,345300,373900,345200,345100,345100,345300,345100,345100,369300,359500,345100,345100,344900,345000,344900,345000,345100,345100,345100,345700,345100,345000,345300,345400,345200,345100,345000,345100,345000,345200,345100,345100,345300,345100,345300,345400,345100,345200,345300,345200,345100,345300,345100,345100,345100,345200,345400,345100,345000,345000,345100,345000,345100,388400,390700,369000,355500,355700,355700,356100,355800,356000,356500,437900,370200,345400,345400,345400,345100,345500,345000,345200,345100,345300,345200,345300,345300,345100,345200,345400,345500,345600,345400,345400,345500,345300,345200,345600,345300,346500,345400,345100,345200,345100,345200,345400,345000,345100,374900,357900,345200,345200,345100,345500,345200,345000,345100,345000,345000,345300,345200,345100,345000,345000,345000,345100,345100,345800,345100,345200,345100,345100,345400,345500,345300,345300,345200,345100,345200,345200,345200,345600,345100,345000,345100,345100,345100,345200,345100,345100,345000,345200,345000,389700,345000,345200,345200,345000,345000,345000,345100,345200,345100,345100,345100,345000,345100,345100,345100,345200,345000,344900,345000,345200,345100,345200,345000,345100,345200,345200,345100,345200,345400,345300,345100,345100,345100,345100,345300,345100,345100,345000,345200,345000,345100,345200,345300,345100,394500,363800,390600,359900,345100,345100,345300,345300,345300,344900,345000,345000,345100,345100,345100,345000,345000,345000,345000,345100,345000,345100,345200,345300,345100,345200,345000,345300,345200,345200,345200,345400,345300,345100,345200,345200,345100,345200,345100,345300,345100,345200,345000,345100,345000,385800,345200,345100,345000,345000,345100,345000,345000,345000,345000,375200,345100,345000,345000,345000,345100,345100,345100,345000,345000,345000,345000,345100,345000,345100,345100,345100,345100,345100,345400,345200,345000,345300,345200,345100,345000,345200,345200,345100,345100,345000,345200,345100,345000,345200,388500,370600,346200,345600,346200,345800,345300,345300,400900,486200,345300,345100,345500,345100,345100,345000,345000,345000,345100,345000,345200,345400,345300,345200,345300,345300,346000,345300,345200,345600,345200,345400,345400,345100,345700,345800,345200,345100,345200,345200,345200,345500,345100,345900,387300,390900,345200,345400,345300,345300,345100,345000,345100,345000,345100,345100
#W oneshot crc_kermit 1024 128 500
329200,329200,329100,329200,329200,329200,329100,329200,329200,329100,329200,329200,329200,329200,329100,329400,329400,329400,329300,329000,329100,329100,329200,329200,329100,329100,329200,329200,329300,329200,373500,366200,339700,346700,329600,329700,330300,330000,329500,329200,329400,329100,329200,329200,329200,329200,329300,329200,329200,329200,329300,329100,329200,329300,329400,329800,329500,329400,329500,329600,329500,329500,329200,329300,329300,329300,329600,329200,329100,329300,329200,329100,329100,329100,329200,329400,329300,420700,329100,329100,329100,329100,329100,329200,329200,329200,329100,329000,329100,329100,329100,329100,329100,329200,329200,329200,329200,329200,329300,329200,329200,329100,329100,329100,329900,329200,329300,329200,329100,329100,329300,329200,329200,329200,329100,329300,329300,329200,329300,329200,329200,329300,329300,329300,409800,494800,479700,373200,329300,329200,329200,329100,329200,329700,329500,329100,329900,329200,329200,329300,329100,329300,329200,329200,329300,329500,329300,329400,329300,329400,329300,329300,329400,329500,329400,329500,329400,329500,329200,329500,329500,329400,330000,329300,329200,329100,329300,329100,329100,329200,465800,357700,329300,329200,329200,329100,329500,330900,330600,330200,330100,331200,331400,331600,329600,329600,329600,329300,329100,329200,403100,434200,379800,384300,377400,370500,377300,393200,345700,359100,341100,339800,446100,343800,329200,329500,329200,329500,329500,329500,329100,329400,329800,329800,329700,381300,344200,330200,329400,329100,329800,329300,329200,329500,329700,329700,329600,329500,329700,331000,330900,329300,330000,330100,330300,329200,329300,329300,330100,331300,331100,332500,329300,329500,330300,360300,329700,329400,347100,339600,340900,346000,329700,330100,329800,329400,330200,331100,330300,329600,329300,329300,385200,329500,329900,329400,329900,330300,331400,331400,332200,331000,329400,329400,329800,329400,333700,331500,330900,330800,330400,330300,330300,329600,329200,329600,329700,330100,329800,330500,329200,329100,329200,329200,329200,329200,329200,329100,352500,339100,340200,340500,339300,339700,345100,329300,358400,357900,589100,346500,329300,329500,329800,330100,329500,329200,329500,330200,329400,329400,329700,329200,329200,329300,329100,329100,329200,329100,329300,329300,329200,329100,329300,330100,329300,329200,329500,329400,329200,329300,329800,329700,329300,329400,329300,329400,329300,329400,329600,329400,329200,329500,329500,329200,329300,392400,397300,332400,329500,358300,329800,416100,385500,438800,384800,329300,329300,329200,329000,329100,329300,329200,329400,329400,329300,329300,329300,329500,329400,329300,329500,329400,329300,329400,329500,329200,329700,330100,329400,329300,329500,329600,329600,329500,329300,329200,329500,329200,329400,329300,329400,434600,364500,370400,357700,357800,428200,341600,329200,329100,329300,329100,329000,329200,329200,329100,329200,329200,329200,329200,329200,329500,329300,329400,329200,329500,329300,329300,329400,329700,329500,329800,329600,329300,329400,329200,329500,329400,329300,329200,329300,329200,329200,329300,329200,329600,329400,370000,329200,329100,329100,329100,329100,329200,329100,329200,329200,329100,329200,329200,329400,329300,329300,329200,329100,329100,329200,329300,329100,329300,329200,329200,329000,329300,329200,329200,329200,329200,329300,329300,329200,329300,329200,329100,329200,329100,329200,329200,329100,329100,329300,329100,329100,329600,329200,386400,342500,329200,329300,329300
#W oneshot crc_dnp 1024 128 500
329100,329100,329200,329200,329200,329200,329100,329100,329200,329100,329100,329100,329300,329100,329200,329300,329100,329100,329100,329300,329100,329200,329200,329200,329300,329300,329500,329400,329700,329300,329100,329100,329200,329100,329200,329100,329100,366800,331300,435300,329200,329400,397400,342300,454000,435800,385100,353100,329200,329100,454400,329200,329200,329100,329200,329100,329100,329300,329300,329200,329100,329100,329200,329200,329100,329100,329100,510200,401400,466400,329200,332000,329200,329200,330900,329200,329100,331000,329200,329100,330900,329200,329100,329100,330900,329100,329200,435800,329100,343000,329100,329200,333100,329100,329200,332800,329100,329200,332800,329200,329200,333200,329200,329200,333700,329200,329200,333200,329100,329200,332900,329500,329400,333300,329100,329300,402200,422400,342500,329200,335700,329100,329200,332600,329100,329200,332600,329100,329100,332600,329100,329200,333000,329100,329200,333500,329200,329300,332800,329400,329100,333700,329100,329200,333500,329400,329300,333400,329200,329100,333000,329300,329300,337300,329100,329100,333200,329200,329200,333000,329400,329200,333200,329100,329300,385000,390600,388000,342900,329100,329100,329200,329300,329200,329300,329200,329200,329100,329200,329300,329100,329100,329200,329200,329000,329200,329200,329300,329300,329500,329400,329300,329200,329200,329300,329400,329300,329200,329300,329300,329200,329100,329200,329500,329400,329400,329100,329100,329300,329200,329300,329100,329100,329200,329300,392500,409400,329200,329100,329200,329200,329200,329200,329200,329200,329200,329100,329100,329200,329100,329100,329200,329100,329200,329100,329200,329100,329200,329200,329100,329200,329400,329300,329400,329300,329200,329300,329300,329200,329300,329200,329200,329200,329300,329100,329200,329100,329300,329300,329100,329200,329300,361800,329100,329200,329200,388000,329100,329100,329100,329100,329000,329100,329100,329200,329100,329200,329200,329200,329100,329200,329200,329100,329200,329400,329200,329200,329100,371500,329200,329200,329200,329200,329100,329300,329200,329100,329200,329100,329200,329200,329200,329100,329200,329300,329300,329200,329300,329300,383100,329200,329000,329100,329200,329200,329200,329200,329100,329100,329100,329100,329100,329000,329000,329000,329100,329200,329200,329100,329100,329100,329100,329200,329200,329200,329200,329300,357600,329300,329300,329300,329200,329500,329300,329300,329200,329300,329400,329200,329300,329200,329300,329300,329400,329300,329200,361200,329200,329200,329100,329200,329200,329200,329200,329100,329100,329100,329200,329200,329100,329100,329200,329200,329300,329300,329300,329100,329200,329200,329200,329200,329200,329300,329300,329200,329200,329200,329300,329300,329300,329300,329200,329200,329100,329200,329200,329100,329200,329100,329200,329100,329200,329200,404400,410300,329200,329200,329200,329100,329200,329100,329100,329200,329200,329200,329200,329200,329100,329100,329200,329200,329000,329200,329000,329100,329200,329200,329100,329100,329100,329300,329200,329100,329200,329500,329300,329200,329200,329300,329300,329500,329300,329400,329200,329300,329300,329400,329400,329500,329200,375800,349400,329200,329200,329200,329200,329200,329200,329100,329100,329300,329300,329100,329100,329100,329300,329100,329400,329200,329200,329200,329200,329300,329200,329300,329500,329300,329400,329300,329200,329300,329200,329300,329500,329300,329200,329200,329300,329200,329200,329300,329200,329300,329300,329200,329300,329200,329200,429900,329200
#W oneshot crc_sick 1024 256 500
311500,311600,311700,311500,311500,311500,311400,311400,311500,311600,311600,311400,311400,328700,324300,311600,311800,311800,311800,311800,311500,311600,311700,311700,311600,311700,311400,311900,311900,311700,311600,311900,312000,311600,311600,311700,311700,311500,311700,311900,311600,311500,369300,312000,312000,312000,311900,312000,311900,311800,311800,311900,311900,311900,312100,312000,312000,311900,312000,312000,312000,311800,311800,312000,311900,311900,311900,312000,312000,312100,312000,311900,311900,311800,311900,311800,311900,311800,312200,312100,312000,311900,312000,311800,312000,312000,312000,312000,312000,312000,340400,312000,367100,312000,311900,312000,311800,311900,311800,312000,311900,311900,312000,312000,311900,312000,311800,311800,312000,312000,311800,312000,312000,311900,311900,311900,311900,311900,311800,311900,312000,312000,311900,312000,312300,311900,312000,311900,311900,311900,312500,312100,311900,312000,311900,312100,311900,311800,311900,311900,312000,311900,379000,311900,311800,312000,311900,312000,311900,311800,311900,312000,311800,311800,312000,312000,311900,311800,311800,311900,311900,312000,311900,311800,311900,312000,312100,311800,311900,311900,311800,312000,311900,311900,311900,312000,312000,312000,312000,312200,311800,312100,312000,312100,312000,312000,312100,311800,311900,311800,311900,312000,361700,312000,311800,311900,311900,312000,312000,312000,312000,312100,312000,311900,311900,311900,311800,311900,311800,311900,311800,312100,311800,312000,311800,312100,311900,312000,311900,311900,311800,312000,311900,312100,312000,312000,312100,311900,312100,311900,312100,311800,312000,311800,311900,312100,311900,312000,312000,312000,311900,366800,347000,312000,311800,311800,311900,311900,311800,311900,311900,311900,311900,311800,312000,312000,312000,311900,311900,312000,312000,311900,311800,311900,311900,311800,312000,312000,312100,312000,312000,312000,312100,311800,312000,312100,312100,312000,311800,311800,311900,311800,312100,312100,311900,311800,311900,312000,311900,311800,312000,365000,322900,349500,353700,312000,312000,312100,312600,312200,311900,312300,312100,312000,311800,312100,312200,312200,312100,312200,311900,312100,311900,312100,312100,312000,312000,312500,312100,312300,312100,312500,312100,312600,312100,312000,311900,311900,312000,311900,312100,312200,312200,311900,312000,311900,311900,311800,312000,312300,311800,367600,311900,312000,311900,311900,311900,312000,311800,311900,312000,312000,311900,311800,311900,312000,311900,311900,311900,312000,311900,311900,311900,311900,312000,312000,311900,311900,311900,312100,311900,312200,312000,312100,311700,311900,312000,311800,311900,312000,311900,311900,311900,312100,311900,311900,311800,311800,312000,311900,311900,351800,311900,312000,312000,311900,311900,311900,311900,311900,311800,312000,311900,311900,312000,311900,311900,312000,312500,339800,311800,311900,311900,311800,311800,312000,312000,311900,311900,311700,311800,312100,312000,311900,311900,311900,312000,312100,311900,312000,312100,312000,311900,311900,312000,311900,312000,312000,312000,312000,311900,361700,311900,312100,311800,311800,312000,312000,311900,311900,312000,311900,312000,311900,311800,312000,311800,311900,311900,312000,340500,312100,311900,312000,311900,311800,311900,312100,312000,312000,311900,311800,312200,312100,311900,311800,311900,312100,311900,312000,312000,311800,311800,312200,311900,311900,312000,312200,312100,312100,338400,325500,312100,311900,311900,311900,312000,311800,312000,311900
#W oneshot checksum_NMEA 1024 512 500
281500,281000,281200,281200,281800,282000,280700,282500,281700,281100,281800,282000,283400,281900,281000,281300,285300,277600,277700,274700,272200,272400,272600,272500,272500,272200,272600,272200,272500,272600,272800,272500,272500,273500,275000,275100,275800,275900,275000,275400,314700,321300,276000,275300,273900,277200,273900,278300,277300,275800,275300,275700,275100,274700,275400,275000,276100,274800,275900,274200,275700,270600,265500,265100,265100,264900,265300,264800,266600,268000,267300,268000,266700,264700,264300,264600,264600,264000,265300,264800,264400,264100,264100,264900,264700,265000,264100,264100,265000,266200,266200,264100,263400,263800,264000,263600,264000,263500,297700,280300,265600,610400,449000,333200,833100,322700,557200,278800,298200,279100,261900,261900,262200,262600,275700,250300,249800,250000,250000,249800,250100,250100,249800,249800,249700,249700,249900,250100,249700,249700,250100,249900,249800,255200,258600,258000,257700,245600,245000,245000,244800,244500,250400,245200,244700,245600,246200,244600,244600,244500,244100,244600,244600,245100,244800,245200,244700,244300,244800,245000,244600,244300,244500,244300,244600,284900,253900,493000,326000,504600,309100,266900,261800,261900,263000,266400,264200,264400,264300,266100,264300,264400,263900,277400,275800,275800,277900,275000,276600,275000,277200,275700,275300,277800,274600,276000,334200,275200,274800,275200,278600,276300,274600,275900,278600,276000,275000,276200,277800,276400,275600,278500,275200,270900,270600,266000,263100,263300,262800,400100,277600,276700,285400,276600,277700,277200,753100,704500,689300,712100,710400,699800,710200,714000,710500,708000,755500,703700,705100,337100,251900,251800,254400,252200,252000,251800,254100,252000,251900,252400,254700,251900,252200,251900,254000,252400,252000,251700,254300,252200,252500,251900,253800,250300,250300,250300,521800,262000,261800,292100,257700,257400,257800,257400,257500,257700,257400,257300,257700,257500,257400,257500,257300,257700,257500,257700,257300,257600,257800,257600,258000,257600,258000,261300,261600,261300,261400,261400,261700,261400,261600,261200,261500,261300,261900,261700,261600,260300,255100,255300,255500,255300,255200,255100,254900,255100,255200,255300,255400,249100,241800,242500,241900,241700,242400,242300,242600,241900,242200,242900,286000,317400,255500,256300,256100,255500,256100,255400,255700,255300,256200,255400,255300,255300,255400,255100,256300,255300,256300,256000,255500,256100,255700,255200,255600,255400,255300,255400,255300,255400,255300,255600,255400,255600,255800,255800,256300,256500,255700,255700,256000,256100,255700,255500,255900,261400,261900,261900,262000,261900,261600,261700,261800,261900,261700,261700,262000,261800,261700,261800,462600,555600,788700,723200,720700,699700,244700,244400,244500,244400,244200,244500,244500,244600,244600,244500,244300,244400,244600,244400,244500,244400,244700,244500,244600,244800,244700,244600,244800,244100,244800,244600,245000,245000,245200,244800,244600,245000,245800,245100,245500,244400,244500,244800,244600,245400,244600,244800,244600,244300,244900,244900,244500,244500,382800,262000,261800,261900,261800,261900,261800,261600,336300,261900,261800,261800,261800,261500,261700,261800,261900,261800,261800,261600,261800,261900,261700,261800,261900,261600,261600,261500,261900,261600,261900,261800,261900,261800,261800,262100,262000,261900,262000,262000,261800,261800,262200,262200,257500,260400,261000,259700,244600,258100,258000,258200,257700,258300,245200,245200
#W oneshot crc_8 1048576 1 200
2165600,2165100,2164900,2215200,2164700,2164800,2166200,2166600,2182000,2179600,2212000,2164100,2164200,2165000,2165500,2166300,2196200,2204000,2164200,2165000,2193300,2165400,2165900,2166100,2165600,2255300,2230800,2230700,2233100,2232000,2232100,2231700,2576000,2647400,2233200,2390900,2170400,2171400,2168600,2169500,2169300,2168600,2175300,2632700,2243900,2285100,2289600,2309400,2298300,2250000,2326400,2263800,2236300,2236600,2261500,2285300,2367700,2308600,2187700,2261700,2314300,2348400,2400200,2637900,2550500,2961000,2187400,2170600,2374300,2237300,2330900,2370800,2256800,2233900,2235900,2236600,2235800,2330900,2236600,2321300,2239700,2238100,2252200,2277100,2501900,2329100,2552900,2243000,2230100,2230100,2231000,2253800,2230000,2230000,2230900,2230900,2231900,2231700,2299300,2230000,2230000,2231000,2232100,2231100,2232100,2189900,2164200,2164700,2165400,2165700,2164700,2166200,2323400,2165300,2164700,2165400,2166200,2166000,2166400,2218800,2166600,2166000,2165900,2167000,2166300,2165400,2205600,2164300,2164100,2164700,2165800,2166400,2166000,2250300,2234100,2192300,2166500,2166100,2167900,2166100,2248300,2164300,2192400,2164900,2165300,2166000,2166400,2166300,2358200,2165800,2165000,2166200,2166300,2165400,2165900,2234300,2164100,2164400,2165500,2166400,2166300,2165200,2249000,2166600,2164800,2165300,2166200,2166500,2217700,2164300,2164200,2164800,2165600,2165700,2165800,2234800,2164100,2164200,2164800,2166100,2166300,2165500,2301300,2164900,2164300,2164900,2166700,2166000,2265800,2214500,2230000,2229900,2230300,2231100,2231400,2231900,2298300,2164500,2164900,2164900
#W oneshot crc_16 1048576 1 200
2654700,2654800,2656900,2657300,2655500,2715000,2654500,2654900,2656800,2657500,2655700,2711600,2654100,2655500,2657300,2657100,2771200,2681800,2654400,2656400,2656700,2655200,2722400,2719100,2654300,2654500,2656500,2656200,2873100,3036500,2784900,2654800,2656000,3018100,2659600,2661500,2660800,2659200,2661000,2907800,2745100,2743700,2714800,2758200,2748200,2745000,2654600,2655200,2657300,2657000,2656300,2733200,2655100,2656900,2657500,2656400,2655500,2735400,2734500,2735100,2710100,2656700,2655300,2688000,2654700,2655100,2685100,2655400,2696500,2654600,2654500,2655600,2656800,2656600,2693700,2654800,2655500,2656300,2657500,2656500,2740200,2654000,2655800,2657000,2656500,2656600,2697000,2654500,2655100,2712600,2655300,2655600,2764800,2654400,2655500,2657700,2656700,2685500,2696700,2654700,2655900,2656500,2656700,2656300,2703500,2654600,2654900,2656800,2656900,2729600,2683500,2683700,2655300,2656200,2657600,2716200,2654600,2655400,2658400,2656500,2656000,2699900,2654500,2654900,2655400,2657400,2656200,2694800,2654300,2654700,2656300,2656500,2655800,2691900,2654000,2684600,2655900,2656300,2656400,2693600,2654100,2683700,2655800,2656200,2655600,2904200,2654500,2655000,2658200,2657400,2726400,2735000,2734900,2735600,2737600,2736000,2960900,3055900,2740900,2655100,2656400,2702000,2737000,3010800,2747000,2743900,2727600,2745300,2810800,3034300,2661700,2719600,2688500,2661400,2660500,2743000,2687000,2654500,2656000,2657200,2656400,2704200,2654200,2654300,2656000,2657200,2655500,2780100,2740800,2656300,2655800,2657100,2656700,2698900,2654600,2655200,2657100,2657100,2656400,2693100
#W oneshot crc_32 1048576 1 200
2490600,2542600,2485500,2495400,2489200,2519700,2490000,2539900,2483200,2487600,2489000,2489000,2520100,2489800,2560400,2492800,2528500,2489100,2489400,2491500,2616000,2487900,2488200,2490500,2490400,2491300,2765200,2643900,2856900,2715300,2555300,2550800,2553600,2543600,2606600,2674300,2576400,2521700,2520900,2546900,2529000,2514800,2727600,2527200,2498300,2519400,2492100,2489800,2559000,2568800,2566500,2565600,2566900,2564400,2580900,2562000,2562200,2564700,2565600,2564500,2586100,2514200,2562600,2563500,2565700,2565900,2565400,2585000,2563700,2564900,2565900,2566300,2565400,2517000,2487300,2488700,2489100,2492200,2490900,2538300,2487700,2489600,2489300,2491600,2519600,2535000,2484900,2489600,2496700,2491500,2497300,2580500,2487400,2485700,2546800,2491200,2488600,2489500,2625000,2531200,2512100,2490600,2490200,2491800,2758300,2653500,2492300,2493600,2493800,2490600,2672500,2529600,2489600,2494300,2526300,2532900,2589900,2494300,2488300,2489800,2490800,2491000,2725000,2519900,2548700,2490400,2489700,2490900,2564600,2543100,2483700,2489100,2490400,2491400,2490400,2693500,2492500,2493700,2491300,2490600,2488600,2582700,2489400,2497400,2489400,2491000,2492000,2639700,2491000,2486100,2488400,2490900,2488700,2558900,2538100,2484500,2488500,2490600,2489300,2519700,2501300,2486600,2488900,2519900,2489000,2489100,2547200,2507000,2487700,2492400,2520000,2489800,2637600,2536100,2507700,2489100,2495800,2489500,2638300,2541700,2500100,2488900,2491100,2490600,2598100,2540800,2474600,2488400,2489600,2492400,2489300,2590300,2530700,2505800,2490200,2489000,2488600,2761900,2489000,2487600
#W oneshot crc_64_we 1048576 1 200
2473800,2474200,2475300,2477000,2475000,2638300,2841600,2550800,2476000,2625400,2493000,2483000,2487100,2482500,2482600,2542200,2674300,2482400,2486300,2482000,2485900,2481800,2589900,2541800,2473800,2473700,2475100,2477000,2474600,2567600,2526100,2476700,2475800,2476500,2534500,2475100,2565700,2473900,2474400,2505900,2475300,2474700,2531700,2486600,2473700,2505000,2476500,2475400,2537800,2549300,2473700,2473900,2476200,2476100,2551000,2488500,2549400,2474000,2474700,2475600,2475900,2533400,2548800,2474000,2473700,2475700,2476000,2531900,2474000,2528700,2475000,2475700,2475500,2508400,2473900,2474000,2475500,2475400,2475700,2504200,2591200,2474100,2474400,2476700,2475000,2475300,2525800,2473600,2474000,2475000,2476000,2475900,2532700,2474000,2474500,2476300,2477200,2475800,2626600,2474100,2473900,2476000,2476500,2475900,2475900,2540100,2473700,2474100,2475800,2476400,2476600,2525800,2473700,2473800,2475400,2476400,2475800,2531600,2473700,2501800,2475400,2475500,2475900,2512500,2486900,2473700,2503500,2475400,2475900,2475800,2611600,2548800,2548800,2550500,2551800,2550300,2582900,2474800,2474500,2476000,2477800,2475700,2666300,2709800,2556000,2553300,2556100,2556300,2586400,2579800,2718100,2516400,2475000,2476400,2476800,2476800,2842300,2479800,2527600,2509900,2756400,2526300,2789900,2553500,2555300,2553900,2555800,2553700,2587600,2506300,2473800,2475000,2476200,2475800,2475600,2587500,2531600,2475500,2475800,2476100,2475600,2567600,2474000,2474700,2475300,2476300,2476400,2475100,2516700,2474300,2474700,2476200,2477100,2475700,2509400,2474500,2474400,2474700,2504600,2475100
#W oneshot crc_ccitt_ffff 1048576 1 200
2814300,2784000,2817700,2783400,2813500,2784900,2785100,2867000,2784400,2800700,2829200,2786000,2784000,2987000,3538300,3105800,2874800,2872800,2833900,2789700,2789800,3023300,2790300,2789300,2794100,2789300,2818400,2847800,2782900,2812400,2784900,2784500,2785100,2887400,2783000,2784000,2786700,2784800,2824500,2812900,2783200,2785000,2785100,2785600,2843600,2813400,2783300,2785300,2785600,2837300,2784100,2815200,2785200,2785400,2784300,2821900,2782800,2813700,2785200,2784800,2785200,3218400,2877200,2783700,2786100,2814900,2826500,2783500,2839400,2784900,2785100,2855700,2796100,2783400,2784700,2785700,2784500,2874700,2783200,2783000,2784400,2785600,2784300,2958500,2929100,2785200,2785700,2786800,2849100,2784200,2785200,2783600,2785500,2785400,2824400,2783000,2783200,2784800,2784300,2838900,2783100,2812000,2785500,2787100,2784500,2887600,2786300,2784100,2785100,2787100,2824000,2796500,2783000,2784500,2786600,2785000,2944100,2784000,2783800,2785500,2785600,2785000,2968400,2783400,2783600,2786300,2784800,2898100,2809400,2783400,2784100,2785900,2785200,2842500,2783000,2783500,2815300,2785500,2831900,2782800,2881500,2786800,2813800,2785200,2891300,2783100,2784200,2785900,2784900,2901100,2783500,2783400,2784500,2785600,2784600,2882400,2783100,2782900,2785700,2785900,2784800,2870100,2782900,2783200,2784700,2784600,2873800,2783700,2783800,2785900,2784100,2784200,2875300,2783100,2783000,2785600,2785400,2951000,3321100,2890600,2784200,2975900,2790100,2789300,2803500,2787500,2789600,2989900,2790400,2790600,2789800,2789500,2834000,2888300,2889900,2850600,2788000,2803700,2845500,2814700
#W oneshot crc_sick 1048576 1 200
1250300,1249900,1251100,1377100,1249800,1273300,1299700,1252900,1251900,1251500,1251100,1250800,1279700,1251800,1250400,1250000,1250900,1281400,1305400,1249500,1283900,1253100,1250600,1251700,1251900,1250800,1281400,1251200,1250800,1250800,1329900,1262600,1280400,1282400,1251500,1251100,1252300,1251600,1251400,1252200,1251300,1250900,1250600,1301100,1254200,1280300,1282300,1252000,1251600,1251000,1251400,1250900,1250900,1252500,1250500,1295800,1250100,1251500,1251900,1313300,1252000,1250400,1250400,1251500,1250900,1250300,1250800,1287900,1249400,1250700,1252100,1252300,1251700,1305300,1289800,1289300,1289400,1289400,1288600,1289500,1299800,1287400,1288500,1291400,1290300,1288800,1288600,1291700,1289600,1288100,1288300,1290700,1295200,1289700,1290100,1292200,1290200,1289500,1289100,1288500,1289500,1290500,1288700,1288900,1305900,1288300,1289600,1291900,1291200,1288200,1289500,1289200,1288800,1288600,1291200,1289100,1296100,1287700,1289500,1290200,1289800,1289900,1289600,1290000,1289300,1289200,1288900,1289600,1301900,1289300,1290300,1290900,1290400,1288700,1288900,1290400,1288900,1288400,1288300,1288700,1297000,1288000,1290000,1289600,1290600,1289500,1289200,1289100,1288700,1289700,1290200,1287900,1301700,1283400,1289200,1291000,1288900,1275100,1252200,1251400,1250300,1250200,1250700,1250600,1264600,1296400,1288500,1289000,1289800,1291400,1290200,1288700,1289300,1288500,1288700,1288700,1289200,1304000,1291100,1291300,1289000,1288800,1290300,1290900,1288900,1288300,1289000,1288500,1288800,1283100,1251400,1252100,1251700,1251200,1252200,1251300,1251200,1251700,1297400,1287500
#W oneshot crc_8 16777216 1 60
35210100,35702100,36059100,35931400,35842300,35917100,35848900,35466600,34801900,35034000,35391900,34898100,34853600,34802400,35067500,35819700,34971700,35256200,34895700,34816100,34790400,34804900,34885600,34849600,35500500,35218700,36085500,35391000,35055400,34909300,36470700,35375900,35459500,35514700,35631900,34946500,35180200,34862100,35009100,34847200,36231100,35136800,34940200,35696800,35540300,34910100,34935600,34895100,35086900,34855800,34864800,34788400,34732300,35983300,35255400,35682900,34784100,35060400,36145200,35906800
#W oneshot crc_16 16777216 1 60
42910200,43118100,42763900,43363900,42808900,43473700,42932900,42755900,42918700,42774300,42668200,42731900,43107200,43554900,43519800,43225900,42648000,42732000,44412300,42572900,42629000,42742000,42798500,43157500,42633900,42812900,42968900,43184400,43219400,43186800,42875200,42859500,42842500,42707500,43040200,43182100,43542200,43498100,43079900,43485500,42781500,44160700,42958600,42693200,42783500,42765400,43557700,42760100,43128700,42910500,44277200,43460200,43712300,42698600,42753000,42837300,42635200,42762900,42648400,43407600
#W oneshot crc_32 16777216 1 60
43332800,43799000,41919500,40671800,40320400,40148500,40722000,40163600,40147600,40111300,40290300,40051100,41685200,40526600,40069500,40919500,40438300,40131700,40139700,40040300,41299600,41079500,40529900,40009400,40060000,41409000,40771300,40603500,40180300,40211300,40207200,40402100,40200900,40426800,40244000,40273600,41813700,40726300,40360900,40276500,40807700,40083800,40356500,40113200,40090000,41674800,40983600,40437200,40695300,41091500,41705900,43183900,42425800,41526900,40495300,39998200,40592700,40254600,40393700,40130300
#W oneshot crc_64_we 16777216 1 60
39828200,39818000,39882800,40490100,40780900,40205900,40526900,40056600,39936200,39868000,41667500,40008800,39796800,39971500,39883900,40051600,40503900,40004000,39849300,39983300,39938000,39868800,40641200,39790700,39990400,39850600,39822300,40056600,39783000,39850200,40026500,40810300,40466000,39994300,39940800,40647900,40680500,40890900,39987000,40090200,39815200,40079200,39975700,39788000,39943900,39983600,40169300,41265500,39908400,39872500,39978100,39784300,40201200,39766700,39868800,41151800,40746600,40698500,39761200,40414000
#W oneshot crc_ccitt_ffff 16777216 1 60
44885100,44700700,44716400,44879300,45044200,44808500,45845100,45019700,44688800,44719700,44761500,44785400,44746400,44944900,45561600,45708000,45308800,44742300,45856300,45732700,45342100,45095600,44870800,45797600,45468500,44926200,44857100,45010500,45971100,45324800,44746500,44945500,45126600,45072700,44803300,44731400,45588400,45437700,44903600,44846200,45662800,45284900,44874600,44837700,44758000,44806300,44695300,44969900,45120300,44754000,45260100,45696300,45578100,45598700,44714700,44699800,44718100,44868700,45657400,45556500
#W oneshot crc_sick 16777216 1 60
20102900,20094700,21133200,20760800,20284400,20207000,20117100,20090100,20253200,20063100,20118100,20119200,20388600,20032800,20163100,20102100,20164700,20037200,20258100,20073100,20067200,20187500,20129500,20127300,20155300,21503100,20253400,20219800,20242000,20073700,20078600,20103700,20200500,20114600,20155300,20077400,20110000,20109700,20103900,20158600,20082800,20151800,20561200,20893000,20477000,20442100,20677700,20676500,20548700,20059700,20314100,20830600,20204100,20186200,20073900,20108300,20109800,20037400,20318900,20137200
#W oneshot crc_8 104857600 1 25
225528000,221599200,220892000,221973900,220208000,219382700,219383600,219283500,221306200,225298200,221492500,217791900,219249800,219179100,218931800,220109600,219164600,220807300,218663300,218230400,219511200,221292400,219822000,217794500,220139800
#W oneshot crc_16 104857600 1 25
269208400,269118400,268930700,268875800,268985500,269648200,269258700,267778400,269918300,267700000,270361900,268371100,272105000,269095100,268963800,269744100,269568600,268804900,267562200,269718100,275296400,269794800,267414400,269485300,267265400
#W oneshot crc_32 104857600 1 25
254322300,253344200,255175400,251797900,254425500,253276200,255526500,251480900,255380900,254718400,253835800,250695800,254991400,253032500,255125600,254181000,261095100,256113900,253177800,252741400,253891200,254970700,259608900,255945200,252322000
#W oneshot crc_64_we 104857600 1 25
250157000,258631700,250328500,249543800,251277600,250432900,249912600,249798500,254231300,255836200,253657700,253422100,255521300,249111800,250035400,249394600,254680300,250069300,250571200,249366800,252066200,248502600,250246500,249330000,252302100
#W oneshot crc_ccitt_ffff 104857600 1 25
280877600,281780600,285431800,286660800,281189700,281960100,283082900,280484700,283090100,283984600,288474000,282008000,281083300,282614600,282020300,283079300,282551100,281022000,282327000,282578800,285745200,279920400,281204000,281480900,281483500
#W oneshot crc_sick 104857600 1 25
131828100,128414300,127142600,125552200,128167400,126475000,125811500,125898300,127579800,127109600,126428300,125644500,125669400,127120300,125720900,126031600,127284000,126761200,125955100,126112100,126249700,127180000,125558000,125804500,127771300
#W bytewise crc_8 65536 2 300
270500,270500,270500,270500,270500,270500,270500,270600,270600,270500,270700,270500,270600,270700,270600,270600,293800,284200,270700,270600,270500,270600,270700,270600,270600,270800,270600,270600,270700,270600,270500,270600,270800,270600,270600,271000,270700,270600,270500,270700,270500,270600,270900,270800,270600,270800,271200,270700,270800,270800,270900,270600,270600,270800,270800,270700,270600,270700,270700,270800,270600,270600,270600,270600,270600,270800,270600,270600,270700,270600,270800,270600,270600,270500,312100,279100,278800,278800,278800,278900,278800,278800,278900,278700,278700,279000,279100,278900,279700,279200,278900,278900,278900,279000,279000,278900,279100,278800,278700,279300,279000,278900,279600,279200,279000,279400,279000,279000,278800,279400,278700,279200,279000,278800,278900,278900,278900,279000,279000,278900,279100,279000,278800,279000,278900,279100,278800,278800,278800,278900,294300,270500,270500,270500,270700,270500,270600,270500,270600,270500,271000,270700,270700,270500,270600,270500,270900,270600,270600,270600,270600,270800,270600,270500,270600,270700,270800,270600,271100,270600,270800,270500,270700,270700,270700,270700,270700,270600,270900,270700,270800,270800,270800,299700,270700,271000,271000,270700,270500,270800,270600,270700,270700,270700,270500,270600,270800,294100,292700,278900,278700,278700,278800,278800,278700,278700,278700,278700,278900,278700,278800,278700,278700,278700,278800,278800,278800,278900,278800,278800,278800,279100,278900,278700,278800,278700,278800,278800,279000,278900,278800,278900,278900,279100,278900,278900,278900,278800,279300,279200,278800,278800,278700,278900,279000,279000,278800,278800,278700,278800,278900,278900,278800,308700,278700,278700,278900,278800,278700,278700,278700,278700,278700,278700,278800,278800,278800,278900,278800,278700,278800,278800,278700,278700,278700,278700,306200,283800,270600,270500,270700,270700,270500,270600,270700,270800,270600,270700,270800,270600,270600,270900,270700,270600,270600,270700,270600,270700,270700,270600,270500,270600,270600,270900,270800,270800,270700,286300,285500,324900
#W bytewise crc_16 65536 2 300
331300,331300,331300,331400,331400,331400,331500,331400,331500,331300,331300,331300,331300,331400,331300,331300,331300,331300,331500,331600,331600,331500,331700,331400,331300,331300,331500,331400,331300,331500,331500,331700,331500,331400,331700,331400,331500,331600,331500,331400,331400,331500,387500,332500,471600,331800,332400,405700,362400,464500,405100,395800,360700,331600,331300,445200,331300,331400,333400,331400,331300,437400,331400,331500,331300,377200,448000,380500,365300,331400,331500,333700,331600,331400,333700,331400,331400,333500,331500,331500,333500,331300,331500,333600,331600,331300,333600,331600,331500,331300,333900,331300,331400,333200,331300,331300,333200,331500,331300,333100,331400,331300,333500,331300,331400,333400,331400,331400,333400,331400,331800,333700,331400,331300,586200,464800,331500,331400,333400,331500,331300,345300,331500,331300,333700,331700,331700,333300,331300,331300,333100,331400,331500,333200,331400,331400,333500,331600,331400,333400,331500,331400,333700,331600,331500,333400,331400,331600,333400,331500,331500,333600,331400,331500,333700,331400,331400,333300,331400,331300,361500,331500,331900,333400,360200,331500,390000,331600,331500,331400,331400,331400,331400,331600,331300,332000,331400,331600,331400,331300,331400,331300,331500,331600,331400,347100,343900,331300,331800,331400,331500,331600,331500,331500,331600,331500,331400,331500,331400,331400,331400,331500,331500,331400,331500,331600,331600,331400,331400,331400,331500,331500,331400,368200,344400,331300,331400,331400,331300,331400,331300,331500,331400,331500,331400,331500,331300,331400,331300,331400,331400,331300,331300,331500,331500,331400,331500,331300,331300,331700,331500,331500,331500,331400,331500,331600,331500,331400,331500,331500,331400,331500,331600,331600,331500,331400,331400,331500,331400,331500,350800,377900,333200,350500,348300,418400,333600,332300,332500,332400,331700,331800,331800,331400,331600,332200,332400,332000,331700,332000,331800,332500,389600,333400,360200,346000,332300,360400,332300,416400,332400,416700,332500,332400,331800,360600,331800,350800,419900,342400
#W bytewise crc_32 65536 2 300
332800,366900,325200,325400,326500,326100,377700,416900,324800,323900,387500,315600,315900,316800,316400,316900,317300,315500,314100,316500,315500,316400,317500,316300,315600,316800,315600,315700,317700,316800,316200,317300,316800,347200,315600,316000,364500,350200,330700,315400,315700,369600,315400,343600,372800,342800,332100,329600,391300,325700,325600,324300,326200,326700,328300,335600,324700,325700,412300,322900,332500,333600,323700,358700,316300,338200,326900,326800,335900,374500,317100,334400,332600,345100,344600,316900,345700,315500,337900,337700,324400,358000,333500,326700,355500,334100,334200,341600,338100,360100,335500,333900,360100,338200,411800,326600,325700,350900,349800,352000,339100,415600,361000,330800,353300,325900,622700,325500,335100,361500,362200,324400,341800,325600,340400,325000,324000,325100,323900,326500,325600,325600,325400,324800,324900,326000,325300,325700,327300,326300,328500,521400,326200,324600,323700,326500,326600,325800,326900,372700,375600,324900,324800,325800,326400,326800,324800,325900,326000,364300,332500,326500,315400,317600,360700,446800,344400,314100,358900,325400,325400,325600,325800,327000,325500,324600,323900,326800,326500,321800,325600,325400,325500,325600,324600,324700,328300,386100,325400,325100,325500,353700,324300,324400,325500,337500,375600,323900,325000,349800,326300,350700,351200,352800,325400,325900,340200,372400,317000,316800,316100,315500,316600,316700,316100,437600,323400,324200,325900,324700,326000,325200,324600,327400,326200,325100,326000,327000,325400,325500,326200,324900,326000,326000,327000,325400,322300,326800,373200,324700,331600,361100,323100,331900,346800,322900,319500,343700,322200,334400,331400,321900,344500,323700,343600,321500,398100,329900,343400,323800,324900,324800,603000,324300,326000,345300,363700,325400,324500,324500,329500,325600,325300,325500,324700,327000,324200,325600,324500,321200,320800,321700,322000,323200,323700,323700,325100,323300,326700,356500,324000,322500,324200,320100,321100,318900,319000,323300,321800,320100,323200,321200,323700,324800,322700,322800,325300,322100,324400,323500
#W bytewise crc_ccitt 65536 2 300
358400,358500,358500,358500,358500,358500,358400,358900,358700,358400,358400,358500,358500,358600,358500,358500,358500,358600,358500,358600,455700,358500,358500,358400,358500,358500,358500,358500,358500,358500,358500,358500,358600,358400,358900,358400,358400,358600,358700,358500,358500,358500,358500,358600,358500,358500,358700,358500,358700,358600,358600,358500,358800,358500,358600,358500,358700,358500,358600,358500,358500,358600,358600,387600,374800,359200,358400,358400,358500,358500,358600,358400,358400,358500,358500,358900,358800,358600,358400,358500,358600,358900,358500,358600,358900,358700,358600,358700,358800,359300,358900,358800,358700,358700,358600,358600,358500,358600,358500,358500,358700,358500,359200,358500,358500,358400,358400,390000,358600,358500,358500,358900,358500,358400,358400,358500,358500,358500,358500,358600,358500,358500,358400,358400,358400,358500,358600,358400,358500,358500,358900,358500,358500,358900,358500,358500,358600,358400,358700,358500,358400,358600,358500,358800,358600,358500,358600,358400,358400,358600,399000,348100,348000,347900,347900,347900,347900,348000,347900,377500,347900,347900,347900,347900,348000,348100,348000,347900,348000,347900,348000,347900,348000,347900,348000,348100,348000,348000,348200,348100,348500,348100,348200,348400,348400,348100,348000,347900,348100,348100,348100,347900,348100,348000,348200,380600,347900,348000,347900,347900,347900,347900,347900,348000,348100,348000,348000,348000,348000,347900,347900,348300,348000,348000,347900,347900,348000,348000,347900,347900,348000,348200,348000,347900,348000,348100,348000,348000,347900,348000,348100,347900,347900,348100,348000,348000,348000,347900,348100,484100,364300,358400,358500,358400,358400,358400,358400,358600,358500,358500,358500,358600,358600,358400,358500,358500,358500,358500,358400,358700,358500,358400,358500,358600,358600,358500,358500,358400,358600,358500,358700,358700,358700,358500,358700,358600,358600,358500,359100,358600,358600,358500,395300,380600,347900,347900,347900,347900,347900,347900,347900,347900,348200,347900,347900,348200,347900,347900,347900,347900
#W bytewise crc_kermit 65536 2 300
331300,331400,331500,331300,331300,331300,331300,331400,331300,331300,331400,331400,331500,331300,331300,331500,331700,331500,331300,331300,331400,331400,331500,331400,386700,331300,331200,331300,331400,331400,331400,331300,331400,331500,331400,331400,331400,331300,331400,331300,331400,331400,331300,331300,331400,331400,331300,331300,331400,331300,331400,331400,331500,331500,331400,331500,331500,331400,331400,331500,331400,331400,331400,331400,331400,331400,331400,331400,331500,331500,331400,385700,332600,332600,332600,331400,331500,331700,331600,331500,331800,331500,331500,331500,331400,331400,331300,331500,331600,331300,331700,331500,331600,331600,331500,331700,332000,332300,331500,331700,331400,331700,331900,331500,331300,331400,331600,331500,331400,331500,331400,331400,331400,331500,331300,331500,331400,331400,414800,346600,331300,331400,331400,331400,331400,331400,331400,331300,331600,331400,331300,331400,331300,331300,331400,331300,331400,331400,331400,331500,331500,331600,331400,331500,331400,331700,362400,331600,331700,331500,331400,331500,331400,331700,331500,331600,331500,331500,331300,332000,331800,331300,331300,331400,331300,450100,479500,400900,348200,379400,331700,331700,331500,331600,331600,331600,331700,331300,331400,331700,331500,331400,331400,331500,331400,331400,331700,331700,331900,331700,331600,331700,331800,331700,332000,331700,331700,332000,331500,331500,331500,331400,331900,331600,331600,331600,331400,331500,331500,331400,331400,397700,331400,331400,331400,331300,331400,331500,331300,331400,331300,331500,331400,331400,331300,331300,331300,331400,331400,331400,331300,331300,331400,331400,331300,331300,331400,331300,331500,331400,331600,331600,331400,331400,331500,331700,331400,331400,331400,433400,331300,331300,331300,331400,331300,331300,331400,379500,331500,331300,331300,331300,331300,331400,331400,331300,331300,331300,331400,331300,331400,331300,331400,331300,331400,331400,331400,331400,331300,331400,331600,331400,331300,331500,331500,331500,331500,331500,332000,331600,331300,331600,331500,331600,331500,331400,331600,331500,331600,331400
#W bytewise crc_dnp 65536 2 300
392300,331400,331300,331300,331200,331400,331400,331200,331400,331400,331300,331400,331400,331400,331300,331300,331300,331400,331300,331400,331400,331400,331500,331500,331300,331400,331600,331500,331500,331400,331500,331500,331400,331700,331300,331500,331600,331500,331500,331400,331600,331300,331400,331500,331400,331400,372100,350200,331900,331500,331400,331400,331400,331400,331400,332300,331500,331500,331500,331600,331300,331300,331500,331400,331500,331500,331600,331600,331300,331800,331500,331700,331600,332000,331700,331600,331400,331600,331500,331400,331300,331400,331500,331900,331400,331500,331500,331400,331500,331500,331500,331400,331400,429800,331600,331700,331500,331800,331600,331400,331400,331400,331500,331700,331400,331300,331500,331500,331300,331400,331200,331500,331400,331600,331300,331400,331400,331600,331900,331600,331900,331800,331700,331600,331600,331800,331900,331700,331300,331500,331500,331500,331400,331400,331400,331500,331500,331400,331300,331400,410100,344600,331400,331400,331300,331300,331400,331300,331400,331400,331400,331500,331400,331400,331300,331300,331300,331400,331300,331400,331400,331300,331500,331400,331600,331600,331300,331500,331500,331800,331500,331300,331300,331600,331500,331500,331600,331400,331600,331400,331400,331400,331400,332100,331600,331300,331300,410600,331700,403200,345400,342000,378300,344100,440900,384800,433300,425500,352700,344600,331400,359700,331500,331300,331600,331400,331400,331300,331500,331300,331300,331400,331400,331700,331600,331300,331500,434800,352300,331700,334100,331400,331700,346000,331400,331400,333500,331300,331700,333500,331500,331400,333300,331900,331300,333500,331400,331700,333700,331400,331500,333400,331400,331800,333400,331500,331400,333700,331500,331500,333300,331400,331500,333600,331400,331400,333300,331900,331400,333400,331300,331400,333300,331400,331400,362500,356800,415900,331400,331300,333500,331400,331300,333200,331300,331300,333400,331500,331400,333100,331400,331500,333900,331400,331400,333500,331400,331400,333500,331400,331300,333500,331600,331400,333400,331600,331500,333400,331400,331600
#W bytewise crc_64 65536 2 300
309200,309300,311200,309300,309400,311200,309300,309300,339900,321800,309400,311400,309200,337300,309300,367800,309500,309300,309300,309300,309300,309300,309300,309300,309400,309200,309300,309300,309300,309300,309200,309300,309400,309300,309800,309300,309400,309500,309400,309500,309400,309400,309900,309400,309500,309200,309300,309600,309300,309700,309500,309300,309500,309500,309300,309300,309400,309500,309500,309400,309200,309300,309300,309400,309400,340400,309700,309500,309200,309300,309300,309300,309300,309500,309400,309300,309300,309300,309300,309600,309200,309200,309300,309400,309500,309400,309500,309300,309500,309500,309200,309300,309300,309300,309300,309500,309400,309400,309700,309500,309400,309400,309300,309800,309700,309400,309400,309400,309500,309400,309300,309200,309300,309500,309400,309300,405300,309300,309400,309500,309600,309300,309300,309300,309300,309400,309400,309400,309500,309300,309300,309300,309300,309300,309400,309500,309200,309500,309300,309400,309300,309300,309300,337400,309600,309400,309400,309500,309500,309500,309500,309400,309300,309400,309700,309400,309500,309300,309300,309400,309800,309300,309600,309300,309400,309600,343900,309700,309400,309400,309400,309500,309300,309600,310500,309600,309300,309400,309300,309500,309900,309400,309400,309300,309400,309400,309400,309400,309500,309400,309500,309400,309500,309500,309400,309800,309800,309300,309300,309300,309400,309300,309500,309300,309500,309300,309400,309400,309400,309400,309500,309400,309200,309300,309300,309500,350400,309400,309200,309400,309400,309300,309300,309300,309200,309300,309300,309600,309300,309300,309300,309300,309300,309400,309300,309400,309400,309400,309200,309200,309400,309500,309400,309300,309300,309600,309400,309400,309400,309300,309400,309500,309700,309300,309400,338000,309600,309400,309400,309300,309300,309400,309200,309400,309300,309200,329100,322700,309400,309400,309400,309300,309700,309400,309300,309300,309300,309300,309400,309200,309400,309700,309300,309300,309600,309300,309400,309700,309300,309400,309400,309200,309300,309400,309400,309400,309600,309400,309400,309400
#W bytewise crc_sick 65536 4 300
312700,312700,310400,310400,310500,310500,311400,311200,310500,309800,309800,309800,353100,314200,345700,322900,319400,322100,322900,322500,347800,378500,335800,312800,312700,313000,313000,312900,331200,327700,313000,313000,312900,312900,313200,313100,312900,313000,313200,313000,312900,313300,313100,313200,313400,313000,312700,312900,313000,313000,312800,313100,312900,313000,312800,313000,312800,312900,312300,313200,312900,367400,312000,312800,312800,312700,312700,311900,312400,312000,312300,312000,312700,312000,309800,309900,310600,310500,310500,309800,310500,328800,353700,312800,312800,312800,312900,312800,312700,312900,313100,312600,312900,312800,313100,313000,313000,312900,312600,312900,312900,312900,312700,312700,313000,312900,312600,312700,312800,312300,362300,312900,312800,312800,312600,312700,312700,312700,312700,312800,312900,312800,312000,312700,310500,310500,311200,310400,309800,309900,310500,311400,312800,313200,312900,312900,312900,312800,312800,312900,312700,312700,312800,312200,312700,312700,312700,312000,312800,312800,312800,312800,312800,312900,312700,312800,312000,312600,343800,312800,391400,330400,320700,330200,322200,322600,323000,323300,322400,322800,327200,313000,312700,312800,312700,312800,312700,312700,310500,309700,309800,310700,310800,310400,309900,309800,310300,309900,310800,309900,310300,309800,310100,310300,310500,310600,310400,309900,309700,309800,309800,309900,310100,310700,309900,309800,309900,310400,309800,309800,372000,312700,312700,312700,312700,312700,312800,312800,312700,312700,312700,312000,309800,309800,309800,309700,309700,309800,309800,310500,310500,309800,310800,310000,310000,309900,310200,309900,310100,310400,309800,309900,309900,310100,310600,310700,309900,309900,310500,310600,312800,312900,312700,312800,312700,313100,312900,312800,312800,312700,500900,329600,313100,312800,313400,309900,309900,310400,309800,310500,310500,310500,309800,310600,310600,310500,309800,310500,310000,309900,309800,309900,309900,312000,312800,312800,312700,313000,313200,312800,312800,312900,312900,312800,312900,312800,312700,313000,312800,313000
#W manysmall crc_8 100000 1 100
8186400,8155400,8293100,8203700,8157000,8214500,8203100,8240600,8152500,8586600,8518500,8439700,8180100,8373500,8496600,8502700,8162200,8215600,8162300,8395800,8376200,8308000,8146400,8269000,8162000,8246700,8195200,8305300,8170200,8215400,8229900,8253600,8167900,9093300,8283800,8444600,8401600,8430100,8250700,8221000,8169700,8193000,8163500,8205200,8159200,8228100,8168900,8219800,8166100,8191500,8160300,8222400,8222200,8275500,8153300,8240200,8155300,8286700,8192900,8175000,8265700,8182500,8270600,8188800,8209100,8158300,8212500,8157600,8270700,8158300,8202500,8160700,8254600,8173900,8187300,8182900,8221100,8157100,8246900,8329200,8167800,8344200,8423200,8222800,8160600,8206400,8166200,8262900,8179800,8970400,8435600,8179000,8358400,8191800,8317900,8167200,8235600,8169700,8217700,8209900
#W manysmall crc_16 100000 1 100
13941200,13964400,14006500,13960700,13930600,14007900,13922600,14036500,13993900,13997000,14190500,13976400,13903800,13951600,14725300,14438300,14880800,14585800,14306100,14134700,14697800,14431900,14348300,14301900,14300200,14268400,13955800,14673700,14555200,14518700,14192300,14140100,14359500,14279000,13919400,13879600,14542300,14534700,14662600,15116700,14569900,14509100,14839600,14349900,14420000,14201200,13915600,13915600,13901000,13962400,13949000,13899500,14187500,13929500,14048000,14183000,14172000,13910800,14005200,14115000,14672000,13987400,14057000,13989400,13911100,13916000,13959900,13900800,13938800,13905400,14159900,14017500,13904000,13991300,14026300,13977500,13914600,14015900,13948500,13869800,14044300,14339200,13958900,13929000,14531300,14175000,13938900,14532500,13996700,13933200,14071000,13947600,13914900,13913000,13902800,13915800,14142700,13948800,14844000,14216000
#W manysmall crc_32 100000 1 100
12734100,12946400,12838300,12810100,12787400,12823900,12789800,12763900,12817200,12784200,12785400,12741400,12809500,12849900,12924800,12891400,12787600,12770300,12770500,12762300,12800600,13067400,12807700,12807900,12828500,12768800,12777100,12831500,12736800,12817600,13358100,13248400,13114100,12972400,12911600,12809000,12946300,12931600,12866700,13421900,12985500,12951600,12813300,12789400,12804000,12787900,12771300,12957800,12785000,12844300,12815500,12870700,12885800,12912300,12861200,12912300,13334300,12835200,13123800,13708500,13157300,12814600,12801100,13027000,12846900,12865800,12798700,12805400,12815600,12863800,12825500,13685100,13264000,13160300,12902500,12782500,12836400,12779300,12804200,12770100,12959200,12805900,12793100,12886500,12810100,12824700,12751400,12841500,12766100,12774500,12885200,12824400,12788200,12920600,12806300,12779000,12810400,12764500,13289000,13321300
#W manysmall crc_ccitt_ffff 100000 1 100
17181300,18112600,17378400,17283100,17151400,17105300,17129800,17136100,17187200,17569000,17249100,17139700,17195600,17075100,17180200,17082000,17159300,17229900,17308000,17139300,17123200,17447100,17545000,17443200,17698400,17383100,17458600,17260300,17098400,17077900,17158000,17105300,17619400,17423800,17623400,17219100,17126900,17072300,17080100,17226800,17416800,17162100,17112700,17122800,17148500,17083500,17123600,17126400,17094400,17105400,17110300,17073000,17072000,17553500,17128500,17132300,17104900,17137200,17108600,18358300,17339000,17218000,17140300,17076200,17070300,17107000,17148700,17098800,17282500,17195500,17115900,17209200,17135900,17115100,17178800,17165800,17306200,17079700,17077800,17396300,17666400,17457700,17577600,17157000,17409500,17377400,17282100,17205000,17108400,17328400,17364500,17702100,17707300,17568900,17214400,17169200,17085700,17096900,17094300,17472500
