#M impl c-shipped
#M clock QueryPerformanceCounter
#M qpc_hz 10000000
#M target_batch_ns 200000
#W oneshot crc_8 16 16384 500
256400,255400,254900,257800,254900,255400,255400,391600,327200,306600,267700,307100,275400,256600,256000,259600,255300,255100,256600,257700,256300,256000,256100,264300,256000,254800,256400,257500,255900,256600,255900,257300,256100,255600,258100,256500,254800,256500,257600,254900,256500,255100,257300,255900,254800,254800,258900,255500,255400,256400,316400,366300,290900,284900,288300,297500,274000,269500,270500,269400,293500,295000,380000,288200,286400,296500,287600,287800,291600,287500,285600,365300,286700,286800,287800,298800,255500,255900,262300,255900,256100,256600,260300,254900,255500,256000,259400,256400,256700,254900,260100,255300,254800,255900,258700,256200,256500,255000,259000,256600,255000,255800,260000,255100,256400,255300,259500,255300,255500,260200,256500,256000,256100,279800,266600,265800,264900,311500,263300,265100,302900,264200,308100,492400,319500,471300,285500,284700,475000,275300,256500,461300,340900,255500,256300,258800,254900,256200,254900,257800,255100,255600,256500,259100,255600,254800,256000,258300,256500,255400,255600,258000,256500,256000,257100,255800,256200,256000,286400,256500,255800,256600,258800,255500,255100,256600,258700,255900,256100,256600,285900,256100,256800,256300,287800,257800,257700,289400,258300,257400,257000,279500,266800,276800,258400,260700,256700,256400,258200,256700,255400,256600,259000,283300,377900,255500,254900,254900,261900,254800,254900,256000,259800,256500,255400,256500,259100,255900,256000,254800,258900,256500,255500,255500,260500,255500,256000,258700,256000,256500,255900,259900,255500,255900,256400,260000,254900,255900,256000,259800,255600,256400,254900,260000,256600,255600,256600,259600,256500,254800,254800,313400,257000,256600,282300,268600,256800,255700,287300,256600,255700,256600,260200,255600,256600,255700,258000,270400,268600,256300,285700,256600,255900,257700,255400,255000,255600,258900,255000,256700,255600,258300,255100,256800,255100,257600,255300,254900,256900,257500,255700,256100,255500,258900,256000,256600,254900,257700,256300,255900,256100,259200,254900,256400,255900,258100,256500,255400,257800,255400,255500,256000,288600,269200,255400,256400,258900,256300,256600,254900,316200,258500,258200,257800,257200,258700,257900,258300,263800,255700,255500,256600,259000,255900,257000,256800,258500,256900,254900,256500,257700,256000,255900,255500,258300,255800,256100,256600,258100,255700,256600,255100,259500,256500,255700,257300,256200,256000,255000,257900,256600,256100,256200,258400,255000,255500,254900,257400,256000,256500,255000,294100,255600,256500,255500,258100,255400,254800,254900,257900,255400,254800,255500,257600,254900,256500,255900,317300,258600,258200,258400,257900,257400,258200,258100,262000,257100,255200,256200,258600,255900,256100,256700,258500,255600,255100,255500,257600,255400,256200,259000,255000,255400,256100,258100,256000,256800,256500,257900,255500,256300,256600,258800,256200,256100,255800,258400,255500,255600,256700,332800,283800,255900,258200,255400,254900,255500,257200,255900,255500,256000,258400,255500,256100,256500,257800,255600,256100,255400,258600,254900,254800,256400,316700,260100,257000,257800,258100,257700,257700,292000,262000,257700,256800,256400,258600,255000,255900,256000,258100,254900,256500,255700,257500,255600,256300,255500,258200,256600,256000,256200,257500,255600,256700,256200,263500,255700,256600,272400,266700,276300,256900,259000,256000,255700,255100,257700,254800,255800,257000,258400,255900,256400,255100,258100,255500,255400,256100,258200,254800
#W oneshot crc_16 16 16384 500
366000,413600,367600,367600,399600,368000,374300,366500,366100,369800,367800,368000,370400,368800,368100,369000,368300,370700,368100,368200,390500,401100,367500,391300,381100,371200,367600,367600,370700,367500,368100,371100,367600,371700,368200,368200,371100,367500,367700,371100,368100,371600,367600,368300,371200,366800,367600,414600,383200,382700,369300,370100,371600,372300,368300,369900,368300,367900,375600,368500,367700,399400,368000,370300,368300,368000,369900,368300,367500,369500,367700,367600,370200,367700,370200,367400,368500,369600,368000,367300,369500,366900,370100,367700,367600,369300,367400,367500,370000,368100,384900,413200,369600,403400,369400,370700,375400,367500,367700,369400,367400,368000,399200,368700,369400,368400,367600,369900,368200,368100,369700,368000,370600,368600,368400,370200,368100,367400,371100,368200,368100,370100,367600,370000,367500,368300,369300,368400,367700,369100,367200,369900,367000,367500,427500,372500,371100,370600,407800,378600,393400,367600,386100,380700,366800,397800,368200,367600,397700,367500,453900,367600,368500,398000,367900,385200,379900,367600,397500,368400,367800,397100,368200,397500,366900,368200,398100,367600,368200,397600,367500,397200,367200,367800,397700,367700,382800,386000,382200,382700,381800,380700,424200,366900,368200,374500,366700,370800,368100,367200,371100,367500,367600,371400,368100,371700,368300,367500,371400,368200,367500,371600,367800,367800,371900,367400,371600,368100,367500,371600,368400,367800,371300,367500,371300,368200,367900,379100,367500,366900,371700,367600,367100,413000,383700,487400,396300,409900,387000,387300,396500,383500,423700,451700,368200,371000,367500,370000,368100,368200,368600,367500,368100,369700,368100,367500,367500,367600,369700,368200,368100,369000,368100,367600,369600,367700,370800,367600,367400,370100,367600,368300,369600,367700,385400,381300,367700,399100,368400,367300,400300,369800,442300,830600,567000,390700,520800,397500,368200,367800,397300,368100,398100,368100,368200,398000,367600,440500,368200,368200,397800,368100,367700,403600,367600,397600,367800,367600,397900,367600,367600,397900,367600,397500,368600,367700,416400,367500,371700,367700,368200,445000,476100,387500,389500,381000,380400,384500,382200,371200,367600,368300,370300,368300,422600,392000,368300,370400,368500,368100,369500,368200,368500,369900,368000,369500,367500,368200,370600,368100,367700,428500,368300,370200,368400,368300,401900,368200,367400,398300,368300,397700,368300,367600,391400,440300,499600,385900,387100,390800,383700,380700,382900,385000,393300,368300,368500,370500,368200,367100,370100,367800,384400,367400,367800,369400,368200,368400,369400,368400,370600,368200,368100,370100,368100,368100,369600,367800,369700,368300,367600,369400,367000,366800,369200,368200,367400,444400,384600,575900,411800,527600,1911200,497900,367600,368400,368400,368600,369900,369600,403300,368400,369400,398000,367800,397900,367800,367600,393800,383500,369000,368600,368900,370300,369900,371600,371200,369300,369900,370100,369700,368600,368400,368400,367400,367600,436200,1326600,398300,437800,388600,422900,505900,397000,445600,394100,390500,388100,389800,388100,389000,390600,388000,390800,389600,388900,390700,387100,391400,388100,382100,381800,379700,379200,382000,379800,382900,379700,380200,383600,379100,381200,380500,378900,381300,378900,380700,802500,389600,387900,383500,380800,379500,382000,379200,382000,606800,389000,386100,388200,390200,391100,388500,379700,378700,381800,380900,380600,382200,379700
#W oneshot crc_modbus 16 16384 500
389700,387100,387100,392000,387700,393500,389300,389700,495600,387200,390200,387600,388200,397200,392000,391500,386900,387300,388400,387200,389100,387800,387400,389300,388300,391400,416900,394800,389500,389400,388500,419000,388600,387500,386900,387200,387000,387900,390500,386800,387700,388200,386800,387200,387000,386800,386600,386000,387000,387800,394000,388000,389900,386600,386600,389400,387400,389600,386900,386200,389000,387300,389400,387800,387700,389200,387100,386800,389000,387400,392100,389500,389500,390300,389400,392400,393200,387400,389500,386600,386900,389100,387000,388800,387500,387200,389300,386500,386700,394600,387700,389100,387000,387200,389400,388200,389600,387500,387200,390300,387100,390000,387200,387300,388600,387300,389100,386400,387200,388900,387100,387200,388500,387900,391000,390800,390600,391800,388800,392100,393100,387200,389000,387000,386900,389000,387700,389300,387700,387400,388600,386900,387700,389100,386700,389300,386900,387300,389800,387400,390000,387400,388000,389400,386600,389400,387200,387200,389000,387400,387700,389100,387200,388800,391800,375800,377000,375100,408800,379700,378400,379400,378600,381100,383400,375700,375000,411300,375200,377600,376600,375400,377600,375700,377700,376100,376100,377200,375900,375500,376800,375900,377500,375700,375600,408400,375300,376300,378400,376200,378500,375700,375200,377600,375600,375300,377200,376000,377500,375200,376400,377400,375900,376800,375000,374900,408700,380400,379200,379400,377800,380100,451000,375600,377800,374700,375000,377900,375900,377500,375700,374900,376900,374900,375000,377200,375700,377600,374900,405800,378100,375600,375900,377700,375600,377900,375400,376400,377800,376100,375200,377400,375900,377700,375600,375600,382400,375700,375800,377800,376000,580400,395700,398300,377300,377600,379800,384400,375700,375600,434400,408300,437900,375500,378400,375900,375300,377600,375400,375900,377900,375900,378000,376000,375400,377800,375800,375600,377500,375600,377700,376400,376400,378100,376000,376000,377600,376300,377700,375700,377500,464000,375900,435100,379100,378800,378600,378700,378500,383200,376500,375800,378000,375900,375600,377300,376000,378000,375400,375600,377800,375200,377700,376100,376200,377600,433200,375900,378400,376400,378200,375700,375900,383400,375500,376500,377400,376000,377600,375100,374900,496600,389800,420500,378000,375300,375700,434400,377500,378100,378900,378400,380300,384800,376200,375900,377600,375000,375200,377600,376200,378000,376200,375400,377500,375800,375900,377700,376200,378300,375600,375700,377500,375900,376100,378200,375900,377900,375200,376100,377500,375700,375800,440400,397300,409400,377200,377000,407100,377000,465800,402700,395600,397400,393100,390000,399900,375700,377400,378200,376000,376800,375900,375900,377300,375900,377700,375500,375600,377400,375700,375900,382600,375800,377800,375200,376000,377900,375900,375700,377500,375500,424100,388500,375600,379100,375300,375200,376200,374900,377000,375700,375400,434800,377600,378400,379800,378000,380400,380600,375900,377900,375800,375900,377300,375200,375700,377100,375500,377500,375900,375600,438700,416400,410300,378700,376100,406300,376600,404600,493800,418900,406800,387600,862200,397100,439500,433700,688600,821600,395900,396900,394600,395900,392900,390400,391000,390100,392800,389600,389800,399800,377800,402400,390900,389700,390800,392000,392600,392600,392400,394000,393900,392600,390800,508900,561100,388400,1726200,625200,479700,387100,456500,1783000,602800,403000,437600,445300,433700,408700
#W oneshot crc_32 16 16384 500
376900,386500,559300,381800,386600,366600,376400,719700,347600,1925200,491200,375600,1584600,376300,380200,379000,783400,376800,381500,407800,379100,454700,374400,380900,405200,383600,378200,350900,366100,348600,349400,351400,346800,347600,350400,348700,352000,348900,348800,351500,347400,347600,2770900,885700,800700,399800,379800,375700,376800,380300,350400,347900,350500,346900,348200,349800,347300,348700,350300,348000,351100,359000,347900,351600,348900,349500,353600,348800,347100,352300,347700,347200,350600,348600,349700,352300,348500,353400,348200,349500,427700,376300,365200,1343900,506100,436900,376100,380200,376200,1699700,347100,373900,376400,379800,365700,347100,347300,352100,347600,359500,349800,346500,349400,347300,346700,350600,348600,349400,352200,349500,348500,351600,348500,348700,876100,1564800,418000,371100,619000,376400,380400,387300,369200,351400,358200,351900,350000,355000,349200,386800,411200,347500,351900,350400,351500,350900,349300,348400,350900,348500,352900,350800,348000,353500,349800,350000,1847600,346300,350600,346600,376300,387200,346200,349500,357200,387800,379400,376200,832400,375500,412900,376400,378300,372300,355900,349700,351700,365600,349200,352800,348400,349400,355600,348800,349500,905500,2673500,391800,378500,376000,375900,377800,376100,631900,376500,416200,346400,346700,350200,347300,347800,349700,349300,347800,351100,350400,359200,370700,396400,376000,377300,414400,377600,369600,350000,349900,351900,347600,348000,349700,438800,379900,376700,377200,458900,376000,380100,379200,352000,355200,350300,436900,378700,376500,365300,350500,358100,614000,376600,387600,355500,348800,357600,349500,353700,421000,375100,384700,376300,387300,1227100,376600,377500,378600,370000,354500,350500,352600,348000,347800,351000,348500,1111400,382300,414300,376200,381300,367000,346200,350000,346600,346800,1207900,346500,397900,381000,375700,379900,376200,415400,381300,396000,376400,380900,357200,1654400,377200,2129100,951200,347100,346400,350400,349800,366000,346300,348300,380000,376700,385100,380000,389400,378300,375700,385700,756200,346300,428300,2563100,350700,506300,348900,346700,379400,378400,375300,377800,375900,375500,353200,347000,347100,391900,354300,348600,350700,351100,350400,351500,353600,349900,352300,350000,351800,352700,350300,350900,351600,350200,348000,507100,376100,380600,377300,374600,352000,352800,350000,351200,349900,350000,351900,349400,352200,350000,348800,350700,348700,348000,1169700,484100,392800,379500,375800,377500,379600,376000,358300,351700,350700,351800,351200,348800,351500,355500,351300,351800,351900,346700,348500,351300,348800,354900,350300,348300,365200,347900,354700,351300,352500,349900,351200,352500,348800,353200,349300,348000,350500,349400,350700,347700,350100,355200,348700,350200,351700,349300,347900,352600,350500,351100,353500,350000,348000,350500,347600,353600,351700,352700,351200,351200,349100,350500,357100,349100,349600,354000,351200,349500,351500,353100,363900,350700,348700,347400,350600,349200,352500,349600,348100,350900,346900,347400,350700,349400,355600,351500,348100,347800,1791400,378400,375700,375900,378200,376000,376200,378400,376800,378600,376100,376800,404000,380400,350300,350300,349600,348400,360500,533200,375100,378700,375700,378700,375500,358700,351700,348700,353900,349500,348100,348000,350900,347800,347400,350800,347800,348400,350800,355100,351200,349500,351800,358500,348300,348500,351700,347900,349000,352500,349000,349400,352200,348800,349600,351700,350900,353700,348900,348600,357000,357000
#W oneshot crc_64_ecma 16 16384 500
402400,378700,388400,379900,381200,386000,382400,370500,362400,360600,364000,360500,360400,363800,359900,361600,363400,358900,361800,3879300,364800,376200,356400,368700,360000,363600,361500,364400,365800,360200,360900,1259700,358100,361800,360200,371200,365400,367400,362900,364500,387200,384700,367700,366300,365800,366100,363200,362300,366900,363400,366400,367800,367100,399300,360000,437200,387300,381000,508600,489300,361400,367700,375100,512500,379200,381000,369900,363900,361400,363700,363600,367000,361700,362800,369400,364300,363900,364200,426000,388500,405900,420100,403800,383100,380200,380800,481100,380400,366300,360700,361700,362400,397400,360100,373900,409000,371100,393200,381500,388200,361500,363300,360900,361500,731500,403300,382700,381000,455100,358900,359100,364800,436900,376500,356800,362200,363100,394300,371700,366200,364600,365600,363800,363700,363900,370900,364100,367000,367800,498500,386000,356400,359700,362100,364200,464800,357200,360400,362600,378000,386100,382600,380100,382200,379700,379900,381500,380000,380000,537400,355600,366900,356700,361700,360100,361300,358400,359400,360400,362700,361400,359500,359300,361700,360200,362700,363600,365200,364800,364800,364500,372100,359600,360900,361700,361600,362000,367100,361400,360900,359600,359400,363800,360400,358800,361400,359900,360300,360800,359500,359700,360000,361100,361800,362000,361800,364100,362200,362300,362300,360900,359400,361900,364200,366600,362000,362600,363100,361300,362100,361500,362600,360000,503500,362000,359700,363700,365600,366800,368800,359000,363200,360000,360800,360600,360700,361100,364200,362100,366600,363200,360900,364700,359200,361800,362900,360800,359900,360800,361200,359600,360300,363000,365900,361800,362200,366300,361500,361900,362700,363600,365200,361700,361600,364100,361000,361600,360900,362400,360400,382700,380200,382300,377500,363200,396200,436100,379700,379800,363700,362100,406900,380800,380000,395500,373000,360000,362600,362100,363200,358300,359400,364000,358500,359000,372700,360300,360200,365400,362100,368000,359700,358400,364700,361100,361700,363400,361700,362000,361100,363300,368400,363200,361300,362900,361900,361000,391100,381100,382900,371600,365200,362800,370700,363100,359700,360900,360800,360700,360400,358000,357500,359400,361300,359200,362000,357700,358100,362000,361200,360100,359800,360300,360000,362600,362300,361500,360500,362700,358900,356900,366400,360500,360500,358500,361400,357500,359400,359100,361900,356800,358800,364200,360800,370700,364400,367300,365300,366100,363600,362700,459400,381600,427400,383600,380800,361400,436600,399100,407400,356700,362000,361200,381600,360900,360700,361200,358800,361100,362400,356700,362000,362200,361900,359000,410900,383600,400000,359300,359400,360700,361400,395800,385900,377600,366300,359500,362600,364700,362100,361500,364900,364800,366400,369400,368500,369100,369000,392700,358700,365200,357400,359500,362300,361700,361500,361800,367900,365800,362400,361500,378000,362300,363100,365000,363400,363000,361400,363700,368000,364500,366800,367400,364700,369200,364300,362000,362600,361600,363700,367000,366600,361400,363600,364600,363400,361500,362900,360900,365300,363100,365400,363700,363200,363900,369200,362300,393900,383300,367100,360900,361300,360900,362800,362700,368200,367200,364300,364600,364700,368500,366600,362200,361300,365100,358800,361700,361400,362100,363000,360900,362600,365800,361500,362300,364400,363300,363000,366000,367600,718800,405000,384700,387700,380400,1455800,389500,380700,396500,529900
#W oneshot crc_64_we 16 16384 500
368500,369600,368500,371300,369000,369100,372500,369600,370900,371100,369400,373200,369700,372700,373400,371500,374100,370800,371300,375200,370300,369600,371600,369300,370000,370600,370800,371200,435200,368700,371900,368300,375000,371900,373600,373400,375600,373100,372700,409900,384800,387200,402800,385800,396100,390500,381100,375400,2091800,384500,389600,375800,377200,372900,374800,376000,374500,372400,388800,395000,367700,368100,368500,371300,369700,371200,373300,400800,385200,403600,386200,375400,376700,365800,1853000,366900,372100,993400,385200,392100,401400,416500,392800,384800,385600,433600,367600,368100,380200,364500,371700,369500,370300,371800,370200,370100,370900,371200,374300,371300,370300,445000,404600,436500,368700,387900,456400,385100,392800,371500,370200,399600,365100,368700,461400,386000,413400,385100,385900,383700,410500,374100,370500,371500,375300,371300,391300,387900,386000,388100,374300,371900,373400,371200,368900,382600,370800,376300,439700,365500,370200,372300,373500,388300,385200,388300,374500,369900,369800,368800,372900,370200,372300,373700,373700,374800,375200,372400,371400,378800,391800,364800,371400,371800,374100,372800,371200,374200,370100,371600,374300,370700,369500,369300,370000,374000,370800,368900,373000,370500,372100,371200,371300,370500,374200,370300,374400,374900,370000,377300,368600,369700,369900,370700,404400,387300,374700,372200,373400,402500,368100,373000,549300,399100,419600,365300,370300,376000,373900,373900,523900,677000,943200,552100,733300,420000,509100,503700,385500,1002700,405300,385300,385600,388600,386400,388600,375500,370400,371400,372400,370900,372500,374300,375100,1097800,368900,369900,375300,372000,377300,373700,377000,394900,402600,425800,617200,391300,385500,385800,458600,385900,391400,385700,377300,401700,738600,530500,401700,388900,383100,465800,595900,512500,365100,406500,384500,384700,386800,384900,384900,388500,386900,667600,385500,390900,385500,386800,394400,373400,432000,401800,530900,384900,404400,391900,386500,400000,453700,385200,389400,386200,388700,385700,385800,388000,385800,385900,427800,384800,389600,385800,385900,388000,381300,372400,372400,370400,390800,371700,372000,372600,371100,372300,373800,371400,429700,459900,413100,580600,386000,626400,369300,372300,419900,369000,719600,369500,371600,372400,376800,377000,374100,371600,372100,371100,376500,374700,374400,373500,374200,371900,374700,371000,371800,370200,372100,372800,374600,374500,389800,375300,373600,376500,374900,372300,383500,370800,371100,373000,371000,372500,370200,372900,373800,380300,374800,372700,1377700,437100,480700,455900,391400,393700,468600,407500,369700,368500,368700,368800,370700,370200,370500,373400,370400,370200,373500,9469800,391100,385400,382500,369100,369900,372100,372400,372400,371300,371700,375900,373600,374700,23549200,385400,387000,383700,372000,370300,371100,373600,371100,374200,372000,371700,370400,371500,370900,371400,372400,426000,387200,381500,369800,371500,377400,373600,372200,372400,371600,371900,372200,370100,370900,371100,370800,373000,370600,370100,370900,371800,370400,370600,370700,407300,429900,384800,471900,556200,543800,406200,385200,385600,386000,382400,369300,371300,370400,371200,371600,372700,374100,373200,46808300,367100,369100,369400,369500,371800,376400,374000,372300,375400,373900,372400,457800,385700,378400,376100,372700,372700,372200,371500,369800,372300,393800,370000,370000,370100,371800,373100,371100,375600,374600,373800,374000,440900,385300,386400,380300,375600,372800,7854300
#W oneshot crc_ccitt_1d0f 16 4096 500
106300,106100,106100,165000,113000,106100,106200,106200,106200,106200,106100,106200,106100,106100,110200,106100,106100,106200,106200,106100,106300,106200,106100,109800,106300,106300,106200,106300,106200,106200,106200,106300,110300,106400,106200,106300,106200,106200,106400,106300,106200,106300,121600,106300,106200,778600,106100,106200,106100,106100,106100,106200,106300,106100,110000,105200,105100,104800,104800,104800,104400,104700,104900,107000,104900,104900,104700,104800,104900,104800,104600,105000,104900,106700,104900,104800,104700,104600,104800,104900,104500,104800,106900,105200,104600,104800,105100,104500,105000,104800,104500,104600,2088800,106200,106100,106400,106300,106400,115100,149700,106200,172800,106400,106100,106200,106200,106300,106400,106300,109400,104900,104900,104600,105100,104800,104700,104800,104800,104900,107000,105100,104800,105200,105000,105100,104800,105500,105300,108000,104800,105000,104900,104800,105100,104900,104800,105000,104800,107700,104600,104700,104600,104900,104900,104900,105000,104800,107400,104500,104700,105000,104900,105000,104800,104600,104800,105100,107100,105000,104700,104700,104900,105000,104500,104700,104600,107000,104800,104900,104700,104600,104800,104900,104800,105100,107400,105300,120600,180900,106400,106100,106200,106200,105600,104900,104600,104600,106700,104600,104500,104600,104800,104900,104600,105000,104900,104600,106700,104800,104700,104900,104900,104400,104600,104500,104800,106800,104600,104800,104800,104900,104900,104900,104500,104400,104500,106500,104400,104900,104900,104700,105000,104900,104800,104600,106700,104900,104900,105000,104800,104900,104700,104800,104800,104900,107100,105700,105600,105400,105300,105600,105200,105700,105800,137100,107000,106800,106800,106500,107000,107600,106500,107400,111600,107200,106700,107500,107500,107800,107400,119800,105100,107900,105100,105300,105200,105300,105100,104800,104700,104900,108500,105100,105000,105300,105300,105100,105500,105000,104800,104900,107100,105300,104900,104500,104600,104600,104800,104600,104500,107500,104600,104400,104600,104900,104800,104400,104500,104900,104800,113200,104600,105000,105000,104700,105000,104900,104700,104700,106800,104500,104900,104500,104900,104800,104800,104800,104700,105000,106300,104500,104700,104900,104700,104700,104500,104700,104600,106300,104900,105000,104900,105200,104900,104900,104900,104500,104900,106900,104700,104900,104900,104500,104900,104800,105100,104900,106900,104800,105000,105000,104900,104900,105000,104700,104600,104800,107200,104400,104700,104900,104800,104900,105200,104700,104900,107200,105000,104900,104800,105100,104800,104700,104800,105000,107200,104400,104700,104700,104900,104900,104900,104500,104500,105100,106400,105000,104900,104800,104900,104700,104500,104800,105100,106900,107700,106300,105900,105600,105200,105200,105600,105300,105100,128200,140000,106200,106300,106200,106200,106300,106200,106300,106400,109200,106500,105800,105500,143500,144300,155100,104800,176500,416400,139800,151200,382200,114500,118800,106300,106200,113200,106200,106200,115200,106300,106400,106200,110300,106600,106500,106300,106500,105600,104900,105100,104400,105000,107900,105000,104900,105100,105100,104600,104700,105100,106100,109000,107300,106400,105200,105800,104900,105200,105000,104800,108000,104800,104800,104900,105100,104400,104900,105000,104900,104600,107000,105000,104600,104700,209100,106400,106200,106300,109900,106100,106200,106300,107200,106200,106200,106200,106200,106200,108200,106100,106100,106000,106100,106200
#W oneshot crc_ccitt_ffff 16 8192 500
212900,214900,212700,212800,212800,214600,212600,212600,212500,212600,214900,212700,212700,212700,212700,214800,212700,212900,212800,215000,213200,210500,210400,210400,214800,211100,210300,211300,211600,238500,203400,203400,204500,203500,234100,203900,203100,202900,233500,203500,203400,202800,203500,233000,203000,202800,203400,203800,232800,203800,203600,202800,202900,232700,203200,203500,203600,233300,202800,203700,203700,203300,311000,280600,203700,203300,203400,202800,234200,203400,203500,203500,218000,219100,203300,203100,202900,232600,203100,203400,202800,203500,232900,203300,203000,203700,203600,232900,202900,203500,203300,202800,232600,203300,203400,203200,220700,231900,212800,213000,213400,217700,213200,210100,210400,213300,210400,211800,212900,220100,223300,203700,203400,203300,202900,232900,202900,203000,203200,203800,233800,203500,204000,203400,219900,216200,203500,203700,203500,232500,202700,203600,203700,203800,233800,203500,203800,203300,203200,232700,232100,202800,203400,222100,217400,203600,203100,203700,205600,203100,203500,202900,202700,205800,203300,203300,203100,203700,205800,203800,202800,204000,203300,205300,203300,203200,202900,203600,205400,203800,202900,203600,203400,284600,209300,209900,210200,214700,210700,209600,210100,210000,215000,211800,213100,212600,219100,205300,205100,203900,204400,204600,205100,205700,208400,203400,203200,203300,203100,205500,203800,203300,203400,203600,205500,203600,202900,203700,205500,203500,202700,202800,203500,205100,203400,203400,203700,203200,205100,203300,204000,203800,203000,205800,203200,203600,203500,203800,205800,203400,203500,203000,203100,205400,203100,202900,203400,203500,205300,203200,204100,203700,203000,205800,203900,203000,203300,203700,239100,233000,208000,204600,207200,203700,202700,203300,231800,204900,203700,203700,203400,203600,265100,204800,205200,204700,205200,205300,204100,204800,204200,204300,205900,210000,203600,203400,203800,203700,205900,203300,203400,203600,203000,205900,203400,203500,203400,203600,205700,203700,202900,203500,203100,205700,203100,203000,203200,203700,205100,203800,203600,204500,203300,206200,203600,203400,203800,203600,205600,203500,202800,203600,206500,203300,203500,203500,203400,210600,203500,203400,203500,202900,221900,284700,209600,217100,206700,203400,203100,203000,203200,205700,203300,203800,203400,203500,205300,203400,203000,203400,203100,262400,204000,204500,204900,204300,204700,204800,204200,204800,204000,204700,205500,208500,203500,203100,203400,203200,205600,203900,203400,203500,203800,205700,202900,203100,203700,203100,205800,202800,202700,203400,204700,203400,203400,202900,203100,205800,203500,203000,203300,204300,206500,203800,203500,203100,203300,205500,203700,203800,203600,203700,205800,203800,203700,203000,203400,234100,203400,203700,203000,203500,205800,203000,203100,203700,202900,204900,203800,203800,203100,204900,202800,203600,203500,203800,205300,202800,202800,203500,203600,263900,205200,206000,204800,204500,205300,204400,204300,203900,204100,205700,205900,208000,203500,203500,203000,203600,205200,203100,203500,203700,205100,203800,203200,203400,203200,205400,202900,203700,203500,203700,204800,203200,203800,203600,202900,205000,203600,203200,203100,203300,212000,204100,203300,203600,203400,206000,203400,203600,203800,203000,263500,203700,203700,203700,205700,203400,203300,203800,203200,205400,202700,203100,203300,203000,256200,215900,203600,203500,203500,205600,203900,203200,202800,203400,205600,203400,203400,203300
#W oneshot crc_xmodem 16 8192 500
203100,203600,203400,203600,203600,203200,204100,207100,202300,202200,202600,203300,204200,202500,202600,202600,201700,204000,201900,203300,202800,203000,205100,203200,202800,203000,202800,204700,202700,202100,201800,202100,204300,202600,203000,203000,202800,205000,204300,202400,202900,220800,217400,202700,202500,202400,206300,203100,201700,202400,203000,204700,202300,202600,202600,202400,204600,203000,202800,203500,203300,204900,202000,202300,202700,202300,204500,202800,202700,202200,202400,204500,202300,202600,203300,202400,263400,205000,204000,203700,204100,204500,204100,203700,203800,204100,204800,207800,202300,202500,203100,202600,204700,202500,203200,202800,202700,205200,202500,203200,202100,202700,209600,202800,203300,202900,202800,204600,202400,202700,202900,202700,204500,202200,202700,202800,202400,341100,213900,290200,216200,202700,202800,203200,202500,204300,202800,201900,202300,201700,204500,202100,202800,202700,202800,204500,201800,202400,202500,202500,204200,202200,202600,201900,202100,204800,202400,202800,202100,202700,204700,202700,202500,203400,204400,201900,202200,202300,202400,220000,218800,205100,205400,204900,205700,204800,204500,204700,204200,204400,205400,208300,202400,202900,203000,202400,204700,202900,203000,203300,202800,204600,202700,203300,202400,201600,204900,202700,202200,202400,202900,234600,203300,249500,212300,224000,204600,202700,203300,234500,261700,203400,204500,229800,235200,203800,301000,242700,206200,203400,203600,218300,242300,205700,204500,233500,204800,204300,206800,202900,202600,202800,202900,205100,202700,202700,202900,205500,203000,202900,202900,202900,205200,230700,202600,202700,202900,263100,204200,205200,204000,204700,205200,204100,204000,204400,204100,203800,204500,222600,202700,202700,203000,202800,205300,202300,202400,202100,202800,204800,202300,202800,202900,202300,235300,231000,202300,203000,205600,202300,202200,202100,202300,205300,202900,202900,203200,202900,204800,202200,202000,202800,202200,204500,203400,202600,202600,203500,205300,203100,202600,203500,202600,204500,202500,202900,202400,202100,205200,202300,203000,202300,202500,204700,202900,202800,202300,204600,202800,203000,202700,203700,204700,202700,202300,202800,202600,247100,218400,203900,203900,204100,204000,204700,204000,203600,203200,204800,205300,207900,203500,201900,203100,202800,204500,204000,202800,202300,203800,234600,233200,203700,203700,206900,203000,230000,202800,202300,206100,202400,203500,202700,202100,204100,202900,202600,203400,202700,205400,203000,203200,202100,202700,204600,202800,202200,203100,202200,205100,202200,202300,202800,202400,204300,202400,202100,202200,204000,203200,202600,203000,202700,204500,202400,202300,202200,202400,205300,202300,202200,203000,203300,216800,202100,203200,203100,202000,265100,204600,204200,204600,203600,203700,204100,203800,203800,205100,203600,205300,208000,202500,202200,203100,202800,250800,280800,221100,215000,220100,202800,202500,202100,219600,215000,202900,202300,311300,238300,202500,202800,202200,219600,215200,202200,202900,202500,205400,202100,202600,202200,202500,204100,202200,202800,202300,202600,204500,202200,203400,202600,202600,204500,202300,202500,202400,203000,204100,202800,202900,201800,202800,204400,202200,203100,202800,202200,205300,202800,202800,202500,203200,204400,202300,203200,203500,202600,262600,204000,204000,204900,205400,205100,204300,204400,204000,203300,204600,224400,213100,202400,202900,202900,204700,202400,202700,201900,202800,205100,202600,201900
#W oneshot crc_kermit 16 16384 500
372400,374300,372400,372600,374600,372400,375000,373500,373500,375100,373300,373500,374500,372700,388000,373300,372800,374800,373300,372400,375100,372500,375100,373100,372900,374700,372400,372300,406600,375700,376700,375000,375800,376400,408100,373600,376200,373500,373400,375500,373200,372800,375300,373400,372400,374800,373000,374900,373100,373400,375300,373700,372600,374700,372300,375000,373700,373400,375200,373100,372700,375300,373700,374900,373200,373100,375100,372400,373300,374800,373200,433100,376300,375300,376900,376200,375600,427400,373000,373000,376300,373400,373800,374900,373200,374600,373200,373300,374400,373400,373500,375300,373400,386900,373500,373300,374800,373200,373100,375100,373400,375500,373300,373200,375500,372600,373000,374900,373100,374200,373100,373000,374200,402700,373300,434100,375500,375500,375100,374600,377200,466100,373500,375800,373300,372900,374900,373900,373600,375500,373100,374700,372400,373400,375400,373000,373300,374800,373400,375000,373900,373600,375300,373300,373200,403300,373400,375100,372700,372600,374800,372500,372900,375100,373300,374700,372500,372800,434900,377000,375600,375600,375100,376000,410000,373600,374300,376200,373400,375100,373200,373100,379900,373100,373000,374800,373300,375100,373200,373600,375100,374000,373200,375100,372900,375500,373400,373400,375700,373200,373200,374800,373500,375700,372600,373100,374900,372800,373300,374900,373200,433600,377300,375600,377200,404000,389600,388400,410700,373200,372500,375100,373000,375000,372700,373200,374800,373200,373800,375600,372800,376000,373000,372400,375200,373500,373400,375500,373200,375700,373400,373400,375300,373500,372800,375100,372400,374400,372900,402700,375300,373200,373200,375400,373300,434300,378100,375700,396500,390100,393800,376900,435400,373200,380600,373100,373200,376900,373100,376600,372300,372400,376700,373100,373100,376900,373200,376200,373100,373200,376800,373000,373300,377800,372500,376500,373200,373100,376900,373100,373200,376800,373200,377000,373200,373200,376600,373100,373200,376600,372700,419500,486900,396200,396500,399500,398000,397700,390600,490100,574000,383800,386900,387800,389400,372300,374500,373100,373100,374800,373300,373100,446900,432900,394000,373800,375700,373000,373300,375100,373300,373000,375700,373400,375200,373100,373400,375000,373000,373500,381600,373400,403300,375600,375600,406500,375600,420800,389800,373200,377300,373300,373400,375100,372800,375300,373300,373100,374600,373200,373000,375000,373400,375200,373200,373800,532200,373200,373200,379500,372400,372300,376900,372400,376400,373100,373100,376700,373200,373100,376900,373300,376500,372300,373200,406200,373200,372700,404800,386900,391100,386300,385100,392400,385200,378900,373300,374200,377400,373400,373400,376600,373000,376700,373200,373000,377400,373100,373200,437000,416800,428700,372500,390300,386400,373000,389100,373200,373300,375200,372500,374400,373100,373100,375000,373200,373100,374900,372900,390300,385700,373100,375400,373100,373100,432900,375300,376200,377100,375600,376600,378700,372900,373200,375100,373300,375400,372400,372400,435900,373700,375700,373600,373900,375000,372800,401500,405100,373000,375800,373000,372700,374900,374200,373400,375600,373100,375600,373200,373000,375300,372800,372600,375100,373600,374800,373800,373600,436200,376100,375500,375900,374900,375000,381200,373000,373300,374600,372600,402200,425100,373400,404400,373000,403000,372800,373300,414700,372700,373400,403400,373000,402500,373600,373400,403600,373300,403200,373100,373800
#W oneshot crc_dnp 16 16384 500
405300,376200,406200,376200,376200,399800,388300,389300,389400,389200,391400,400700,375500,394400,401800,387800,408000,376400,379600,376600,376800,379500,376200,376100,378100,376100,378400,375900,376700,378500,376200,375300,378100,375700,378100,375900,376400,378100,376300,375900,378800,376300,378300,375800,376400,378000,376300,376200,436500,379300,379100,379100,378500,381200,463700,376100,378900,376100,376100,391300,375800,378100,375400,376100,378300,376100,376200,378400,407100,378400,376100,376400,377900,376800,376300,378600,376400,378500,375500,376500,378100,376200,378300,376200,376300,378300,376300,376200,377700,376200,377900,375900,376900,409600,380800,378200,380000,378200,379100,437900,423400,407100,376100,376400,406300,376000,389600,391300,376200,406100,375300,375200,405300,376100,405300,376200,376200,405100,375400,406100,377000,376400,405800,375700,376100,405500,376100,406100,376300,376300,406000,376200,406000,376000,376100,403200,391000,390200,391400,390100,391200,455400,402900,379900,376400,376700,378600,375600,377900,375600,375400,378200,376200,376300,378200,376100,378200,375400,375600,377700,376500,376200,378100,376400,378400,376200,376000,378300,376100,376300,378900,376500,378800,376200,376200,378100,376300,376400,437000,379100,380100,377900,378000,380000,411200,377200,377700,376300,376400,378200,376100,376400,378100,376200,378200,376200,376200,378100,434900,378200,376100,376700,378200,376800,376500,377900,376000,378400,375900,377000,378300,376500,376400,377700,375400,390700,376400,376100,377900,376300,376400,438900,378600,379500,378800,377900,398700,391200,377000,378300,376400,376500,378200,375700,377800,376400,376500,378600,376500,375800,378200,376100,378500,375800,375800,378300,376300,375700,378500,376300,378100,376300,376400,378200,376000,407600,375900,376400,378100,376300,376000,378500,376400,393200,422000,379400,380100,378000,378400,403000,422500,379500,408900,381400,454200,392600,376800,379700,376600,378600,376100,377300,379900,377300,376700,378300,376300,380700,422800,394000,396000,392200,414100,419700,442800,389600,389900,391900,396900,393800,391400,389700,392700,389400,389200,392500,390000,552400,400600,483900,400200,401200,401700,431200,400200,405500,1088000,401200,404600,401600,407800,396400,389500,388600,391600,389500,393200,388600,387900,391800,389100,392000,389700,389400,392200,389000,441000,401700,402400,394200,389300,392200,389400,388800,392000,388800,390900,389100,390100,429600,426100,400900,391000,388400,390500,396700,390500,394900,389600,389000,391600,389300,389900,390900,389700,431800,390300,389500,399900,386700,411400,401400,410900,401400,401800,404800,401800,391700,388500,417400,401100,387700,925600,453300,522200,394000,390800,590400,403900,826800,1292500,672600,625800,719800,1019700,849800,390800,470800,700700,597200,550600,833300,418400,403500,398600,387500,414700,394100,390700,394000,865400,401700,404000,432500,468200,446900,404200,398400,450600,389700,389600,399700,422100,389400,393000,394200,393900,396200,1081900,407200,401000,395400,416200,392200,390100,389200,392300,388700,420000,389600,390500,392100,390200,390400,428900,402400,394200,578700,390300,387700,437600,429600,401700,406400,392700,392700,389500,389800,392900,389200,391900,388300,387600,394700,392300,419900,392000,389300,388300,427500,391700,389900,394700,389700,393100,389000,390300,391700,388800,388800,392400,389000,392400,390900,395300,393200,392000,395200,389200,388500,392600,388400,391800,388900,389300,391400,389200,398100,389500,399000
#W oneshot crc_sick 16 16384 500
251800,269400,254500,257900,254200,254500,230700,514100,689500,304100,372300,362000,244300,232800,226300,403100,442900,334100,500900,601900,313500,222700,226200,222900,228500,222600,397500,488000,405400,370000,489600,494200,513900,334600,340800,531500,337400,530300,672800,584100,438300,367200,274400,721000,222000,386400,325800,261300,385700,432000,386200,444600,712500,256200,222000,578000,391200,231900,399200,361300,465300,356700,419300,369100,365200,397100,364900,393700,448300,399600,424200,387900,345100,387300,610300,369100,363000,371100,363000,362500,297600,247300,334900,370100,377400,374600,379700,379300,377600,374900,371500,370800,375100,377000,376100,370300,371900,382500,304400,229000,229300,231800,234300,229300,228800,224600,295300,375800,266800,225800,221600,221700,221600,221700,224300,221600,221600,221500,224000,221700,221700,221600,221600,224000,221500,221600,221900,223600,221600,221600,221900,221700,223700,221600,221600,221600,224000,221600,221900,221600,222200,223900,221700,221800,221700,223700,221600,221900,221900,221800,224000,221700,221800,222200,224000,222000,222100,222500,221700,223600,221700,221800,221700,223800,221700,221800,221700,222200,224500,221600,221800,221500,226100,225400,224000,224400,224600,225200,223100,224100,222500,223300,229700,386600,347400,376500,354700,358300,366300,362800,366400,360000,360100,359600,363200,366000,359300,358100,354300,361100,356200,355100,358700,352900,355600,358500,355900,358900,356000,351900,360500,356600,356900,358600,360700,353400,360700,351800,297600,251700,253800,232700,233900,233300,227000,227400,227500,245200,221700,221900,221800,222300,222200,222700,222600,222500,222700,223200,230000,226700,224700,222000,226000,222000,222400,221900,224600,222000,222000,221700,222000,223600,221800,221700,222100,224000,221700,221700,222000,221800,224000,221700,222100,221700,223800,221700,221800,221900,222200,224200,222100,221600,221900,224500,221600,221800,221800,222300,224500,222400,222200,221800,224400,221700,221600,221800,221700,224500,221700,221600,222000,224300,221900,221900,221700,221700,223600,221700,221700,222000,239100,221700,221900,221700,221800,227300,223700,223100,224000,223800,223400,223800,224200,224600,225100,266000,221800,221900,221600,225100,221700,221700,222100,223500,221700,222100,221700,221800,224200,221600,221700,221700,223700,221600,222100,221900,222200,223900,221700,222000,221600,223700,221800,221700,221600,221900,224600,222400,221700,222100,224300,222000,257500,215600,215200,217300,215300,215900,215500,218400,215400,215200,215200,215100,217500,215200,215100,215300,215300,218300,215100,215100,215600,217200,215300,215100,215800,215700,217200,215200,215400,215100,232400,232400,216600,217000,217000,218100,216200,216900,216300,218600,237200,335000,238400,238400,250400,246300,246200,238100,242300,247500,238700,238700,242700,238100,238200,238200,242000,246000,246000,246200,246200,249800,246100,246000,246100,250500,246400,246300,246500,250500,246300,246300,246200,279400,254100,254400,261800,228900,229600,231300,228900,236600,233100,215300,215300,220500,215100,215300,215400,215500,219100,215200,215400,215600,220000,215200,215500,215300,215200,218500,215300,215100,215400,215200,260800,215400,215700,230000,349300,222500,221900,238900,261700,227500,228900,229100,237900,240000,232700,234900,344900,375000,283000,250500,362500,406000,350600,247900,246200,312800,242400,225600,227600,225700,228300,229200,225400,227400,222600,225900,222500,222200,222400,222400,248500,246700,246700,246700
#W oneshot checksum_NMEA 16 2048 500
234600,234500,234300,238400,234400,234700,234400,238600,234300,234100,317000,298200,253500,247700,264600,240100,234400,234300,234600,260300,242600,242700,243900,250100,243900,243200,242000,250000,255600,235000,234500,240200,234700,234600,235000,265500,247600,234500,234600,254400,249100,234700,234900,234900,239300,234900,234500,234500,247900,234700,234500,234500,239100,234300,235000,234500,239000,234900,235000,234400,238500,234700,234400,234600,234900,238400,234400,234900,234700,238800,234500,234300,234700,237900,234600,234800,234400,257800,247300,374300,257900,234000,234300,234200,236500,234300,234200,234400,236200,234500,234300,234300,252300,241900,242000,242500,246900,243100,242700,242400,246400,244600,247600,234800,234700,237400,235300,235000,234500,236800,234600,234200,234700,236700,234600,234400,234800,237600,234300,234500,234600,236800,234400,234900,234900,234600,237700,234600,235300,234900,236900,234400,235100,235000,236700,234800,234700,235000,236800,234300,234700,234800,234400,237000,234400,234400,234700,266300,252700,248300,234400,237000,234700,234500,234900,265400,234300,234400,234300,236500,234600,234900,234700,234100,268600,237000,236700,238000,238900,236700,236700,236900,237700,255500,235000,234900,234500,236300,234600,234500,234600,236000,234200,234300,234500,236200,234400,234500,234300,234700,237000,234900,234400,234400,236400,234600,234700,234200,236400,234800,235000,234500,237000,234900,235100,235000,235200,236900,234100,234500,234900,267100,234700,234800,234400,236600,234800,234700,252400,250600,234600,234700,234600,236400,234600,234400,234500,234600,236700,234700,234600,234800,236700,235000,234100,234400,267400,237800,238000,236900,252000,246900,244400,245100,244200,250800,241500,241800,242400,242200,245600,244700,243000,254700,237100,234700,234600,234800,237300,234000,234400,234700,237100,235200,234600,234400,236800,234500,234300,234700,234700,236300,234600,234500,234500,290500,363100,322800,247200,253300,234700,234300,237900,234400,234900,234400,236700,265900,234300,234800,236800,234600,234800,235500,235300,237000,234300,233900,234500,243300,234500,234400,234500,236500,234800,234400,234400,267400,237300,236600,238000,236900,237400,237100,235900,237100,238300,240500,234300,234800,234700,236500,234900,234700,234300,237400,234400,234800,234700,234400,236300,234500,234400,234400,236500,234600,235200,234400,266300,234600,234700,234900,236600,234500,235100,234900,237400,234200,234900,234700,234600,236500,234700,234500,234500,238200,234500,266400,234600,236800,234400,234400,234900,236800,234200,234100,234800,236200,234700,234400,234500,234300,236800,234400,234600,234700,237300,234700,234400,234600,267900,237500,236800,235800,237500,236600,236700,236000,237700,241800,234400,234400,234500,234400,237200,234100,235100,235400,236800,234700,234300,234600,264500,234300,234200,234400,236300,234400,234600,234200,236600,234500,234600,234600,234700,236500,234700,234800,234700,237300,234400,234300,234800,236800,234900,234400,234600,272000,234300,234500,234200,236900,234500,234300,234700,234400,236400,234900,234800,234400,237200,235000,234700,234400,283500,249800,236900,234700,297700,315500,248800,234500,234400,235700,265400,234800,235100,327000,289600,304700,295000,242000,302500,276200,304900,234300,234600,240800,234300,234300,234500,238300,234300,234500,234300,238700,234200,234600,234400,237800,234700,234500,234700,234500,238300,234500,234200,234600,238200,234100,234800,234600,238400,234300,249700,322600,260200,255100,264800,234400
#W oneshot crc_8 64 4096 500
346800,342500,343000,347300,342500,347700,347700,341600,343200,575600,362700,364200,357100,354800,359300,360000,360500,349400,344700,348500,345900,348800,342900,345000,343300,345800,343500,345000,363900,342500,342300,345700,344600,344200,345600,344400,345200,373100,466800,344300,346400,373400,343200,343000,376600,345500,342500,373100,342600,373800,342800,344100,385000,345100,342500,379100,343300,343700,373900,344000,344600,375900,344400,346900,343500,343500,346100,344600,346300,346700,345300,342500,345900,343200,343400,346900,345800,343300,345000,343300,347500,346600,343700,345200,345800,373900,343900,373300,348700,346500,343000,344100,344800,347400,344000,345800,343400,344500,368300,367200,359800,374200,343600,361400,357500,360400,345200,347500,345500,349500,351000,348600,344000,361000,343200,343000,345400,343400,343000,344700,347100,342900,345200,342500,346200,345800,343400,346100,343200,344500,345700,346200,345300,345100,345600,343500,344900,345100,343700,345800,344300,348800,383800,346700,342800,345400,342800,345000,342800,348500,403900,348400,346900,346600,348200,346000,347900,349600,343600,343900,345100,343700,344500,345200,343500,345900,346300,343600,345100,343300,344300,344700,348900,343400,346200,343400,345200,346400,343300,345900,347500,345100,346200,346100,343000,343000,442700,387100,376100,342800,343400,373600,342800,343500,345400,343200,345600,408300,344200,432100,344800,343100,375200,344200,345600,379400,348200,406900,372900,421400,467800,451000,422300,343100,435000,342900,343300,351600,342800,348800,346500,342500,349000,347300,342500,387900,429200,364100,378200,343100,342500,347500,342800,343100,347400,343500,344000,347000,343000,343000,348000,344400,343200,346700,342500,343400,374100,357000,362500,356300,356100,361400,366100,345700,412200,344400,348900,345800,343000,348900,345300,344100,348800,344600,348900,344900,348700,342700,345800,348900,342200,372600,342700,491900,344100,343000,346600,342400,349000,344700,343000,343000,350200,346600,343700,345300,343900,346000,344400,342200,345300,344300,343200,374100,347600,347100,377900,346100,346900,378600,345200,344300,346500,343600,347600,344500,342400,344500,343400,343500,345300,344200,343100,345300,343400,346500,345300,344500,343200,345700,372800,343100,374700,344300,344500,345600,345100,343700,346400,343500,346500,346900,343100,347800,342600,344300,345000,343700,343700,374500,342700,344100,344600,346900,342600,379500,348100,417000,361800,343700,362400,357400,346800,381900,349400,395800,378500,427400,536200,394800,348000,426200,344500,345200,344600,346200,448900,418100,362100,344200,343200,345200,343300,344300,345500,343000,346000,345000,345000,344900,343300,343200,346900,343200,344300,345000,344300,344400,347100,347100,343100,375800,346700,346700,376000,346600,347000,375800,345200,346000,344900,343200,364000,356900,343000,349100,343200,342900,344900,347300,344600,345700,343600,415600,454000,366100,371200,362200,362000,367100,363700,363500,366900,362200,365600,363500,363500,370600,363500,363300,366200,362500,362000,367600,363700,367400,363500,363700,366700,362900,362700,370100,358900,357400,363500,356600,363300,356600,353400,372400,353900,353600,358300,353700,354000,359100,359500,353500,402400,372400,377500,346200,345300,345000,342900,347800,346400,344000,343700,347400,347300,343300,345100,343400,343700,347100,343200,342900,345000,342900,343200,345100,342900,345100,344100,342600,372900,343400,343000,346700,343600,344100,404800,347700,348100,348900,346400,347000,351900,344300
#W oneshot crc_16 64 2048 500
297300,266700,266500,266700,269200,266500,266600,266700,268900,266700,266600,268500,266600,266500,266600,268800,266700,266400,266400,268400,266700,266700,266600,268500,266600,267200,269000,266800,266800,266600,297400,266800,266600,266700,268900,266400,266600,273300,266500,266600,266600,268700,266600,267400,266700,327200,268600,267800,267800,269200,267400,267900,269000,315500,266400,266600,266500,273800,266500,266400,270300,266600,266600,266500,300400,266600,266300,266300,270000,266600,266500,266600,269900,266700,266600,270500,266600,266400,266700,270100,266600,266700,266800,271000,266600,266600,270500,266700,266600,266700,270300,266500,266600,266600,270400,266600,266700,266600,269900,266500,266500,270700,266400,266400,266500,270300,266500,266600,266700,314800,266700,267200,267200,267000,267200,267100,268600,375300,266700,266400,269500,266600,266500,266600,268400,266400,266600,266600,268200,266600,266500,268600,266600,266500,266700,268400,266600,266500,266600,268500,266600,266600,266700,268100,266600,266500,268700,266500,266600,266800,273600,266600,266500,266500,268600,266400,266500,268400,266700,266400,266600,268400,266600,266600,266500,268500,266500,266500,266600,329800,269500,268900,268700,268500,268100,268000,269300,328900,266800,266700,269300,266800,266800,266700,268900,266400,266700,266900,269000,267400,266800,267000,268400,266900,266500,268500,266700,266500,266900,268900,266700,266700,266700,269100,266800,266600,266800,297400,266800,266700,268700,266800,266500,266600,268300,266700,266600,266800,268600,266400,266600,268600,266400,266600,266900,269000,266500,266600,266500,328300,268900,269100,268000,268400,268400,267900,269200,330300,266800,266600,266700,268900,266800,267200,269100,266700,266800,266600,268700,267100,266500,266700,269100,267100,266600,268600,266500,266700,266700,272800,266700,266700,267000,268800,266800,266800,266800,269000,266700,266700,268800,266800,266700,266700,268800,266700,266500,266700,268300,266600,266600,266700,268600,266600,266600,268300,266600,266600,266600,326300,269900,269200,268800,268300,267900,267700,269100,306100,307600,278400,282700,278400,278700,278500,280400,278300,278400,278200,280000,278700,360100,280700,278300,278500,280400,278900,278700,278800,280200,278200,278200,278200,280200,278600,278600,280400,278300,278400,278400,280200,278500,278600,280600,278300,278500,278300,280500,278600,278900,280500,278400,278100,278100,280100,278500,278900,278400,276800,274600,274600,278700,277100,278300,277900,277000,276600,276200,276300,333900,275500,328800,286000,304700,283300,266800,266500,267300,267400,267500,289700,278900,277000,275900,275900,275700,275900,275700,276100,276500,276500,276300,277400,278900,280200,277700,278200,276300,276900,276800,278000,276900,275500,276400,276600,275400,278000,276400,276500,277700,276500,409900,266200,266400,297300,266500,266400,266500,296400,266600,266800,266900,297300,266700,266500,297000,266600,267000,266800,299400,268000,283900,295100,268600,268700,268600,299400,267400,268800,269600,383400,278300,278200,278300,284400,278600,278400,283500,278100,277200,281300,286500,276900,315800,266600,266600,289700,284700,342600,326300,279300,431300,278400,278400,278900,279100,279200,294100,295500,266800,266900,296500,266600,266600,296100,266700,266600,266600,296100,267000,266800,266900,296300,266600,266600,309800,266600,266600,266700,297300,266700,266700,296500,266800,266800,266800,296700,266800,365600,313200,308000,266600,391600,266300,266300,266600,296000,266500,266500,266500,315400
#W oneshot crc_modbus 64 2048 500
285600,281600,281300,282400,286500,283300,284700,287100,288700,272700,272400,397500,277100,272100,301500,271800,271400,271900,302000,271900,271900,301900,272000,272000,272100,301500,272000,271900,288800,284900,271900,271900,301600,272000,272300,272100,301400,272000,272200,302700,497600,285300,285500,290900,285500,285500,285400,304800,280400,280300,283700,280500,280500,280400,283100,282400,282700,287500,283500,283000,292600,303800,273600,272100,290700,284800,272200,271900,301500,272200,271900,272300,318200,272500,272100,303000,272100,272000,272100,301400,272100,272300,302200,272200,272300,272200,301400,272000,272200,302100,272500,272400,272200,302200,272100,272300,302600,272100,301300,272300,302100,272100,272100,290400,293900,272100,272300,302500,272300,271800,289900,284300,272000,272200,321800,281900,281800,282700,282900,281800,281500,282600,296000,272200,272400,272700,302000,272200,272300,302800,272100,272000,272200,301800,272000,272400,302100,272000,272100,272100,302000,271900,272200,302000,272400,272200,272500,302200,272000,272200,289200,284800,272200,272400,302300,271700,272300,272600,345800,280200,280200,286500,280400,280600,284400,280300,280400,280500,283200,280000,280300,283600,280100,280500,280300,297200,280300,280100,280400,281500,281200,281200,282600,310500,272000,272200,272000,302800,272200,272100,301800,272000,272200,272000,301700,272000,271900,302300,272200,272300,272100,301700,271900,272100,302200,272100,272400,272300,301700,272700,272200,289600,288400,271400,271400,302900,272100,271900,272500,301700,272100,272300,301900,272000,272200,272500,301600,272300,272100,301900,271800,271900,272100,333500,274800,274100,273700,274100,273100,273400,274900,293000,286100,272700,274300,272200,272100,272300,274000,271900,272300,272400,274500,272100,272300,274200,272000,272200,272100,274100,272000,272400,272300,274100,272000,272200,289900,339800,285000,292200,284600,284800,285300,289000,296100,302100,277900,272000,271800,272100,275600,271800,272100,272000,275700,272100,272000,283700,272200,271900,272300,275700,271900,272100,272000,316100,271900,271800,272000,272400,272700,273100,274300,277200,272300,273400,274800,272100,272600,271500,273600,272100,272100,272300,273800,272200,272300,274000,271900,272100,272200,302800,272000,273000,272400,274300,272300,272200,274400,272100,272100,272300,274300,272600,272000,273100,287400,272000,272200,274100,272300,272700,272200,274100,272000,272200,273900,272100,271900,272100,273800,271900,272000,272100,331800,273600,272900,273100,273500,274100,273400,274800,277700,272300,272000,272100,273600,272200,272400,273700,272200,272000,272300,273900,272100,272100,274100,360600,272200,272300,274300,272200,272100,273900,272100,272300,272700,274400,272100,272400,272400,274200,272200,272300,280700,272500,272400,272300,274300,272100,272200,272300,273700,272300,272200,274100,271800,272000,272200,274000,272000,272200,272800,333800,275300,304200,274400,273400,273800,273100,275300,277400,272300,272400,272400,273700,272200,272200,274000,272100,272700,272400,303200,272300,272200,273900,272200,272300,272200,274300,272600,272300,272200,274200,272000,271700,273500,272300,272800,272300,274500,272000,272200,271500,273900,272200,273500,274300,272300,272100,272400,273800,272300,272200,272100,273600,272500,272300,274600,272100,272100,272000,332000,274200,273800,274100,274200,273500,273900,274800,277900,272100,272200,272400,275500,272200,271900,289700,286200,272200,272200,274100,272200,272400,272400,274000,272100,272100,302300,271900
#W oneshot crc_32 64 2048 500
264500,262400,262500,262800,264700,262400,262900,262400,264300,262400,262500,262400,356600,290700,292800,266800,262800,262600,262700,264900,262500,262700,262500,264700,262600,262800,279800,308900,265100,264700,264400,264300,264400,263600,265500,268600,262500,262600,262500,302000,262300,262400,262400,268200,262500,262500,266100,262400,262500,262400,265900,262500,262700,262400,266000,262400,262400,262400,266000,262900,262600,265900,262300,262300,262400,266300,262500,262400,262400,266500,262700,262500,262400,266200,262600,262300,262400,266200,262800,262500,266400,262500,262400,262500,267800,262300,262500,262400,266100,262600,262500,262400,309500,263200,262400,263100,263100,262900,263000,264000,312100,409200,282200,280600,262300,262400,262400,265100,262400,262700,279200,262700,262400,262400,265000,262700,262600,262700,264400,262400,262600,262500,264400,262500,262400,262300,264100,262400,262500,264300,262500,262400,262400,264500,262600,262900,262700,264600,262500,262400,262600,264700,262800,262500,262800,264800,262500,262600,264100,262800,262500,262500,322100,425000,262500,262500,263000,293300,276400,276400,283200,275100,490700,285000,275100,275800,284200,333700,287500,283300,280100,262500,262500,264900,262600,262600,265000,262400,262500,262300,264200,262500,262500,262400,264200,262400,262500,262500,264200,262400,262400,262500,268600,262600,262500,264400,311300,312900,351400,262500,262500,262800,265100,262600,262600,262600,264500,262500,263000,262600,264700,262400,262700,264600,324900,270400,270400,277000,270900,270600,285900,270800,281600,262700,269100,262700,262400,262700,266800,262500,262800,262400,266200,262400,262300,266400,262400,262400,262400,267300,262600,262500,262500,266000,262600,262700,262600,267800,262800,263200,262700,267100,262600,262700,267200,262400,262500,263000,416500,283600,281700,262400,293700,262500,262800,262500,293000,262500,262500,262500,264500,262400,262400,264200,262400,262400,262500,292600,263400,264200,264000,294800,263000,263700,283200,275100,277400,264100,266500,263200,263000,263100,265100,262800,262700,266000,262600,262700,262900,265000,263000,263200,263600,265500,262900,263500,263100,265700,263500,262700,262600,265700,262800,263600,266900,263100,262700,262900,282100,299000,276300,262700,293100,263000,262800,264900,262500,262500,262500,268200,262400,262800,262800,264900,262500,262500,262600,292400,262500,262500,264700,262500,263000,262700,321900,264100,264100,264600,264100,264900,264300,264300,265500,297600,262600,262700,262600,293500,262700,262800,262600,264500,262600,262500,264300,262500,262500,262500,264200,262500,262500,262800,264500,262900,262300,262600,293600,263000,262600,265500,262900,263000,263000,265100,262500,262600,262600,264500,263000,262700,262700,265000,262400,262400,262500,264600,263100,262400,264200,262500,262300,262300,264400,262700,262400,262500,325000,265900,264700,264900,264900,264600,263400,265000,268500,262800,262700,262900,264700,262500,262500,262500,264500,262500,262600,263200,264500,262600,262600,264500,262600,262500,262800,293700,262700,263000,262600,264500,262600,262400,263000,265400,262800,262400,298900,263000,262800,263200,264800,262800,262600,262500,264800,262500,262700,262400,264300,262500,262500,264600,262400,262700,263000,264600,262600,262500,262400,323500,265300,264300,264300,280700,279200,263200,263600,269700,262700,262700,262500,264600,262700,263100,262800,264400,262800,262500,262600,264200,262800,262500,262500,292700,262600,262600,265000,262600,262500,262700,264700,262700
#W oneshot crc_64_ecma 64 2048 500
272400,272000,271800,271100,272600,271100,271700,271100,272600,271000,271300,273000,271700,271200,270800,272700,271100,271100,271300,272600,271500,271300,332700,272600,272600,273200,273800,272600,273000,274100,281100,271300,271700,271300,272400,271200,271400,271600,272600,271500,271300,288600,285700,271100,271000,273300,271100,271400,271400,277300,271400,271400,273100,271400,271800,271300,273300,271300,271700,270800,272500,271200,272500,273800,271200,271500,271500,272900,271400,271400,271200,272500,272000,271100,272700,271500,271200,271100,272600,271000,270800,271300,334000,274200,273800,274100,273100,272700,273000,273600,275200,271500,271500,273200,271500,271400,271200,337200,271000,271100,277900,271200,271200,270800,274200,270800,271200,271300,274000,271300,271400,274400,271000,271100,271000,274600,271200,271300,271100,273700,271200,270900,274400,302400,271200,271000,274900,271200,271300,275200,270900,270900,271400,274700,271300,271600,271100,274300,271400,271200,275600,271100,287500,284800,318900,270500,270900,271900,272200,272000,271500,273500,295600,312100,271500,274800,272100,271700,271700,287500,271100,271000,271400,272900,271100,271400,272800,271300,271100,271100,272700,271400,271200,271100,272700,271400,271400,273200,271100,271200,271100,273200,271000,272800,271300,272600,271100,271100,272900,271000,271400,271200,273500,271200,271400,271200,272400,271200,271200,273000,271100,271000,271000,331500,274200,273100,273200,273900,273600,273500,273200,296600,285000,271500,271300,272200,271200,271500,273100,271400,271400,271300,272700,270800,271200,271100,272300,271600,271400,273000,271300,271100,271200,272900,271500,271700,271300,272900,271000,271400,271200,273500,271200,271200,331500,271800,271500,271100,272500,271200,271200,273100,271200,271500,270900,273200,271000,271400,271000,272400,271600,271300,332200,275500,272900,273300,272800,272800,272600,273400,309300,287700,302700,272100,273300,271000,270900,273000,271100,271200,271400,272700,271500,271500,271400,272600,271000,270900,273600,271300,271200,271200,272800,271200,271600,271500,273200,271600,271200,273800,271600,271100,271600,273200,271200,271500,271200,272600,271200,271400,273100,271200,271200,271500,272500,271000,271600,271400,272900,271000,270900,289100,316100,273600,273300,274400,273300,273400,272500,294900,290700,300000,271400,273400,272000,271900,271400,273000,271100,271100,273300,271400,271800,270900,272500,271300,271100,271100,272000,271400,271400,273300,271200,271700,270900,272900,270900,271100,271100,272500,271700,271200,273900,271600,270800,271600,273100,271200,271400,271200,272700,271200,271200,273500,271100,270900,271500,284100,271100,271000,271300,333100,273200,273000,273800,272900,273400,273900,275500,304700,271600,271900,273100,271200,271300,271800,272600,271000,271200,272800,270900,270900,271100,272400,270900,271000,271300,272600,271300,271300,273200,271300,271100,271800,273000,271500,271900,271400,272400,270900,271200,273000,271300,271300,271700,273700,271300,271300,271200,272300,271100,271300,273300,271300,271100,270900,272700,270800,271100,271100,272300,270800,271700,288400,289100,273900,273200,274000,272400,273200,273000,294600,271300,271400,271300,273100,271300,271500,271100,272200,272400,271800,273000,271500,271300,271100,272400,271400,271400,271200,272300,271200,271000,273700,271300,270900,271400,272600,271900,271500,271500,272800,271600,271300,277700,271200,271400,270800,272900,271100,271200,271100,272600,271600,271400,273000,271600,271400,271200,272500
#W oneshot crc_64_we 64 2048 500
267300,267900,267100,267300,267700,269200,300300,266700,266500,269800,266900,266500,266900,268700,266400,266600,266800,268400,266900,266800,268600,266500,266400,266500,268500,266700,266700,267000,268500,266500,266700,266700,268300,266800,266800,268900,266800,267500,266700,268500,266600,266600,266500,268500,266600,267000,266800,268700,266500,266400,268700,266500,266500,266800,268300,266500,266400,266400,328200,269000,268800,269200,269000,268900,269300,270200,301200,266700,266500,266400,268500,267100,266500,268500,266600,266500,266500,268300,266500,266500,266400,268200,266900,266500,268600,266600,266600,266500,268300,266700,266800,266900,273000,266600,266500,266600,269400,267100,266500,268600,266900,266600,266700,268800,266500,266400,266900,268500,266400,266700,266700,268100,266300,266500,268900,266500,266400,266800,327200,270200,267900,269400,269200,268100,267800,270100,292700,283200,267200,266700,268700,266600,266600,268500,266400,266400,267500,268900,266900,267000,266400,268600,266700,266700,266600,268400,266900,266500,268800,266700,266600,266800,269000,266800,266900,266700,269000,266600,266800,266800,268600,266800,266800,272600,266700,266500,266400,268500,266500,266500,266600,268200,266700,266800,268500,266500,266400,266400,327000,269600,268300,268700,269500,268200,267400,268300,291000,279100,312300,267100,269400,267800,267300,299900,266800,266700,266500,268500,267000,266700,266500,280000,266400,266500,268400,266300,266600,266500,268300,266500,266900,266700,268600,266600,266800,266500,268900,267000,266800,269700,266900,266600,266600,268400,266900,266500,266500,268400,267000,266500,266600,268800,266500,266400,268700,267000,266500,266600,268300,266400,266300,266500,301200,268600,268200,269200,269800,269200,269000,268700,302800,266700,283600,282800,266600,266700,266900,268300,266600,266600,266500,268200,266500,266500,266600,268400,266800,266600,269100,266500,266400,266500,268900,266700,266700,266700,268600,266800,266900,266900,268600,266900,266500,270000,266800,266700,267000,268600,266500,266400,266900,268400,266300,266600,266600,268200,266500,266500,268500,266500,266600,267200,268500,266600,266500,266500,300700,268900,268900,269200,269100,268000,268400,269700,309600,274700,282500,298500,266700,266600,266800,297200,266600,266500,284200,278900,266800,267000,296500,266500,266900,266600,296000,266600,266500,296300,266400,266600,267100,297100,266500,266700,266700,296200,266600,267000,297300,266700,267100,266500,296600,266400,266700,283800,279200,266500,267100,296400,266600,266700,266600,296300,266600,266500,296700,266400,266500,266500,291100,276800,367400,267300,267000,266900,267600,267900,318600,266400,266600,273200,266500,266500,266600,269800,266500,266500,266600,269500,266400,266400,269900,322300,266400,266400,269700,266500,266400,266500,269700,266600,267000,269700,266600,266500,266400,270300,266400,266400,266500,270200,266600,266500,266500,270000,266500,266900,270100,266700,267000,266700,269800,266400,266300,266500,280100,266500,266400,266600,270200,266800,266600,318800,266500,266900,266900,268100,267300,267400,267800,330900,362300,266300,269800,266300,266500,266500,268100,266300,266500,266300,268400,266600,266500,266400,300500,266800,266500,269700,266600,268900,272500,270000,304600,267300,269600,266400,266600,266300,268600,266600,266500,266600,268200,266900,266300,266500,268400,266400,266600,268400,266600,266700,266700,268500,266900,266500,266900,269000,266600,266600,266700,269700,266500,267000,268500,299000,268200,268200,427000,266400
#W oneshot crc_ccitt_1d0f 64 2048 500
292200,291700,350200,306900,310200,353800,361000,313800,330000,341200,291500,291500,293900,291900,379500,294100,291800,291700,291600,294200,291900,291600,307200,292000,386900,366900,304100,292000,323800,291800,292000,292000,293800,291800,292100,294200,291500,292100,293600,291800,291900,292100,293700,291500,291400,311000,302700,302500,306600,302400,301800,301700,304900,308700,292100,294500,291900,291600,309500,306600,291400,292000,294000,291800,291700,293800,292000,291600,291500,294500,291300,291500,293400,291400,292000,294100,292000,291900,291600,340300,392900,291300,291900,293500,291300,291300,291300,293700,291400,291400,293100,291200,291300,293200,292000,291900,291900,293500,292000,291400,293200,291400,291700,291400,294000,293000,293000,297300,292800,292500,309900,307600,291400,291400,294800,291900,292100,294400,292000,291700,291600,294100,292000,291300,306700,291700,292200,294000,291400,291600,291500,294000,291600,291900,294100,291900,291800,292000,322200,291600,291400,293600,291700,291500,293300,291500,292000,292000,293800,291600,292000,294600,292000,291400,291400,293300,291400,291800,293400,291800,291500,295200,294500,293600,293700,294400,294700,293800,294200,326700,291600,351500,339700,293600,294400,318600,340900,302800,307000,292600,292600,293600,292800,293100,295000,293500,293700,293500,293100,293000,293200,313000,293200,294500,293000,293600,293200,292600,293200,292900,292800,293600,292100,292600,292400,292100,292000,291800,292300,293000,292900,293000,292300,293800,293300,408800,291900,291400,292900,323800,328300,295500,398000,304100,306900,309100,366100,351300,558300,303900,360600,366800,291400,292000,295100,292000,291500,291300,294000,291900,291900,293600,292000,291300,293500,357100,306400,316400,311800,313300,354600,291500,349000,408300,385200,347800,339700,292000,291300,293800,291900,291300,291300,293900,291700,291400,293800,292000,291400,291400,339000,337900,311900,295300,291900,291500,293300,291900,291600,291400,294500,291900,292000,352800,292100,291400,291500,293600,292000,291700,293600,291700,291600,292100,293900,292000,291900,293400,292100,378100,324300,361600,292200,294400,291700,291700,292000,294100,291700,292100,294500,292000,291800,293800,292000,291500,291800,293800,291900,291500,333100,326200,312500,296300,292300,292100,292900,294900,292300,292600,294800,293000,363900,327400,292000,291300,291500,321800,291800,291300,321700,291400,291900,293500,291900,291400,291400,293400,291300,291400,293600,292000,291900,291300,337700,385900,291400,291300,297900,291900,291900,291300,295200,291900,291400,295200,291800,291500,294800,291300,291400,291900,368900,291400,292000,295300,292000,292000,336500,305100,291400,291900,321900,291300,291300,294100,291400,291400,293300,291900,291300,291500,293600,291600,291300,322000,291500,291300,291900,294000,291400,291400,293700,291500,291400,293600,291400,292000,291900,294300,321100,291500,321100,291500,291900,293800,291700,291300,291300,299400,292000,291500,293300,291800,292100,291400,360100,310700,291700,295000,292000,291600,293900,291400,291300,291400,294300,291900,291400,293800,292000,291400,293300,292100,292000,292000,293900,292100,291600,321300,291300,291300,291400,294000,291700,291400,354300,291800,291700,291600,294200,291400,291400,293400,292000,291700,293000,293400,291900,291900,293800,292000,291400,292000,293800,291500,291500,350700,291900,291600,294500,291400,291700,291400,293800,291900,291300,293900,291900,292200,293900,291700,291900,292000,294200,291500,291900,293300,291300,291900
#W oneshot crc_ccitt_ffff 64 2048 500
292000,291600,293800,292400,292000,291900,353600,291900,291400,291900,293100,291400,291300,294100,292000,292000,291400,299200,292100,291700,293900,291900,291400,309100,304700,291400,292100,293500,292000,291600,294100,291400,291400,293400,292000,292000,320700,293500,292100,291600,293200,292000,291900,292100,294000,291900,291900,293500,292000,291500,293600,292000,291600,291300,293800,291900,291400,293700,292000,291400,291400,476300,355500,345000,366100,363300,316800,378500,291800,294400,292000,291500,367600,305400,313600,323100,295100,291500,291400,293600,291800,291300,293700,291900,291900,291600,293900,292100,291600,294300,291400,291400,291700,293400,291600,291900,294500,291500,291800,294400,291600,291900,291800,294600,291900,291700,294000,291500,291300,291400,293800,291500,291400,313100,332900,292100,323900,302900,302400,307700,302400,302600,330500,332400,378700,375800,360700,478700,307000,364400,307700,291900,291400,293700,291400,292100,291400,293600,291500,291700,293600,291400,291300,292000,293100,291900,291400,293200,291400,291300,293600,291300,291700,291900,293300,291600,291500,293700,291400,291500,291500,293400,291800,291500,293700,292100,291600,291400,294100,291800,291700,294900,291500,291300,308600,307900,291400,291800,324600,291500,291400,294100,292200,418400,304200,319500,314100,291800,291800,291500,295700,292100,291400,295300,291500,291400,295200,292000,291300,291400,295400,291400,291500,295700,291600,291400,291900,324700,291800,291400,295400,292100,292000,303500,291600,292100,291600,296000,291800,292000,295200,291400,292100,291600,295900,291400,291900,295200,292000,291900,294700,291900,291300,291500,296800,291600,292100,393700,396200,300200,304500,300100,300200,302700,300800,300800,302500,300200,300100,300800,302700,300800,300900,302200,300900,300700,302100,300200,300200,300200,302200,300700,300200,302700,300700,300300,302500,300200,300500,300600,302700,300600,300700,302000,300300,300100,302200,300400,300800,300300,302500,300200,300300,302400,300400,300600,302500,300800,300200,300800,325900,291300,291400,342400,291400,291400,398800,304600,304700,305000,307800,308100,336100,304300,312600,328500,424300,338600,331100,346300,385900,292100,355000,366300,291400,294100,291400,291300,293200,292000,291300,293200,291400,291400,292000,293600,291900,291400,293400,291900,291300,291300,293800,291900,291800,293200,291900,291400,294200,291900,291500,291400,322100,291500,291600,294000,291300,488500,459500,374100,294600,292000,291400,291300,293800,292000,291500,342200,291500,291900,291500,294200,291400,291400,293100,292000,291300,293200,291400,291300,292000,293700,291400,291400,293400,291900,291400,291500,293400,291900,291300,293300,291800,292000,293800,291400,291900,291500,294000,291400,291300,293300,291600,291700,291400,293600,291400,291500,293900,291400,291400,291800,600800,292000,292000,308400,305200,291300,291400,330500,291400,292000,304400,292000,292000,295900,291400,291300,291300,296100,292000,291300,295300,291500,292000,291400,294800,291900,291700,297600,291600,291900,295600,292000,291600,291700,295500,291900,291500,295500,291300,291800,291300,295000,291700,291600,295400,291400,291400,291400,295100,291600,291500,295300,292000,291300,294700,292600,319800,291500,298500,292000,291500,344900,291500,292000,297600,291800,291400,291600,295000,292000,291600,295300,292000,291900,294900,291400,291300,291600,295200,291400,291400,295100,292100,291500,291400,294900,291900,291400,295500,291400,291400,291400,294900,291900,291400,295100,291400,291600
#W oneshot crc_xmodem 64 2048 500
291700,291600,295200,291600,291700,295300,291500,291700,291800,302200,291700,291500,332200,309900,292200,291800,321600,291700,291500,293900,291500,291500,291700,293500,291700,291700,293600,291800,292000,292000,293800,291800,291500,293800,291700,291700,291600,294600,291500,291700,293700,291900,291800,293700,291900,292300,292000,294000,292000,291700,294100,291800,291900,291800,293600,291700,291900,293500,291500,291700,294000,291700,291600,291700,341400,292500,291700,298000,291700,291700,291700,293400,291800,291600,293400,291800,291500,292000,294100,291800,291900,293800,291700,291700,293600,291800,291800,291800,293700,291700,291900,293800,291700,291600,292200,293500,291600,291900,293600,291800,291600,291600,294000,291600,291800,294100,291700,291600,305300,291500,291600,291800,293900,291800,291400,322800,291700,291600,293600,291600,291700,291600,294100,291600,291800,311400,302900,301200,301100,303000,301000,300600,302500,300600,300400,300400,302500,300600,300500,302400,300500,300500,302500,300700,300800,302500,300500,300600,300400,302400,300400,300600,302400,300500,300600,302600,300400,300400,300400,302600,300600,300600,303300,300300,300400,302400,300500,300300,300500,305200,300600,300600,303900,300500,300500,302800,300700,301200,300600,303300,300200,300600,306900,300700,300500,300700,302200,300500,300600,302500,300400,300500,302400,300700,300600,302800,300700,300500,300700,302700,300600,300700,303200,300700,300600,302600,300300,300700,300600,307200,300900,300800,303200,300400,300500,302600,300400,300500,300500,302400,300600,300500,303100,300500,300500,303400,300700,300400,300500,302300,300500,300500,302500,300400,300700,313100,291800,291700,291700,356600,291700,291700,321900,291900,291800,291600,321900,291800,291600,321400,291900,291700,321400,291700,291600,291600,321600,291600,292200,321800,291600,291900,321700,291500,291700,291700,321300,291700,291600,321700,291500,291600,311900,300600,307700,306900,307800,291800,291600,321500,291700,291700,321400,291800,291500,291700,293400,291700,292700,293600,291500,291900,349500,296200,291900,291600,293800,291600,291700,291600,293500,291700,291800,293600,291800,291700,291600,291700,291900,291800,303900,291500,291500,293700,291700,291500,291700,293700,291700,291900,293500,291800,291700,291900,341200,291800,291800,295600,291700,291600,293600,291800,291900,291900,293500,291700,292000,293800,291700,291700,294100,291700,291600,291800,336500,304500,291900,353500,291700,292000,291800,293700,291900,291800,293700,291700,291700,292400,294200,292000,291900,293700,292000,291900,291700,293500,292100,291700,293700,321100,291600,293800,291700,292200,291700,316600,330100,329900,316900,291800,291500,294000,291700,291800,293800,291700,291900,291800,293500,291700,292200,293900,292000,292000,291700,294000,291900,291500,293500,292000,291700,293900,292000,291700,291700,324800,294200,310600,349900,303300,303400,359500,365400,403500,423800,317700,339700,324000,291600,291700,368300,304900,291400,298500,291700,291800,291800,296100,291600,291900,295100,291600,291800,291900,295300,291700,291700,295400,291700,291700,291800,295700,291900,291800,295900,292000,291600,296300,291500,291800,291900,296000,291700,291700,372300,338300,313800,332900,322300,291700,296500,291700,292000,291600,333300,291500,291700,295600,291700,291700,295500,291500,291500,291600,295000,291800,291700,295400,291600,291600,291900,291700,291800,291800,296100,291700,291900,295800,292000,291700,291900,295600,291900,291800,295500,291600,291700,291700,295300,344100
#W oneshot crc_kermit 64 2048 500
269400,269600,269600,282300,269400,285400,399400,269400,269400,269400,299900,269500,269500,271200,269500,269400,269400,271400,269600,269400,269500,271200,269400,269500,269500,271100,269400,269400,271400,269400,269500,269600,271500,269600,269500,269300,271400,269500,269500,271600,269500,269400,270200,271500,269400,269600,269600,271500,269400,269600,271500,269500,269400,269400,272300,269500,269500,269900,271500,269600,269500,286300,307300,326000,280700,293800,313700,269500,301700,269300,269700,269800,307100,270100,270700,269900,272300,269800,269900,271800,269600,269500,269500,271400,269600,269700,269700,271300,269600,269400,271400,269500,269500,269800,271600,269600,269600,269500,271300,269500,269800,271500,269700,269600,269900,271900,269500,269700,269500,271500,269500,269600,286700,269600,269600,269500,301700,297500,269500,269500,301400,269500,269500,271500,269700,269400,285000,286700,269500,270000,271600,269500,269800,269500,302200,271400,269500,269400,271300,269700,269500,269700,271700,269700,269700,269600,271400,270000,269700,271700,269700,269400,269500,271400,269600,269600,269700,271800,269600,269400,272200,269600,269500,269600,271600,269800,269400,269600,272100,269500,269400,271900,269500,269500,269500,314500,338000,280900,284200,281000,281100,281100,283500,289800,269600,272100,269500,299600,269400,271400,269400,269400,269600,271200,269500,269500,286000,287800,269300,269500,269800,271700,269600,269700,272100,269500,269700,269600,272100,270000,270000,269700,271700,269600,300300,271800,269500,269400,269900,271800,269700,269700,269500,283900,269600,269400,271400,269300,269500,269500,302700,269900,269500,269500,269500,269500,270200,272200,269600,269800,269500,271400,269400,284200,333500,277700,278500,278600,280900,278200,277700,281100,278200,278500,288300,272500,269500,269700,269700,304000,269500,269800,269600,271600,270000,269600,269600,271800,269500,269700,271400,269400,269700,269600,271500,270000,269600,269500,272400,269800,269600,272200,270200,269800,269600,300700,269600,269600,269600,271800,269800,269900,271600,269700,269600,269500,271600,269500,269600,269600,271300,269500,269300,271400,269500,269700,269500,271100,270100,270800,269500,272300,269400,269400,271400,269400,269500,269600,329300,271700,269600,269700,271500,269500,269400,269500,271900,269400,269800,269700,271400,269500,269500,271600,281900,269600,269600,271900,269400,269600,269500,317300,393100,280800,288100,269800,269800,300200,270000,269800,270600,300300,269800,269500,269500,271900,269500,269500,271400,269600,269500,269400,271400,269800,269500,269600,271500,269600,269600,299900,269400,269700,269600,271600,269700,269500,269600,333700,269600,269700,270600,271800,269800,269800,269800,271500,269500,269700,271800,269500,298800,269600,271700,269500,269400,269400,332200,282200,269400,275800,269600,269400,269500,273000,269400,269500,273000,269500,269500,269500,273000,269400,269500,269500,273100,269500,269500,273100,269700,269400,269500,273100,269500,269500,269500,273200,269400,269500,273500,269500,299600,269500,273300,269900,269700,269800,273600,269600,269400,322400,271500,269400,269500,269500,271400,269500,269500,271400,269500,269500,269300,334800,277800,287200,273100,269700,269700,269800,272400,269900,269500,269700,271400,269400,269500,271300,269500,269700,269600,271300,269500,269500,269500,271400,269500,269500,269500,271400,269600,269600,271700,269500,269500,269400,271700,269700,269700,269800,271900,269700,269700,329900,269500,269700,269600,271700,269500,269700,286100,315600
#W oneshot crc_dnp 64 2048 500
270800,270500,302100,270700,270600,272800,270600,270700,270600,272900,270600,270700,270600,272500,270600,270600,272500,270600,270800,270600,272500,270700,270800,270600,272600,270600,270700,272700,270500,270700,270700,272700,270500,270700,270600,272500,270600,271000,272600,270900,270600,270700,272500,270700,270600,270800,285900,270600,270700,272800,270600,270600,270600,333000,270600,270600,270700,291500,282100,291300,273300,302300,270700,271100,301500,271200,270600,270700,272600,270500,270600,273100,270700,299200,270700,272700,270700,270600,270800,272400,270600,270800,272800,270600,270900,271000,273200,270900,270700,271100,273200,270900,270800,273100,270600,270600,271000,273100,270700,270600,270700,272600,270800,270700,272700,270500,270500,270700,272800,270800,270800,270700,361100,270700,270600,270700,272600,270700,270700,270700,272600,270600,270700,272600,270600,270900,271000,272800,270800,270700,270600,272300,270600,270600,272500,270800,270800,270600,272700,270700,270700,270700,272700,270800,270800,272800,270700,270700,270600,272500,270600,270600,270700,276800,270700,270700,272600,270600,270700,270600,272800,270700,270700,270800,272700,270500,270600,272400,270600,270600,270800,294400,313700,315300,340900,306200,270500,270400,273900,270800,270900,270800,273400,270500,270800,270700,272500,270800,270800,272600,270500,270400,270500,272300,270500,270700,270800,272400,270700,270700,272600,270700,270700,270600,272600,270600,271000,270800,272500,270700,270600,272800,270600,270800,271000,272800,270600,270700,270700,272500,270600,270500,272400,270700,270700,270600,301800,270700,270700,270700,333100,270900,270900,270800,272600,270800,270700,270900,272800,270700,270600,272600,270800,270600,270700,272500,270500,270700,270700,272200,270800,270600,272600,270800,270500,270500,272400,270800,270700,270800,272400,270700,270700,278600,270500,270500,270800,272600,270400,270600,270800,272600,270600,270700,272500,270600,270600,270900,272400,270600,270600,270600,359500,270600,270900,273400,270800,270600,270900,331400,270700,270600,270700,272600,270800,270800,270600,272400,270700,270500,272500,270500,271000,271100,272600,270700,270700,270500,272800,270700,270600,272800,270900,270800,270700,272800,270500,270700,270700,272500,270900,270900,272700,270900,270700,270600,272400,270600,270600,270500,272600,270600,270700,272700,270700,270700,270600,304500,273100,271000,270900,274200,270700,270700,272700,270600,270700,270600,361800,381600,296800,288800,274100,270700,270600,270600,272800,270500,270600,270900,272600,270500,270600,272600,270500,270500,270800,272600,270600,270600,270600,285800,270700,270500,272800,270800,270800,270700,272500,270700,270700,270700,272500,270800,270800,272800,270900,270500,270600,272600,270600,270700,270900,302300,270800,271000,272800,270600,270600,270700,272500,270700,270700,270600,272700,270600,270600,272500,270500,270600,302300,303700,271000,271000,270500,305100,298700,289000,345500,292100,328300,270900,300500,270600,270500,270800,300300,270700,270700,270900,300600,270700,271100,300500,270500,286900,283900,300500,270900,270800,300400,270800,270800,270600,300700,270800,270700,290100,285500,271000,270900,301500,270900,270900,288200,283200,270800,270900,300500,270600,270600,270600,300600,270700,271000,301700,271100,270700,270700,392500,281800,288200,274300,301300,271000,270900,272800,270600,270500,270500,284700,270600,270800,272900,270900,270800,270600,273100,270600,270500,270800,272500,270600,270900,272800,270800,270800,270700,273200,270700
#W oneshot crc_sick 64 4096 500
201600,201700,203900,201900,201900,201500,201800,203500,201500,201400,201800,201700,203500,201400,201700,201600,201600,203600,201500,201400,201500,201500,203400,201600,201600,201500,201400,203600,201400,201400,201700,201600,204000,201900,219700,417800,201600,201500,201400,204000,201500,201600,201600,201500,203800,201900,201800,201800,201900,203700,201400,201500,201800,201500,203600,201800,201700,201500,201400,203500,201500,201600,201500,201500,203600,201800,201900,201900,201800,203400,201600,201600,201500,201600,203600,201600,201500,201600,201700,204000,201900,202000,201800,201900,204500,201800,202000,201700,201500,203600,201400,201500,201400,201900,203700,201900,202200,201900,201600,203500,201500,201700,201700,201500,204400,201500,201500,201500,203600,201400,201500,201400,201500,225000,218000,233700,201800,201600,227100,214300,201600,201900,201700,203800,201600,201700,201500,201500,203800,201400,202000,201700,201500,204000,201400,201400,201500,201600,203900,201900,202000,201700,201600,233800,202000,202000,202100,201800,203600,201500,201800,201500,201700,203800,202100,201800,201600,201600,203900,201500,201600,201600,201800,203800,202300,201700,201900,201600,203600,201500,201400,201600,203500,201400,201800,201400,201600,203800,201500,201400,201400,201400,203900,201600,201500,201600,201800,204200,201600,201600,201400,201600,221300,214200,201500,201600,201500,235700,201400,201400,201500,201700,237800,201600,201600,201600,201500,203600,201500,201600,201400,201900,204400,202500,202000,202000,201600,203500,201600,201400,201700,201500,203700,201600,201600,201600,201600,203700,201800,201900,202000,201700,203400,201600,201600,201800,202000,204200,201900,202000,202000,201800,204700,201900,201800,201900,202000,203900,202200,202000,201900,201800,203700,202000,202100,201600,201500,204100,201900,202000,202000,215400,201800,201800,201900,201900,203700,201500,201500,201500,201500,232700,201800,201700,201500,201500,204100,201500,218900,215000,201500,203400,201800,201800,201700,201600,264300,201600,201500,201400,201700,201600,203500,201500,201500,201600,203800,201600,201500,201600,201900,203700,201900,201800,201700,201600,203500,201600,201700,201700,201600,204900,201800,201900,201900,201600,204100,202000,201900,202300,201800,204000,202000,202000,201800,201800,204000,201900,202200,201800,201700,203700,201900,202000,202100,201900,203800,201500,201700,201400,201500,203900,201600,201500,201400,201600,236900,204000,233700,201500,204800,201700,201600,202100,201700,203900,201700,201500,201600,201700,232900,202400,201800,202000,201900,263000,203900,201500,201400,201800,201600,203900,201700,201600,201500,201500,203400,202200,201800,201700,201800,203600,201500,201500,201400,201800,203900,201500,201700,201900,204000,202000,201400,201500,202000,240100,216100,202100,202000,202200,204500,202700,201900,201800,201800,208000,201700,201500,201500,201600,203900,201900,202000,202000,201900,204300,201500,201600,201900,201600,236800,232100,243700,201300,205200,201600,201600,201700,202000,204100,201900,202000,202000,201900,204000,201500,201700,201700,201800,203800,201500,201700,201500,201600,265100,201500,201600,201500,202100,205400,201400,201700,201900,201800,203600,201400,201500,202100,201800,203700,201900,202100,201800,201800,203600,201800,202100,201600,201800,204000,201700,201800,202000,202200,203600,201900,201800,201800,201700,203700,201600,201500,201400,201600,203400,201500,201500,201500,201600,203400,201500,201500,201400,201500,239600,201700,201600,201600,201500,203700
#W oneshot checksum_NMEA 64 2048 500
314800,310100,308700,310900,309300,308800,308800,310400,308000,309400,370300,308000,309000,308700,310300,309900,308200,310700,308500,309700,311600,308600,308700,310800,309500,308300,309500,310700,308300,308400,322400,308400,308100,311600,309400,308200,310400,308700,308900,326800,322000,309000,309500,311100,308900,308700,311200,308300,309200,311600,309300,310200,311100,309000,310200,311900,308900,309200,308400,309700,308400,309900,371500,310600,308600,308100,310300,308400,307500,311100,309100,308100,310500,309300,308600,310900,309000,309200,309300,308700,309200,309100,310900,309000,310700,311400,309200,308700,341400,309400,309900,310700,310300,308300,310200,309500,309700,308500,311800,309100,308200,311400,308600,307900,310700,308300,308300,310900,308500,308700,308900,311100,308300,308800,371400,309100,366900,311000,309300,308000,309200,309700,308600,309600,310700,308600,309300,321500,308000,309700,310500,308800,308200,311300,308300,307800,310000,341400,309400,309800,311700,308900,309400,311100,308000,309000,311200,309800,308600,312000,309500,310300,309400,310000,310500,309600,310100,308500,308400,310900,308500,308600,311000,309800,308500,309500,371900,308700,309800,311600,309200,310800,310800,308800,309300,308700,310900,309600,309300,310000,308700,308300,310600,308900,308700,338800,308200,308800,310900,307800,308500,308300,309600,308500,308900,311800,308900,308400,310900,308600,308500,311300,309700,308400,308500,309700,309200,308000,311000,309100,308400,310900,308500,308900,311000,307200,308500,311900,371600,308200,307800,320400,308100,309900,312300,308800,310100,308200,310400,308800,309200,311000,308800,309100,335500,328100,320800,330400,309700,310900,311800,308800,308300,311300,310300,310100,342900,308800,309100,309500,310800,308100,307900,310800,308600,309700,311900,308700,309100,309900,309700,309400,307600,310600,309300,308200,311800,309300,308700,311500,309500,309200,343300,312200,309400,307700,311600,308700,309800,310900,308400,308200,326900,325700,366200,311600,309400,309800,309400,311900,309300,309000,309500,308600,309000,309500,309400,309300,311800,309100,308700,310600,308400,309000,309300,311500,309900,309400,311500,307900,309000,311900,308900,309500,312000,309400,309100,308500,316000,308500,309300,310400,308900,308500,372500,308700,307700,308500,310500,308000,308300,338700,307800,308900,310500,308400,308100,311100,308700,309600,308800,310300,309400,308500,310600,308600,309400,311400,308300,307600,310200,308500,307900,311300,309400,307500,308700,310200,308300,308600,311000,308500,308700,311900,308300,308400,311700,308700,309300,309000,311100,308600,308200,310100,309000,308300,372200,309200,308500,308400,340200,361400,310000,312800,309100,308300,310300,310200,308900,310700,309300,309200,311100,308700,308500,309200,311100,309200,309600,311100,308800,337500,310900,309400,309900,311300,310000,309000,309700,310000,309400,310000,312200,309700,308800,321000,308500,308800,340300,338600,309400,311600,308900,308900,310500,308400,308700,327100,386900,310300,308500,311500,309100,307900,311200,308800,309300,310200,308300,308100,309000,310200,308500,308600,312100,309000,308900,310900,309400,307900,310700,308400,308500,308900,311200,307800,308800,311400,309500,308500,310700,309100,309300,310300,309900,308900,310900,307600,309500,308300,310400,307600,308900,341800,320900,320100,324400,322700,327600,332900,336600,309300,367800,311200,308600,308500,310500,309200,308400,311900,308000,309200,310000,307800,309600,308900,311000,309300,309100,310200
#W oneshot crc_8 256 512 500
246800,249600,247100,246900,247100,259900,246800,246800,246900,248900,246900,247000,247000,248900,246900,246800,246800,248800,246900,246900,247100,248900,246900,246900,246900,248700,246800,247000,246800,265100,261100,246800,246900,249100,246900,246800,246900,277000,278600,248200,248900,389900,247000,246900,247000,316100,311400,309000,265800,284300,305800,290900,295000,266700,246900,246900,246800,321700,260800,247200,248900,246900,247000,246900,249200,246800,246900,246800,248700,246900,246800,247200,248900,246800,275900,246900,248900,247000,246800,246800,249400,247000,247000,247100,249100,246900,246800,246800,249100,246900,247000,247200,248700,247000,247100,246900,248700,247000,246900,247000,249200,246900,247100,247000,264000,264900,246900,246800,246800,267000,258600,327800,279600,255300,260400,247700,278000,247000,247600,247500,278800,248000,248800,247400,255900,246800,246800,246800,248900,246800,246900,247100,249000,246900,246800,246900,248600,247000,246900,246900,248700,246900,247000,247000,248700,247000,246900,246800,248800,246900,247200,247400,249200,247100,247000,247200,249300,247000,246900,247100,249000,246800,246900,246900,246900,248700,246900,246800,246900,277700,246900,246900,264200,257300,256700,263900,279800,512300,246900,278300,247000,247000,246900,249300,246800,246800,246900,248800,246800,246800,246800,248800,246800,246800,246800,248900,246800,246900,246800,248800,246800,246800,246900,249400,246900,246800,247100,248800,246800,246900,247100,248800,246900,247000,246900,249300,247200,247000,246800,249700,246900,246800,247000,248700,246900,247000,246800,248900,246800,246900,247000,276700,246900,246800,246800,288700,260600,246900,246800,253000,246800,246900,246800,288000,246800,246800,246900,252500,246800,246900,246900,250300,246800,246800,246900,250300,246800,246900,246800,250400,247000,246900,246900,250500,246900,246900,246800,250600,247100,246900,246800,250500,247000,246900,246900,250600,246900,247100,246900,250500,247000,246900,246800,250400,246800,246900,246800,250500,246800,246800,246900,280500,246900,246800,246900,250700,246900,247100,246800,320600,254600,262800,247100,286000,247100,247100,247300,277800,247100,247100,246900,248900,246900,246900,246900,249000,247100,247100,247000,248900,246900,246800,247000,277100,246900,246900,246900,249700,246800,246800,247100,249000,247000,247300,247100,249400,247300,247200,247300,249500,247000,247100,247200,248900,247000,246900,246800,249100,246900,246800,246900,248600,246800,246800,247100,249500,246900,246900,246900,263500,276500,246800,246900,249100,246800,246900,246800,303200,251000,246800,246900,246900,248900,246800,247000,247200,250100,247200,247200,246800,248700,246900,246800,246900,248700,246900,246800,246900,248800,246800,246800,246900,248800,247100,247000,247000,249000,247000,246900,246800,249000,246800,246900,247100,249400,246800,246900,246800,248800,246800,246900,246800,248900,247000,246900,246800,248900,246900,246800,246900,265200,262500,246900,247000,249800,246900,246900,246900,248800,246900,246800,246800,307100,249900,247000,247200,247100,249200,246800,247000,246900,248500,247600,247000,246900,249500,247100,247000,246900,249000,247000,247100,247100,249400,247100,247100,246900,248700,246800,246800,246800,249000,246900,247000,246900,248700,246900,246800,247000,248900,246900,247100,276400,249000,247000,246800,246900,249100,247000,246900,247000,277200,257900,259800,247000,250200,246800,246900,246800,248800,247200,247300,247100,249300,247000,246800,246800,306800,249200,246900
#W oneshot crc_16 256 512 500
301300,301500,301400,303200,301500,301400,303500,301300,301400,303800,301800,301500,301400,303300,301300,301400,303000,301300,301500,303700,301700,301500,301300,303100,301300,301300,303000,301400,301300,332000,301300,301400,303800,301500,301300,301500,303800,301400,301400,303400,301400,301400,303100,301400,301400,301400,364100,301300,301300,303200,301400,301400,301500,303300,301300,301300,303100,302000,301400,303700,301400,301400,301400,303100,301300,301300,303500,301600,301400,303300,301300,301300,301500,303000,301500,301400,303100,301400,301300,337500,302000,301300,304500,301600,301500,301400,303100,301300,301300,303000,301400,301300,303200,301400,301400,301400,303100,301400,301400,364400,301400,301400,301500,303500,301400,301500,303400,301600,301400,303300,301400,301400,302000,303900,301800,301500,303300,301500,301300,303100,301400,301400,303100,301300,301300,301500,303600,301400,301500,333600,301500,329800,303900,301400,301200,301800,303100,301300,301400,303300,301300,301500,303100,301300,301300,303400,301700,301400,301400,303300,301300,301400,364400,301400,301400,301400,303100,301300,301300,332000,301300,301800,304000,301400,301400,301300,346200,314300,301300,303200,301500,301300,303200,301400,301400,314300,301300,301500,301400,333100,301400,301200,303400,301300,301300,303200,301300,301500,303200,301300,301400,301400,303200,301600,301400,303400,301300,301400,303200,301300,301300,301600,303200,301300,301400,361900,305000,349700,428100,301300,341200,316100,415100,426100,416700,365900,318000,335000,317000,401800,301400,301300,301400,303200,301300,301300,303100,301300,301300,303200,301300,301200,301300,303100,301400,301200,303200,301300,301400,303100,301300,301300,301500,304300,301600,301700,303300,301500,301300,303300,301400,301600,303100,301200,301400,301500,331500,301400,301800,303400,301400,301600,332500,301400,301400,303300,301400,301400,301300,303300,301200,301400,337000,434200,374100,315000,305000,301600,301300,301400,303400,301500,301400,303700,301400,301500,303200,301300,301500,303100,301400,301500,301400,303200,301500,301400,368900,301300,301700,303700,301400,301500,303900,301400,301700,301700,303800,301700,301400,360600,354800,301200,334200,301300,301400,303300,301300,301300,303100,301400,301400,301400,303600,301300,301400,330500,364800,415800,369400,333500,408400,353500,343000,301300,306300,301300,301200,305100,301500,301800,305200,301300,301400,301400,305300,301300,301300,305300,301500,301500,305100,301200,301400,301400,305100,301500,301400,305500,301300,301400,305800,301300,301500,301600,351000,301300,301300,316100,301300,301400,301400,303300,301300,301300,303200,301200,301200,331800,301400,367400,372300,371100,301400,304000,301400,301300,303300,301500,301500,301300,303500,301300,301400,303600,301300,301300,303100,301400,301300,303400,301600,301300,301500,303400,301700,301400,303600,301500,301300,303400,301400,301400,301600,303800,301400,301400,331800,303100,302600,336000,304400,304500,360300,322100,399300,411500,348800,373800,304900,359300,301500,318900,380200,348400,317000,301500,301900,303800,301500,301600,303200,301500,301500,301300,303200,301600,301400,304100,301300,301200,303100,301400,301500,303300,301500,301700,301400,303500,301500,301200,303800,301700,301900,309300,301500,301400,301400,331600,301600,301600,303800,301700,301400,303500,301400,301300,303100,330200,301500,301300,303400,301300,301300,303200,301500,301500,536100,301400,301400,318300,313900,301300,301300,330800,301200,301200,330700,301400,301300,330700
#W oneshot crc_modbus 256 512 500
338500,309100,308900,338200,309000,309000,309000,338400,309000,309000,338500,309100,309000,344700,309100,309000,338600,309000,309100,326500,322100,309100,309000,339000,309000,309100,338800,309400,309100,338900,309100,309000,338900,338500,309000,338700,309000,309000,338400,309000,309000,338600,309200,309100,339300,309000,309000,323400,324200,309000,309100,339000,309100,309000,351800,309000,309000,338600,309300,309000,338400,309100,309100,344600,309000,309000,309000,340700,309100,309000,311100,309200,309000,311200,309400,309000,311600,309100,309000,310700,309000,309000,309100,310800,309100,309700,310900,309100,308900,311000,309200,309100,311400,309000,309100,310600,309000,309000,309100,310700,309100,308900,310800,309000,309200,311300,309200,309100,310900,338000,309000,311100,309100,309000,309000,310600,309100,309000,356300,311000,311800,329000,322000,309200,309100,310800,309000,309100,310800,309100,309000,310900,309000,309000,311100,309000,309000,309100,310700,310200,309000,311100,309000,309100,311400,309500,309100,322500,309300,309100,311100,309200,309400,309200,311200,309200,309000,310900,309200,309000,310800,309100,309100,310800,309100,309000,309100,340500,309200,309000,370600,309000,309000,310900,309000,309100,309100,310800,309000,309000,310600,309000,309000,311100,309100,309100,310800,309100,309100,310600,309100,308900,310400,310800,309100,309100,310900,309200,309500,311800,309200,309100,310900,309300,309000,309000,310800,309000,309100,311000,309000,309000,310900,309200,308900,328100,327900,309100,311000,309100,309000,309200,427700,333000,323200,313400,309400,310800,333600,320600,322400,328600,309800,426600,456800,322100,311500,309100,309100,310800,309100,308900,309000,322600,309100,309000,310900,309100,309300,311300,309200,309000,310800,309000,309000,311000,309100,309100,309000,310900,309100,309200,311200,337600,309100,311400,309000,309100,311200,309100,309100,311100,309100,309400,309100,372500,309000,309400,311100,309100,309300,309100,340300,309200,309000,311300,309300,309000,310800,309100,309000,310800,309400,309400,311200,309200,309000,309600,311000,309100,309300,310800,309100,309000,311100,309100,309100,311100,309300,309300,309000,310700,309100,309000,310800,309100,309000,310700,309100,309100,310800,309000,309000,311100,309100,309000,309300,372700,309000,309100,340500,367300,309400,312000,309000,309200,311000,309100,309000,309500,322700,309200,309200,311200,309400,309000,310800,309100,309300,311100,309600,309100,309000,312400,309400,309200,310900,309300,309200,310900,309000,309000,310800,309200,309100,310900,309100,309000,308900,310900,309400,308900,311000,309000,309000,311200,309000,309000,428800,330800,309000,309000,315700,309100,309000,312400,309100,309100,312600,309000,309000,312200,308900,309000,312300,309100,309100,309100,312400,309000,308900,312400,309000,324500,355500,309100,309000,312600,309300,309100,312700,309100,309100,312500,309100,309100,309300,313000,309300,309200,313000,309100,309000,312500,309100,309000,427300,322800,308900,333000,321500,309000,308900,344200,309000,309000,338400,309500,309000,338100,309100,309000,338900,309000,309000,338500,309100,309100,339200,309300,309000,326500,321400,309000,308900,338700,309000,309100,338100,309000,309100,338200,309200,309300,338500,309100,309000,338300,309000,309100,338500,309100,309100,390500,444200,377400,312800,309000,309300,370900,310800,352800,353200,318400,338800,323000,348200,361200,385700,338500,319900,330200,309200,324600,325800,310200,309500,339400,309300,309200
#W oneshot crc_32 256 512 500
298800,370300,343600,316700,420700,298900,298800,328400,298800,298800,328700,298800,299100,299200,328600,298900,298800,328300,298800,299000,334200,298800,299200,328700,298900,298900,298900,331200,298900,299100,353300,298900,298800,305400,298800,298900,302100,298800,299000,299100,301800,298800,298900,302300,298900,298900,303200,299000,298900,298900,301800,299000,298900,302400,298800,366300,367100,298800,298800,328700,298900,298800,328600,298800,298800,298800,328700,298800,298700,328400,298800,298800,328200,298800,298900,328200,298900,298700,299000,328700,298800,298800,331000,299000,298800,328800,299100,299400,329400,298800,299100,313600,314000,299300,299200,328500,299200,298900,328900,299000,298900,328800,299000,299100,316100,311800,299000,298900,373700,307900,308800,317300,298800,298900,328500,298900,298800,341200,298800,298800,328700,298800,298900,298800,328700,298800,298800,329000,298800,298800,328600,298900,299000,329000,298900,299200,299300,328800,299000,299100,364800,299000,299100,299100,329100,299200,298800,329000,298900,299000,329100,299000,299700,330000,299000,299100,299000,327100,310900,309500,311700,308400,308300,311400,309200,309400,321200,298900,299100,329300,299000,299200,299000,329100,299200,299100,328900,299000,298900,328700,298900,298800,328900,299100,298900,299000,328500,299200,299100,329100,299000,299000,351400,312300,299100,298900,328900,299100,298800,329400,299100,299300,328900,299200,299900,313300,320800,299300,299000,329200,299100,298800,328500,298900,298900,333400,299200,299600,329600,299000,299000,299200,328700,299000,299400,328600,299100,298900,328500,298900,298800,328800,298900,299500,299100,328800,298900,299000,328800,299100,329400,328600,299000,298900,323100,312100,298900,299000,328600,299300,299300,328900,299100,298800,328900,299200,299100,313700,313100,320200,301000,331300,299200,299500,329600,299100,299200,329500,299000,299300,329100,298900,299200,299100,328600,298900,298900,300900,298800,298900,300800,299000,299200,299000,300800,299000,299300,300900,298900,299200,301100,299000,298900,299000,300700,299000,298900,362000,299200,299100,299200,301100,298900,298900,301200,299000,298900,317900,313100,298900,301400,298900,299100,299000,316800,299000,299000,301300,298800,298900,300700,299200,298900,299000,300600,329000,298900,300900,298900,298900,301300,299100,299100,299200,300900,298800,299000,301200,298900,299100,300800,298700,298800,299000,300700,299300,299200,301100,299100,299000,300800,298900,299100,299000,334100,299000,298900,315900,414900,316700,330800,298900,299000,330100,299300,299100,298800,301200,298800,298800,300900,298900,298800,300800,298800,298800,298800,300500,298800,298900,301000,299000,299100,300800,298900,299200,299100,301200,299200,299200,300800,299000,299200,301000,299100,299300,298900,300800,298900,328100,301100,298900,299200,300800,299000,298900,298900,380900,308900,308900,330200,298900,299000,301000,299000,298900,298900,300700,298900,298800,300800,298800,298900,300600,298900,298800,298900,300700,299100,299000,300900,299100,298900,301100,329400,348200,313800,314900,299000,299200,301400,299100,299100,300800,299200,299200,301100,299100,298800,298900,301000,298900,298900,300800,298900,298900,300600,299100,299200,298900,331100,299100,298900,332400,301500,299100,299300,300900,299300,299000,301300,299100,298900,299200,300700,299000,299700,301200,298900,299100,300600,298900,299000,299000,300900,298900,299000,300700,299000,316700,342200,299100,299500,299200,301100,299000,298900,300800,299100,299200
#W oneshot crc_64_ecma 256 512 500
307600,307700,309500,308400,307800,337200,318700,319200,327700,309100,308000,346400,309100,308500,324500,323900,307900,307900,309800,308300,307700,310000,307700,307800,309600,307900,307700,309900,307800,308000,307900,309800,308100,308100,309800,307900,308000,310400,308000,308000,310100,309100,307800,307900,309500,307800,307700,309900,307800,308300,309900,307800,307900,338700,307800,307800,310300,308100,307700,307900,309500,337100,307800,371000,307900,308300,308900,309700,308200,307900,309400,307900,308200,309500,307900,307700,309400,307800,307700,309600,307900,307800,308000,309900,307800,307900,310000,307900,308300,309800,307800,307800,309600,307800,307700,307800,309800,308000,308000,309800,307900,307700,335600,389600,325400,340100,308000,308300,338200,308300,307700,309700,307900,308000,324800,352100,307800,307800,309600,307800,307700,309800,307800,307700,307700,309500,307800,307800,309800,308300,308000,310000,308000,307800,310400,308600,307800,308400,309700,307800,307800,309900,308000,308000,310000,307800,308000,310200,307700,307800,308100,376300,317300,357600,334500,307700,314300,307900,308000,351400,326100,307800,308400,338300,308000,308000,369500,307700,307900,307800,309400,307900,307700,309400,307800,307700,310200,308000,308000,309400,307900,307800,307800,309400,308300,308000,309500,307900,308200,310200,308300,308300,310300,308100,308700,323000,307800,307900,308100,339400,307900,307800,309900,307800,308000,309800,307900,308100,309700,308100,307900,307700,309200,308100,307900,309400,307700,307700,370100,308100,307800,307900,309800,307800,308100,310200,307900,307700,310000,308100,308000,309700,307800,307800,307800,309600,307800,308000,309600,307700,307700,309700,307900,307700,310000,308500,307900,307800,335700,324700,308000,338700,307900,307800,338100,307900,307900,338100,307900,308100,338100,307900,307800,337600,307800,307800,337500,308200,307900,326700,325700,308200,308100,338100,307700,308300,338400,308000,308200,337500,308000,307800,338700,307900,307900,325200,320800,307800,307900,337400,308100,308300,341900,307800,307800,348600,307800,307800,310000,307800,308200,310300,308100,308000,309500,307800,308000,308100,309400,308300,307800,309500,307800,307600,310000,307700,308100,310100,307700,308000,307900,309600,307800,307800,343700,307800,307700,309900,308100,307900,308000,309800,308000,308100,309700,308000,307800,309500,308000,307800,309800,307700,307800,308000,339000,308000,307900,310800,308100,308000,309800,307900,307800,309800,308400,307800,308000,307700,307900,307800,309900,307800,308200,309800,307700,307800,338100,307800,307800,309800,308000,308000,307800,309600,308200,307900,370600,307900,308100,310200,336800,308100,307700,310100,308100,308300,309600,308000,307700,313900,307800,308100,338400,320800,308700,310500,308000,307800,307700,309700,308200,307900,309500,308200,307800,309400,307900,307900,309800,308100,308000,307700,309400,307900,307700,309900,308200,307800,309600,307900,308000,310000,307700,307800,309800,308100,307900,307700,369900,307800,308000,309900,308000,307700,307900,309300,307700,307800,309700,307800,308000,367600,308000,308100,314000,307800,307900,310400,307900,308000,307700,309600,307700,307700,309400,307900,308000,309700,307700,307800,309800,307900,308000,307800,309700,307800,307800,309400,308000,307900,309900,307900,308000,309600,307800,307900,309700,308000,308400,307700,372600,307600,307800,313600,307800,307700,308000,310000,307900,307900,340100,308200,308300,311000,307800,307900,309700,307700,307700,309500
#W oneshot crc_64_we 256 512 500
307700,309500,307700,307600,309500,308000,307600,309400,307600,307800,307600,309500,307600,307700,309700,307700,307600,309600,307900,307700,309500,307500,307600,307700,307700,307700,307700,473500,373800,497300,342200,390100,465000,307700,307700,310700,307500,307700,309800,307400,307600,309300,307600,307700,309300,307700,307600,307600,309600,307600,307500,309600,307700,307800,309500,307600,307700,310500,307700,307800,309800,307900,308000,307600,444200,379200,354600,308500,308000,310000,307800,307600,307600,315200,307600,307500,309600,308100,308100,339700,307700,307900,337600,308000,307900,309900,308000,307800,307800,309900,307700,308000,310100,308600,308200,310200,308200,307900,309700,307700,307800,307700,309500,307700,307800,310000,307700,307500,310100,308300,307800,309800,307800,307700,309400,307800,307600,458000,307600,307700,310300,307500,307600,307500,309500,307500,307500,309400,307600,307600,309700,307700,307700,309500,307600,307600,307600,339800,307800,307800,309700,307600,307700,309700,307600,307700,310400,307800,308100,309800,307700,307600,308100,309800,307700,308000,310100,307900,307800,310400,307600,307900,309700,307700,308100,307600,309700,307600,307700,353800,338400,336800,339700,307800,307800,309800,307600,308200,309800,307700,307800,309600,307500,307600,307500,309700,307600,307900,339600,307700,307800,309700,308100,336700,366900,310300,307900,307700,310000,307800,308000,309800,308200,308000,309900,307900,307700,307600,309700,308000,307800,309600,307600,307500,309600,307600,307500,338300,308900,307900,309800,307700,307800,309300,310300,307700,307800,309700,307700,307600,309500,307800,307800,309900,308200,307800,308000,309700,307600,307700,309900,307600,307700,309500,307600,307600,367100,310700,307700,308000,309700,307700,307700,309600,307700,308100,309300,307500,307800,307500,309800,307700,307800,309500,307900,307700,344100,307700,307800,309800,308500,308000,307600,309600,307700,307600,309400,309200,307700,309900,308800,307800,309700,307700,307600,309900,308000,308100,307600,309600,307600,307700,309500,307700,307900,309600,308400,307600,325200,353900,307600,308000,309800,307600,307600,309600,307800,307600,307700,309700,307700,308000,309700,307700,307700,335000,348500,308300,310900,307500,307800,309300,307700,307500,307600,309400,307700,308100,310000,307700,308300,309800,307800,308500,309700,307700,307600,307700,309400,307900,307800,309700,308200,307700,309700,307800,308100,309500,307800,308000,325000,355100,307600,307700,309600,307600,308000,309500,308000,307700,307900,313900,307600,308100,338500,307700,307800,309800,307500,307700,309700,307700,307800,310600,307800,307900,307700,309900,307800,308000,309500,307600,307800,309600,309000,307600,309800,307900,307800,308400,309700,307900,307600,309600,307900,308100,309400,307700,307600,309500,307600,307600,307700,369900,307900,307800,309800,307800,307700,309700,307800,307700,307800,339600,307600,307700,311300,307600,307900,309600,308000,307900,309700,308000,307700,308000,310000,307600,307900,309800,307600,307600,309700,307600,307700,310600,307800,309300,307900,309900,307600,307700,310100,307900,307600,309600,307600,307800,309600,307800,307900,310000,307700,307700,308000,370400,308100,308200,313900,307700,307600,307500,338100,307800,307700,309700,307700,307900,309800,307600,307700,309900,308000,307900,309600,307600,307600,307700,309700,307600,307600,309800,308200,307700,309800,307800,307600,310200,308500,307700,307600,311100,307800,307600,309900,307700,307600,309900,307700,307800
#W oneshot crc_ccitt_1d0f 256 512 500
334800,396200,334700,334800,334800,403200,377900,338100,364600,334900,336600,334800,334800,336700,334700,334700,336500,334800,334700,336500,334800,334900,336500,334800,334900,336600,334900,334800,336900,334900,335000,337000,334900,334900,336800,350100,378500,337000,335000,334800,336800,334900,336800,334800,334800,350100,334900,334800,336800,334900,335000,354900,350700,334900,334700,336700,334800,334800,336700,334900,334900,336600,334800,334700,337000,335400,335200,337000,396500,340000,335300,335000,337200,335000,334900,336800,334900,334900,337300,335100,335100,336900,334900,334700,336600,334800,335000,336800,334800,335100,336700,335100,335000,337300,335300,334900,366600,334800,334700,398300,334800,335000,334900,336900,334900,334800,336700,334900,337400,334800,335100,336600,334800,335000,336500,334800,334800,336500,334800,334800,336600,334800,335000,337000,335000,334700,336600,334900,334700,337000,334800,334800,340900,334800,334800,336800,335000,334800,336600,334900,334700,355000,350000,346000,352000,348100,359200,375200,337100,336400,367200,335800,363600,337700,334800,334900,336600,334900,334800,337000,334900,334900,336600,334800,334800,336700,335000,391900,337100,335200,334900,336700,334900,335000,337100,334900,335000,336700,334800,334900,336900,334900,335000,336800,334700,336700,378800,334900,338700,334800,334800,336600,334900,334900,396000,336800,335100,335000,336400,334900,334800,336500,334800,334800,336500,334700,334800,336400,334900,334800,336700,334900,334800,336600,334800,334800,372000,335600,367300,335400,342100,373100,362400,335300,336700,335000,334900,336500,334800,334800,421000,349600,347900,337900,334900,334900,337000,334800,334900,336900,334900,334800,394000,335900,406700,346600,345400,393400,354300,369200,457000,377500,352400,387000,335300,335200,364800,392700,335000,365200,334900,349900,349900,335000,364300,335000,334900,364400,334900,335000,364600,334800,334900,365400,334900,335300,365300,335000,393700,371200,351900,457600,334800,334800,364400,334800,334800,366800,334800,334700,364300,334800,334800,422000,363200,379500,334800,335000,352100,350900,334900,337300,334900,334700,350400,334700,334800,336800,334900,334800,336500,334700,334700,336800,334700,334900,336500,335000,334800,336800,334900,335000,336600,335000,334800,337200,350600,439900,334800,334800,364900,334800,334800,364400,334800,334700,366800,334700,334800,364200,334800,349300,349800,334800,364100,334700,334800,364300,334800,334800,364700,334800,334900,364800,334800,334800,364800,334900,335000,364600,334800,335000,364400,335100,335100,364300,334800,334700,364700,334800,365100,334800,334900,366500,365000,334900,365500,334800,334800,336800,334800,334900,364400,334800,334900,396800,335000,335000,337200,334900,334700,351900,334800,334900,336800,334800,334800,336700,334800,334900,336800,334700,335000,337000,334800,334800,336700,335000,334800,336800,334800,334900,336600,334900,335000,336900,334900,334700,382800,362700,334900,337200,334800,365000,337300,334900,334800,336800,335100,336800,335000,334900,336800,334800,334800,351500,352600,334900,334800,336800,334900,335100,337000,334900,335000,336900,334900,334900,337000,334900,335100,336600,334900,334900,336800,334900,335000,337200,335000,334900,336600,334800,334800,366400,334900,336700,334700,334700,336800,334900,334900,337200,335800,334900,337000,334800,334800,336500,334800,334800,341200,334900,334800,393600,337300,335200,335000,337000,335000,334800,337100,334700,334800,336600,334700,334800,336600,334800,334800,336700
#W oneshot crc_ccitt_ffff 256 512 500
335000,334900,352200,347900,334900,336900,334900,334900,336900,335000,334900,337100,334800,334900,336700,334800,335000,337100,334800,334800,336800,334900,334900,337400,335000,335100,397600,335000,335000,334900,335000,334900,336700,334900,335000,337000,334900,335100,337300,335300,334900,336600,335000,334900,336700,334800,334900,353000,348900,334900,337500,335600,335000,337100,335000,335000,337000,334900,335000,336600,334900,334900,336800,334900,334900,347900,335600,334900,337200,334900,335100,337000,335000,335000,397100,335000,335000,336900,334900,335000,337300,335200,335000,336800,334900,335000,336900,363600,335000,336800,335000,334900,355400,350200,335400,337800,335000,334900,336900,335100,334900,336600,334900,334900,337200,334900,334900,336700,335200,335100,336800,335100,334900,336900,334900,335800,337000,334900,335300,337000,334900,334900,397200,335300,335300,337100,335000,335000,336700,334900,335000,336900,334900,334900,336700,334900,334800,365700,335100,335100,336900,334900,335100,336600,335100,334900,336700,335000,335000,337000,335200,335200,347400,335100,334800,337000,334800,335000,336800,334900,334800,336700,334900,334900,337000,335500,334900,337000,334900,334900,396800,334900,335000,337000,334900,334900,336600,334800,334800,336900,335000,335200,366100,335000,334800,337100,335000,334900,336700,334900,334900,336700,334900,335100,337100,335100,335000,336900,334900,334900,336800,335200,335000,336800,334900,334900,336700,334900,335200,337200,335000,334900,336900,335200,395000,334900,335100,352200,378900,334900,334900,336900,335300,335200,337100,334900,334900,365600,334900,335100,337100,335000,363200,336700,335000,334900,337100,335200,334900,336800,334900,337000,343700,334900,337000,334900,334900,336700,334900,334800,337100,335300,335100,337000,334900,334800,336600,334900,335000,336700,334900,334900,336600,334800,334900,395200,336900,335100,335000,336800,335000,334900,366200,335000,335100,336800,334900,336900,335000,335300,337000,334900,334900,336800,334900,334800,336700,335000,334900,337400,334900,334900,336700,335700,335000,336800,335000,335000,336900,334900,335000,336900,334900,334900,336800,335000,334800,336700,334900,334900,336900,334800,334800,394600,339900,481400,418300,335100,405100,358600,459200,521500,493600,379600,334900,377900,378400,334900,334900,341900,335000,334900,336800,334900,335000,336600,334900,334800,336900,334900,334900,336700,335000,335000,336700,335100,335000,337100,335000,335200,336900,335400,335200,337400,335000,334900,336700,334900,350100,468000,460900,335100,335000,366100,334900,335000,337200,335300,335100,337000,334900,334900,336700,334900,335000,336700,334900,334900,336700,363200,335500,337500,335200,335000,336800,335000,335000,337000,335800,335000,337000,335000,334900,337200,335100,335500,337400,335200,335000,336800,335000,334900,336500,334900,334900,336900,334900,468300,347600,334800,394900,347700,334800,341600,334800,334800,345900,334900,334900,338500,334900,334800,338300,334800,334800,338400,334900,334800,338300,334800,334900,338200,334900,335000,338300,334900,335000,338700,335000,335100,338600,334900,334900,338300,334900,335000,338300,334900,334900,338500,334900,334900,338800,335000,334800,338400,366600,334800,393100,345500,443000,345200,346100,390200,444500,479700,388000,380300,479800,334900,365000,334900,334900,365200,334900,334900,364500,334900,334800,364400,334900,334900,364600,334900,334800,364400,334800,334900,364400,334900,334800,364700,334900,349400,349900,334900,365400,334900,334900,364600
#W oneshot crc_xmodem 256 512 500
334600,354200,404200,334500,336600,334600,334600,337300,334700,334500,336500,334600,334600,336500,334700,334600,336500,334700,334700,336800,334800,334700,336900,334700,334600,336500,334800,334700,336500,334600,334700,336500,334600,334700,336600,334700,334700,336400,334500,334600,336400,334600,334700,336500,334600,335100,526100,344900,346900,366500,403700,334600,334600,341500,334600,334700,338300,334600,334500,337900,334500,334600,338500,334600,334500,338100,334600,334500,338100,334600,334500,338000,334500,334500,337800,334600,334600,338600,334800,338500,334600,334700,348300,334600,334600,338600,334600,334600,338100,334600,334600,338100,334700,334800,405500,346700,369800,398600,344700,392100,350300,335100,337800,334800,334800,337600,335600,337700,339700,335900,335400,338500,336800,334900,338000,335200,334800,337000,334800,407300,533500,344800,401600,405800,341400,357000,366500,387400,404200,365200,676000,400400,413700,344700,347500,344700,344800,347100,344900,382100,351500,334600,351300,347600,334700,364000,334700,334800,364700,334600,334700,364500,334900,334800,366100,335300,335000,365300,335200,336200,422200,344800,347900,345000,345400,352400,344900,345000,348500,346400,345800,348300,345000,345600,348000,344900,345000,346600,345000,566100,522500,383800,441600,354400,344900,1130400,348900,344900,344800,347000,345300,345300,348400,345400,347200,349700,346700,346500,348300,345000,344900,346900,348800,350100,346300,346800,349300,345700,346000,348300,345100,345100,347400,345600,346200,348900,344800,344700,346700,345200,345000,358300,344800,344900,450000,344900,350200,344900,345100,347000,344800,585300,344700,344700,346700,344700,344900,346600,345200,345300,347400,345400,345700,347000,344800,344800,348100,345000,344900,353100,344900,345400,347200,345300,346900,344800,344700,346700,344900,344700,346700,345100,344900,347200,345300,345100,346600,345100,345000,347600,345600,345000,347800,344800,344800,354400,344800,344700,428100,344800,347600,344800,344900,346700,344700,344700,346500,344700,344700,346700,344700,344700,346400,344700,344800,346500,394900,347100,344800,344800,356800,334600,334500,364800,334600,334600,364100,334600,334700,364300,334800,334600,364300,334500,334600,364400,334600,334600,364400,334600,334600,364900,334700,352200,382200,334800,393800,364800,334600,351500,347100,334600,364300,334600,334600,368000,334600,334600,364500,334600,334600,364700,334500,334700,364000,334600,334700,364300,334600,334800,364600,334700,334900,364400,334700,351100,347700,334500,363800,334500,334600,363800,334600,334600,368400,354500,334600,365600,334500,334600,398300,334600,334600,364200,334600,334500,365100,334500,334600,364400,334700,334700,364300,334800,334600,364100,334600,334600,364700,334700,334600,364600,334700,364600,334600,335000,364900,334700,334900,364400,334600,334500,364400,334800,334700,364000,334700,334700,360500,348100,347200,350600,347500,346900,349900,347300,354100,375100,359300,363000,348300,346900,348100,347300,346900,350500,347200,346100,349100,345600,365500,358300,363000,358700,346900,345000,345100,346900,347900,352300,347500,334800,366500,334600,334700,364900,334700,335000,365000,334800,334900,366400,334900,334900,365400,334700,335100,364600,335000,334800,365100,334700,335000,399600,334700,334700,365100,334800,334900,365200,334800,334800,364600,334700,334600,364800,335000,351600,347500,334800,364200,334600,334800,364800,334500,334700,364100,334600,334700,364100,334700,334700,364100,334700,334600,405900,344800,354500,360300,353000
#W oneshot crc_kermit 256 512 500
302000,322600,334600,302100,301900,327600,312600,380700,315700,302600,359400,315700,341500,603200,357700,397600,323600,301900,388500,306700,301900,302000,306200,301800,301900,305800,302400,301900,302000,305600,301800,302000,305500,302000,301900,305500,301800,301900,301900,305600,302000,302500,306000,302000,302100,305800,301800,302200,306000,301900,302000,301900,305900,302100,301900,305800,302000,302300,305700,302000,301900,301900,456000,318000,334900,315100,422500,315200,330600,318200,305600,302700,303700,304600,302700,302200,302000,304200,301800,302100,304200,301900,301900,304200,302200,301900,302000,303800,301900,302000,304000,302200,302400,304100,302000,302000,304200,316200,302000,302200,304400,302100,301900,303700,301900,301800,304000,302100,301900,301900,303700,301800,301800,379100,315100,301800,335200,301800,301900,320600,380900,302000,305200,301900,301800,303900,301900,301900,301900,303900,301900,301800,303700,301900,301900,303900,301900,301800,301900,303800,301900,301900,303700,301800,301800,303900,301700,301800,303900,301800,301900,301800,304000,301900,301900,304200,302000,302000,303900,302000,301900,301900,303700,302000,301900,332100,319800,349500,333500,323300,311000,313900,311100,331600,347600,301900,301900,303800,301800,301800,302000,303600,301900,301900,303800,301900,301800,304100,302000,302100,301900,303800,301900,301900,317300,302100,302100,304100,301800,301900,303900,302000,301800,302500,303700,302200,302000,304500,301800,302000,304100,302000,302100,301900,303600,301800,301900,333700,329700,301900,304400,301900,302000,304500,301800,301900,301900,336300,332300,301900,304000,301900,301900,303800,301800,303200,301900,304000,301900,301900,303700,301900,301900,303800,302000,302000,302000,303700,301900,302000,304000,302100,331700,304300,301900,301800,303900,302000,302000,302000,303900,301900,301900,304200,318700,343800,324000,315700,302100,304500,302000,301800,301900,303600,302100,302000,303600,301900,301900,304200,301900,302000,324100,317700,302000,302400,304200,301900,301800,304000,301900,302000,301900,313700,302100,302000,304300,302000,302200,304200,302000,302100,301800,303900,302000,301800,303900,301900,302000,304100,302000,301900,304000,301800,302500,301900,332400,301900,302000,304000,302000,302000,303800,302000,301800,301900,333500,301900,301800,304800,301900,301900,303900,301900,301900,361300,304000,302200,301900,303900,301900,301900,303900,301900,301900,301900,304600,302000,301900,303700,301800,302000,303800,301900,302100,301800,304000,302100,302000,304200,302300,302400,303900,301900,301900,301900,333500,301900,301900,304500,302000,302000,303700,302000,302000,304000,301900,302300,302000,303800,302000,301900,303900,301800,301900,303800,302000,301800,302000,375800,301900,302400,304200,302100,302200,302100,304000,301900,301900,303900,302000,302000,303700,301900,301900,303800,301900,301900,302000,303900,302000,302900,362600,301900,302100,359900,302200,302000,304600,301900,301900,301900,303600,302000,302400,304700,301900,302000,304000,301900,301900,303800,301700,302100,302000,303900,302000,301800,303900,302100,302100,361900,304800,302100,302000,304300,303000,301900,304100,301900,301900,301900,303900,302000,301900,304000,302500,302300,304200,302000,301800,301900,305000,301900,302000,333500,301900,301900,304400,301900,301800,304300,302200,302000,302000,304200,302000,301900,303900,302000,301900,303900,301800,302000,302000,303900,301800,302100,313900,301800,301900,304100,301800,302000,331700,336800,302000,301900,301900,304000
#W oneshot crc_dnp 256 512 500
304000,302000,302100,303900,302000,302100,302200,303900,302100,302100,334600,302700,302200,304700,302100,302100,304300,302200,302100,302200,304200,302200,302200,304100,302100,302000,304300,302100,302100,302100,304200,302100,302300,304400,302100,302200,304000,302100,302200,304200,302100,302100,302000,365200,302200,302100,302500,304400,302500,302100,397200,302100,302100,304000,302300,302300,303900,302200,302000,304000,330300,302300,302400,304400,302300,302100,304000,302200,302200,304000,302100,302100,302200,304200,330500,302000,304000,302300,302500,304100,302200,302000,314900,302100,302200,302000,304200,302100,302200,303900,302100,302100,304000,302500,302000,302100,363700,302000,302000,303900,302100,302100,302100,303900,302200,302000,303800,302100,302000,333500,302400,302300,304400,302100,302100,302300,304200,302300,302200,304000,302000,302000,304200,302100,302200,302300,304000,302300,302200,304300,302200,302100,304000,302200,302100,304100,302100,302100,302100,304000,302200,302400,304000,302200,302000,303900,302000,302100,302000,365200,302100,302100,304000,302100,302100,302100,304100,302200,302100,333600,302000,302100,308500,302100,302000,304000,302100,302100,302300,303800,302000,302100,304200,302200,302300,304200,302200,302000,302200,312700,302200,302200,304100,302200,302100,304000,302100,302300,304200,302100,302400,302300,304100,302000,302200,304200,302100,302100,304000,302000,302000,302100,366200,302100,302500,304100,302300,302000,302100,339800,312900,323500,331900,302000,302000,304700,302200,302200,304100,302200,302200,302100,304100,302100,302200,304000,302100,302000,303800,302000,302000,304200,302000,302100,302100,303900,302100,302100,304200,302200,302100,303900,302200,302100,302300,304000,302100,302100,304200,302100,302200,304000,302400,302200,302100,364900,302000,302200,319600,314800,302200,302200,304000,302100,302100,304100,302200,302100,304500,302200,302300,304000,302100,302300,302100,304000,302300,302200,315900,302100,302000,304200,302100,302200,302200,304300,302200,302100,304000,302000,302000,303900,302000,302200,304100,302000,301900,302200,303900,302200,302100,303900,302000,302000,303800,302100,302100,302000,395700,360100,302100,304600,302200,302200,302100,304300,302600,302300,304200,302100,302100,304100,302100,302200,303900,302100,302000,302200,303900,302000,302300,304100,302100,302200,304100,302200,302200,302100,304600,302000,302200,304000,302000,302200,304200,302200,302200,302200,304300,302100,302100,304000,302000,302000,303900,302100,302100,304400,302100,302100,332800,321200,318300,302900,334800,302400,302300,331800,302100,333500,329900,413100,302100,302000,358400,335300,383500,324000,302100,302200,331900,302200,302200,319600,315100,302200,302000,331800,302100,302100,331800,302000,302100,331700,302100,302100,331700,302400,302300,338600,302200,302200,302200,332300,302100,302400,332600,302300,302200,331800,302200,302300,323000,320000,302200,302200,333100,302100,302100,332300,302200,302300,332000,302100,302100,319000,357600,311300,358200,329900,302600,318200,348900,362700,305700,302400,330200,302600,305300,302200,302100,303900,302000,302200,304400,302300,303300,302600,304500,302500,302200,304600,302100,302400,304600,302600,302500,304700,302400,302300,302300,304300,303000,302400,364400,302300,302200,302300,304200,302200,302000,309700,302100,302200,318800,381100,360100,302100,302100,333000,302100,302300,380700,311200,311200,341400,316300,302000,309100,302200,302200,306800,302100,302000,305600,302100,302000,319200,319400,302000
#W oneshot crc_sick 256 512 500
185100,186900,181100,179600,178400,176500,176800,181900,180800,179700,178300,179000,177900,183400,177900,177600,177900,176500,179700,175700,176900,177600,180800,178800,181900,175100,175300,175000,176400,212000,262400,208500,201000,199500,198600,217700,209800,196500,192300,186200,187200,184000,181200,176900,176800,181600,180600,182400,182900,179400,178200,183800,184100,182300,209100,178600,180000,177000,175700,175400,175100,174600,177000,177600,176000,175900,176000,172500,174500,173300,173900,171500,171500,175300,175400,177500,179600,177900,173900,172800,169600,169400,170400,172000,171100,174300,172500,173700,173900,176800,239100,175800,174600,178400,174700,175600,181400,175500,174700,172000,170500,176200,174700,171300,169000,169600,169800,184600,169400,169600,168100,169500,169900,173100,170300,172000,173200,174500,172700,230400,192900,175700,187500,170000,171800,203500,170600,167400,168800,167300,167300,199200,169400,166500,165300,163300,163000,165400,162400,162200,162600,163500,163500,166400,163800,163800,163500,163700,162300,195100,164200,165000,164400,164100,165600,167300,164600,163100,164800,162700,161000,162800,162100,160300,162800,162500,161500,165200,164700,166200,166100,166300,172100,172600,172200,178200,177500,172400,172700,174300,169700,169700,168800,167700,164800,165200,162900,163100,163500,163300,165400,170000,166900,163300,164400,164200,166100,167500,165800,160400,158400,158900,161200,161500,158400,159700,161100,158800,157200,159600,157100,156700,156800,156200,157200,158500,186300,175100,188900,160600,156000,158500,157400,159300,157100,157100,157000,156700,158900,159800,157400,157000,155900,159700,160300,164000,159900,159200,158800,158800,158800,161700,159100,160200,158500,160000,160600,161800,163700,159900,159100,158000,157900,160300,165300,161400,160200,158200,158500,157700,158400,156000,155200,155300,155100,154400,156800,155900,156200,156400,157400,159300,155400,153700,152200,153800,154400,155200,156700,158600,153600,154200,155500,154500,153600,153200,154200,152300,152500,152500,153900,152700,165900,154200,153500,152200,152200,151200,152000,154200,152700,152500,153100,152800,152400,155800,153300,152500,154100,153300,154300,154700,184000,152000,151900,151900,153100,153500,212800,155000,153700,155400,154800,154700,153300,156600,155900,156700,159200,160200,157700,158500,157800,156000,156100,156500,158100,158100,160900,158700,159000,159500,159000,160800,163100,163600,163000,160800,161800,161200,161800,163900,163600,164100,162900,163800,165300,165300,163400,164600,163200,163800,164300,166700,163200,162300,159300,161900,161900,161900,158700,159900,160500,159700,159800,164300,161900,159200,159500,160200,162100,165900,166000,165500,163700,163900,162100,164000,159800,158000,157900,157900,157800,162400,162700,162700,163300,161700,160800,160700,163900,175700,163000,161800,161300,164000,190300,187200,182100,182200,167300,169800,165600,162800,162500,162500,164100,223200,210100,350300,228200,365100,533800,389200,271400,233300,211700,204200,200300,196900,193300,194700,195900,182900,183600,184900,187000,218800,185200,179500,178300,179600,208600,177200,176300,410200,225600,286900,175200,254600,190100,191700,174400,172300,169900,171300,202100,170300,171100,169600,168200,163800,199500,163400,161200,160600,161900,161700,191800,162500,161400,218400,164000,183200,177600,163600,164400,164300,165800,192800,164000,164900,165400,163900,162800,238700,168800,170400,170500,170400,169100,200200,167100,169600,168500,168300,198900,165800,167900,169400
#W oneshot checksum_NMEA 256 1024 500
286200,285900,303500,301900,287300,287100,316400,284900,286000,316000,285500,287000,287100,317200,284600,286600,314400,496700,286100,286000,304400,299600,287800,286000,317200,284200,285200,314600,284300,286500,285800,314700,285300,286100,315900,284300,286300,316100,287800,286000,284100,316200,285500,286100,314000,288200,285900,286400,317900,288800,285800,318800,285300,287400,318400,287400,287100,287600,317700,285700,284600,316100,288900,287400,302400,298300,286500,286100,315200,285800,284600,318500,314700,296600,302700,301300,288600,288800,315900,287900,289200,315500,287200,285400,285800,317800,286900,286200,315900,287300,286700,315500,286400,286000,287200,315700,288400,286400,315100,286900,285300,304400,299100,284500,287200,314500,284800,286800,332800,303100,285900,285900,316800,287200,286400,285500,315600,287300,286700,315000,285800,285200,317400,287500,286300,286200,317200,286400,288300,316500,286500,284100,302000,297600,285600,285400,315300,286300,285800,315700,286100,287800,285500,316400,286700,300600,306700,284900,284500,314700,288400,287900,286000,317400,289300,287100,317800,287300,287000,303800,301800,285700,286100,324200,286700,287100,285100,317000,286500,284100,316900,286300,284200,327200,286900,285000,285600,311200,294600,296500,297900,296300,296100,297800,295400,297200,294400,302100,286100,283300,287400,287200,285000,285200,289400,285300,287100,288200,284600,286900,285400,289900,286600,286100,289200,286500,285600,285100,287600,286500,284600,288700,286500,285500,285000,290100,285700,285700,288700,285500,285600,285900,325300,286500,285700,317400,287400,285200,285800,316300,286700,285300,316100,284700,285700,302200,299200,285000,285900,315300,286900,285800,315400,287500,286400,285400,314800,285800,286500,315400,287000,285700,315500,286500,286300,284600,315500,288600,286200,313400,286400,285300,285800,314900,286100,285500,313200,317000,287400,316200,285700,286600,287200,316500,285100,285800,343600,297700,286100,285400,315600,286100,286000,306600,323600,331600,316000,285800,284900,288100,313800,284700,286300,314800,285900,285600,284300,315400,367500,284800,314500,286600,285700,314700,286200,284200,301300,299100,285700,285600,314900,286100,286800,315700,286200,285300,285000,316000,284700,284200,315900,334700,285000,316000,286100,285300,283800,314300,285600,285200,310300,301200,286000,287500,367500,406300,301600,333200,364700,344000,298500,286700,287800,316400,285800,285700,316400,287400,285500,284600,290100,347700,424600,403500,296400,295100,299100,305400,284200,285300,288200,284900,285500,285800,286200,286000,285700,290000,285500,285600,287800,286500,286300,286000,302200,285200,285300,288300,287100,285700,288500,285200,285700,286400,290800,287200,286200,308200,303200,285200,287600,290100,286300,286100,287400,286500,287000,286200,289000,285200,285200,286500,287700,286700,287600,305900,550500,301700,305100,286200,287800,288100,285900,284100,284700,287800,284400,285000,286900,285900,286000,287400,286100,284100,284000,289200,285100,284600,286100,288000,286000,313300,288300,286800,286700,285700,285300,284000,286100,289700,286500,284600,303000,335100,284500,286900,287800,304700,327700,287800,290400,288800,287800,288500,285600,288900,287000,353100,296300,294300,299000,300400,303000,287200,288500,309000,302400,289800,319400,362500,295600,308200,286600,287000,330600,286400,288400,286000,288800,287900,287700,288100,286900,286500,288100,288400,285400,286700,287100,288100,287900,288600,288500,286600,288900,289400,287800,286000,286800,350100
#W oneshot crc_8 1024 128 500
264900,283700,277300,268600,271500,304000,309000,292600,267200,264600,264700,264600,266500,264800,264800,264900,267100,264900,264800,264700,267000,264700,264800,266900,264800,265100,265000,266900,264900,264900,264800,267100,264800,265100,265300,267100,265300,265200,267400,265000,265000,264800,267100,265000,264900,264700,266600,264800,264800,264700,266600,264900,265400,267000,264900,265000,264700,297500,266800,265500,281400,337000,273800,274600,280000,277300,275800,276100,275400,303300,296700,272800,310600,356900,277200,264800,279900,308900,306800,345300,274100,279500,295500,267800,265300,264800,266800,264700,264600,264600,267100,264700,264900,265200,267000,265000,264900,264700,266500,264700,264600,267000,264800,265000,264800,281800,279800,264700,264900,266900,264900,265300,267200,264900,264900,264900,295600,264600,264600,264600,298600,264900,264600,264800,295200,264800,264800,294600,264700,265000,265100,294800,264700,265000,279000,279700,264700,264700,294200,264700,303100,339000,264700,264600,266900,264600,264600,264600,266600,264800,264600,264700,266400,264600,264600,264600,266600,264700,264600,266400,264600,264600,264600,266700,264800,264700,264600,266900,264600,264600,264800,266800,264600,264700,266700,264700,264900,264700,266900,264600,264700,264600,266500,264700,264700,265400,298000,265000,264700,280300,264600,264700,264600,266800,264700,264600,264600,266400,264600,264600,266500,293700,295700,265400,267100,264700,264900,264700,295600,264600,264600,266900,264800,264700,264700,266500,264600,264600,264800,270000,264900,265100,264800,266700,264900,264600,266400,264800,264600,264600,266500,264800,264600,264700,266600,264600,264700,264600,266800,265500,264600,264700,266700,264600,264700,266500,264600,264700,264700,300500,264600,264600,264600,266600,264600,264700,264600,296700,264800,265000,264800,267500,264600,264700,297300,264800,264900,264900,266500,264700,264700,264600,266400,264700,264700,264900,266500,264800,264900,266800,264700,264600,264600,266300,264700,264800,264700,267000,264700,264700,264800,266700,264800,265000,266500,264900,264700,264800,266600,264600,264700,264600,276100,264700,264500,264700,266600,264600,264700,266600,264600,264800,264600,299300,303500,264600,264600,271600,264600,264600,264600,268200,264600,264600,264600,268100,281600,277500,268200,264600,264700,264700,268600,264600,264600,264600,268200,264600,264600,268700,264600,264600,264700,268300,264700,264700,264600,268300,265000,264600,264900,268500,264600,264600,264600,268100,264600,264900,268100,264800,264600,264600,268500,264600,264700,264900,268600,264600,264700,264600,314200,264600,264700,312700,264600,264600,264600,266400,264600,264600,264700,266400,264600,264600,264600,266400,264700,264600,264600,294700,264600,264600,266500,264700,264700,264600,266700,264600,264600,264700,266500,264800,264700,264700,267100,264700,264600,266600,264600,264600,264700,271700,264700,264700,264600,266600,264600,265000,264600,266600,264800,264700,266900,264700,264600,264600,296300,320100,264600,264600,267100,264700,264700,322400,269000,264600,264600,264900,266800,264700,264800,266600,264600,264600,264600,266300,264700,264700,264600,266600,264800,265900,264500,267000,264600,264900,267400,264800,264800,264700,266700,264900,264700,264600,266600,264800,264700,264700,266600,264800,264700,264600,266400,265100,264900,266500,264600,264600,293700,266900,264700,264600,264800,356100,278800,264600,268700,264600,264600,264600,266500,264600,264600,264600,325500,264800,264600,264600,266500,264700
#W oneshot crc_16 1024 128 500
310700,309000,309000,311200,309000,309000,311100,309100,309000,310700,308900,309100,311000,309000,308900,308900,316400,309000,308900,311500,308900,309100,310700,308900,308900,310900,308900,308900,309000,369100,310800,400700,324500,379100,312700,308900,309000,312400,308900,308900,309000,312200,308900,308900,355400,309000,308900,310900,308900,308900,308900,310800,309000,308900,338400,309000,308900,311400,309300,309000,311500,309100,309100,309100,310900,309000,309200,311000,309300,308900,310900,309000,308800,310700,309100,308900,326100,322700,308900,309100,311300,309500,308900,311200,309200,308900,310700,309000,369600,360700,435100,311500,309000,308900,310700,308900,309000,367200,310700,309000,308900,311000,308900,308900,310700,309000,308900,310700,308900,309000,309100,373200,309300,309300,311600,309700,309000,310900,309200,309100,311400,309200,309000,311000,309100,309000,311000,309100,309500,309000,310900,308900,338800,310900,309000,309000,310800,309100,309000,327300,321400,309000,311800,309300,309200,309000,311200,309000,308900,370100,309000,309000,309000,310800,309100,308900,310800,309000,309000,315900,309000,308900,311300,309100,308900,310700,308900,308900,309000,310700,309000,308900,310600,309000,309200,310900,309100,309100,311100,308900,308900,308900,311200,309100,309000,310800,309000,308900,330900,414600,366000,322500,312500,309000,309000,310800,308900,308900,310900,308900,308900,309000,367400,310000,405500,318400,319300,369400,327400,345500,417800,364600,318500,332700,308900,373000,367400,308900,308900,310800,309000,308900,310700,309100,308900,308900,310700,308900,308800,310700,309000,308900,310700,309000,309000,310900,309100,308900,309000,311100,309100,309100,310700,309200,308900,310700,309000,309000,310700,309100,309000,310700,309100,309100,309600,338800,309100,309200,430000,330900,324000,326000,309100,309300,339000,309400,309100,355300,453900,318400,324700,343200,309000,309200,309100,310700,309000,309100,310700,309100,309000,310700,309100,309000,311100,308900,309000,308900,310700,309600,309000,340400,309000,309200,311000,309500,309200,324800,309100,309300,311400,309000,309700,310900,309100,308800,308900,311000,308900,309000,342000,308800,309000,311500,309000,308800,310800,309300,309300,311000,449600,318700,356300,309300,309100,311800,309100,309700,308900,311100,308900,309000,310900,309000,309200,311400,309100,308900,310700,309000,308900,311000,309000,309000,309000,311100,309000,309100,311300,309200,309000,311300,309000,309200,310900,309100,308900,309000,310800,309000,308900,339200,308900,309000,310800,309200,309100,385600,325000,310800,402100,333100,309000,352700,376500,332900,341600,321400,309000,309000,339600,309700,309100,338800,309200,308900,338300,309000,308900,338400,309200,309100,352500,309000,309000,338900,309100,310000,339100,309100,309000,326200,321800,309000,309100,338700,309100,309000,338600,309000,309000,338700,309000,309300,340900,309200,309000,339100,309100,309100,312000,309000,309100,309000,310800,309900,309400,397300,440400,358000,406400,424200,308900,308900,310800,309000,309000,310700,309000,308900,310900,308900,309000,310900,309000,309100,311300,308900,309000,308900,311000,309000,309100,311400,309200,309300,311400,309000,309300,312300,309200,309600,309700,339900,308900,309000,311200,309000,309000,372400,309200,309100,308900,311000,309000,309100,311000,408000,359500,323500,309300,308900,311100,309300,309000,316900,308900,309000,311000,308900,309000,310700,309500,309000,309300,311600,309000,309000,311100,309000
#W oneshot crc_modbus 1024 128 500
316700,316500,318300,316900,316700,354900,329300,316800,319400,316800,316700,318400,316700,316800,316500,345600,316800,316700,318100,316800,316600,318300,316800,316700,443400,326300,325400,331300,326500,326100,329300,326300,326500,329200,326300,326800,329500,326300,326300,329000,326400,326200,329100,326300,326500,326200,329200,326300,326200,329200,326400,326400,328700,326300,326400,329900,326400,326400,329100,326200,326500,329300,326500,326400,329500,326500,326600,332100,326400,326400,330800,326300,326200,412500,344700,316800,346800,316800,316800,318100,316900,316700,318100,316800,316900,318000,316800,316900,318300,316800,316600,318500,316900,316600,316600,318300,317000,344800,318200,316700,316700,318300,317000,316700,318300,316900,316600,318200,316800,316800,318200,317000,316600,317900,316900,316600,316600,377500,316800,316800,346300,316800,316600,346000,317000,317000,318800,317100,316800,318200,316700,316600,317000,318200,316900,316700,318200,317100,316700,318400,316800,316800,318200,316800,316700,318300,316700,316600,318400,316700,316800,318500,316700,316500,316700,318700,317000,316700,318200,316800,316600,317900,316800,316700,318200,317000,316800,359500,363400,329500,338000,456700,335800,392200,330400,318200,316800,415700,332700,345400,329900,321600,317000,316800,319900,316600,316600,320400,316800,316500,316700,320000,316900,316800,319600,316700,317100,319900,316800,316900,320500,316800,317000,320700,317100,317000,320300,317100,316600,320400,316900,316500,316600,320000,316800,316900,372500,329200,369300,316900,316700,316700,353600,316900,316700,319800,316900,316600,435000,442100,316600,331300,331700,316900,316900,345400,316800,316500,345400,317000,316700,345300,316800,316500,345600,317000,316700,422500,316600,316600,345900,316900,316700,345600,316800,316600,349400,316900,316800,345600,316900,316700,345400,317100,316600,345700,316900,316700,344900,316800,316500,345300,316900,316700,345900,316600,316700,386900,418100,436500,406300,411600,319900,317200,316700,318900,317200,374000,318200,316800,316800,318300,316700,316700,318600,316900,316700,316600,318300,317000,316600,318500,317000,316600,318500,316700,316800,318900,359400,347700,482500,335400,316700,316600,345500,316800,316700,345100,316900,316700,350900,316900,316700,332700,329300,316800,331100,331600,349200,333700,329400,316700,317100,346300,317200,316600,345600,316900,317000,345300,316800,316900,346000,317000,316600,345400,316900,316900,359600,316800,316700,346100,316800,316700,345400,316800,316600,348200,316800,316500,318900,316800,316700,318100,316800,316900,318200,317000,317000,318400,317000,317000,317000,350900,316900,401200,343200,353100,326300,341700,317800,317200,347300,317100,316900,347000,317100,317700,347900,317200,316800,319300,316800,317000,318300,317000,316800,318100,316800,316700,318300,345100,316900,316700,370600,340500,316700,316500,345600,316800,316900,345300,316800,316700,345300,316800,316800,345500,316900,316800,345600,317000,316600,338700,329200,316800,316500,345700,316900,432100,316700,316600,346000,316700,316900,332900,329800,316700,316600,350500,316900,316700,345700,316700,316900,346200,316900,316600,345200,316900,316600,447200,344600,329100,325500,326400,327800,326400,326200,328200,403300,326900,339500,316800,316900,346400,316900,316900,333600,329100,316800,333400,354400,327600,395800,334800,333600,368100,336200,499900,469600,356200,392700,316900,359000,360600,316800,317100,345700,316800,316600,345600,316800,316600,332900,329300,316800,331100,331600,317000
#W oneshot crc_32 1024 128 500
306900,306800,336900,307000,306900,337100,306900,307400,336600,307200,306900,336600,307000,307200,324400,342900,306800,306900,336500,306900,307200,326000,373800,316800,518400,316500,316700,323800,316400,317800,320400,317500,317700,320900,316200,316300,320900,316100,316400,319900,316500,316700,319700,316200,316500,319500,316500,318000,318800,379600,320400,306900,337500,306800,307100,336700,306900,307100,336800,306800,306900,337100,307100,306900,336900,306900,306800,336600,306800,306900,323800,321400,335100,307200,337000,323200,419500,306900,306900,321500,321900,306800,306900,336700,306900,306800,336700,306900,306800,336600,306900,306800,336500,307300,307000,336900,307000,307000,324500,306900,306900,307200,336600,307500,307100,309300,307000,306900,309000,307300,307000,308800,306900,306800,306900,349800,307000,307000,337400,307000,306900,422400,316500,380700,306900,306900,306900,351800,320000,306900,308800,306900,306800,336700,307300,307000,309600,307300,306900,308800,307200,307000,307000,309000,306900,306900,309000,307100,307300,309100,307700,307200,309500,307300,306900,307200,309200,307000,307000,308900,306900,307100,308900,307200,306800,309200,307100,306900,306800,337100,306800,306900,360900,357000,323400,331700,307200,308200,338100,307900,308600,339900,307800,307100,309600,306900,307000,307000,308900,306900,307100,308900,306800,306900,308800,307000,306900,308900,306900,307000,307100,309000,307000,308000,370600,307100,307500,309900,307200,307200,320600,306900,307000,309600,307100,306900,307000,308800,306800,307100,388200,306900,306900,337800,306800,306900,343700,306900,307000,306900,336500,306900,306900,336600,306900,307100,336800,306900,306900,337200,306800,307100,336700,307000,307000,337500,307100,307200,324400,319400,307000,307400,336700,307300,307400,336800,307000,307300,337100,307100,307200,337200,307000,307000,336500,306800,307300,327000,387600,324200,310600,306900,306900,309100,307200,306900,306900,368200,306900,307000,307300,308800,307000,307300,308800,307000,307300,308800,306800,307200,309000,307000,307300,307300,308900,307400,307300,309100,307300,307500,309100,307300,307200,309600,307100,307000,307100,314300,307300,307500,309500,307000,307100,308800,307100,307100,338100,307000,307000,309100,306900,307000,307000,308800,307500,306900,309300,306800,306800,367200,309000,306900,306900,308900,306900,306800,308900,307000,307000,309400,308400,307100,307400,309400,306900,307200,309300,307000,307200,308700,306900,307000,308800,306900,307000,307700,308900,307000,307100,309200,307000,336300,309500,306900,307000,353300,372100,322700,310600,306900,306900,309500,307500,307000,309600,307000,307000,307000,308800,306800,307100,368600,306800,307000,306900,308900,307100,307000,308900,307200,307100,308800,307600,308200,307500,309800,307100,307100,309300,307000,307200,314200,307200,307400,309200,307200,306900,306900,307100,307500,307000,308800,306900,306900,338000,307000,306900,309500,307500,307000,309500,307000,306900,307000,309600,307100,306900,308800,306900,306800,308800,306800,307000,365200,313000,306900,307200,309000,306900,307400,307200,309000,307000,307000,308900,307300,307000,337800,307000,307100,308800,306900,307100,308700,306900,307300,307000,309100,306900,307100,308900,307100,307000,347700,307500,307200,310500,307100,306800,306800,309100,306800,307100,308700,306900,306900,308600,307000,307000,308800,307100,307200,306900,308700,306800,306800,371100,307300,307000,306800,308800,306900,307000,308900,306900,307000,309600,307400,307100,313800
#W oneshot crc_64_ecma 1024 128 500
318700,316800,316800,318600,317100,316800,317000,347300,316900,316900,318700,317000,316900,318900,316800,316900,318700,316900,345800,318800,316800,317400,318800,316900,317100,318600,317000,317400,318700,316800,316800,316800,378800,316900,317100,319400,317000,317000,318900,316800,316900,318600,317200,317300,316800,318900,316800,316800,318700,316800,316800,318800,317100,317000,347500,316700,316700,319500,316900,316800,319200,316800,316800,318600,317100,317000,317100,318800,317200,317000,318800,316800,317000,318900,316900,316800,318700,316800,316800,318500,316800,317100,377100,319600,317000,316700,318700,317200,316900,322800,316800,316700,318700,316800,317000,318600,317200,317000,319100,316800,316800,316700,365100,331700,316900,320400,316800,316800,319200,316800,316700,318500,317800,316900,318700,316800,316900,318600,316800,316700,318900,316800,316800,318600,317000,317000,316800,319000,316800,316800,319100,316700,317100,381100,317100,317200,319000,316800,316900,317100,318700,316800,317600,318700,317100,317000,319400,317100,317500,350700,347900,391000,339300,317500,317000,319300,317100,317200,319000,316900,316800,318700,316800,316800,319200,316900,316900,318700,316700,316800,318500,316800,316900,317100,318700,316800,317200,318700,317000,317000,324100,317300,318100,379900,317000,317300,317000,318700,317900,316900,319100,317100,316800,318500,317000,317200,349900,316800,316800,319000,316800,316900,318800,317200,317300,319200,317000,316700,317100,318800,317200,317100,319000,316800,317000,318900,316900,317000,319200,317100,317000,319000,316800,316700,318800,317100,316900,318700,316900,316900,316900,319200,317000,317200,380700,317100,316900,319000,316800,317300,317200,318600,316700,316800,402900,316900,319400,316800,316900,316900,318400,316700,316800,318500,316900,317200,318600,316900,316800,318500,316900,316800,318800,317000,317000,318500,316900,316800,318600,317000,317100,317000,318600,316800,316700,332500,316900,316800,318900,317100,316800,318600,316900,316800,318600,316900,316800,349500,319200,316800,316700,348100,317100,316800,319300,317200,316900,319200,316800,316800,319100,316900,316800,318700,316900,316800,319300,316900,316700,317300,318800,316800,316900,318900,316800,317800,319200,316700,317000,318700,316800,316900,319000,316800,317000,319200,316800,316900,318800,316800,346500,317400,318900,316800,316800,318400,316700,316900,385900,316900,317100,319000,317100,316700,319000,316900,316800,316700,318500,316700,316800,318500,316900,316800,318500,316800,316700,318700,316900,316700,318700,317500,316800,319400,316700,316800,318900,316900,316900,317300,329000,317000,316800,319200,316800,317000,318800,316900,316700,318500,316700,316700,318800,316800,316800,338500,335500,318500,340100,333000,317200,317000,347200,316800,316900,348000,316800,316800,346300,316800,316900,346600,316900,317300,347200,316800,317000,347500,316900,317300,347100,317000,316900,347200,317200,316800,347700,316800,317100,347600,316700,317100,347200,316800,316900,346800,316900,316800,347100,316900,316700,348300,316800,316700,346800,316700,317100,336200,335000,317000,316700,346400,316900,317100,346600,316900,317200,346500,316700,316900,346500,316900,317000,346500,316700,316800,346600,316800,316900,351300,316900,317300,347100,316900,316900,346400,317000,317100,346400,316900,316800,346200,316800,316800,346400,316900,317200,334000,329400,316700,316900,358300,346200,336000,329300,316800,331400,338600,317000,316800,348500,317400,317100,346800,317100,316800,347100,317000,317200,346500
#W oneshot crc_64_we 1024 128 500
346400,316900,316800,346400,316800,317000,346600,316900,317200,346300,316900,316800,346400,316900,316700,347000,317000,316900,346800,316900,316800,333500,332100,317400,316700,318700,316700,316800,318700,316800,316800,381500,317900,317000,319200,316800,316700,316900,318800,316900,316800,318500,316700,316800,318700,316800,316800,323500,316700,317000,319300,316800,317000,319100,316800,316900,318600,316800,316900,317000,318800,316800,317200,318900,316900,316800,318600,317000,316900,350200,316900,316700,319200,317000,316900,318800,316800,317200,319300,316900,316800,316800,378000,317000,316700,318600,316800,316700,318900,316800,316900,318900,317100,316900,316800,318700,316900,316700,319100,317200,316900,318500,316700,316800,318700,316900,317000,319500,317200,316800,318600,317000,316900,319200,317000,316800,316700,349500,316800,316900,319500,316800,317000,318800,316800,317000,318700,316700,317200,318900,316800,316800,377700,335500,330300,316900,319200,317000,317100,318800,317000,316800,322700,317500,317100,318600,316800,316600,347700,316800,316800,318900,317400,317000,319000,316800,316800,316700,318700,317400,316900,318600,316800,316800,405900,333400,330900,319900,317400,316900,318900,316900,316700,319100,317000,316800,318700,316800,316700,318500,316800,316900,362100,334800,316900,316900,319700,316800,317300,319500,316800,316800,318600,316800,316700,318900,316800,317000,317200,318800,317000,317000,318900,317000,317400,319100,316800,316700,318800,316800,316900,348500,316900,317500,324100,316800,316800,318900,317000,317300,316800,318500,316900,316700,318400,316700,316900,318600,317300,316800,318600,316900,316700,363900,316900,316800,316900,318800,316700,316700,318800,316800,316700,318800,316800,316900,318700,316800,317100,318800,316900,316900,318500,316800,316600,316800,318900,316900,317600,348200,317100,317200,319300,316900,316900,318900,316800,316700,318600,316900,316700,318900,316800,317300,318800,316700,316700,318700,317000,317200,316800,318900,316700,316800,378700,317000,316900,318800,317100,317000,319100,316800,317000,316800,318800,317000,316800,318500,316700,316800,318700,316800,316800,319000,317000,316800,354600,317000,317100,319400,316900,316800,318800,316700,316700,316900,318800,316800,316800,318600,316900,316800,318900,317000,317000,319000,316700,366000,351200,316700,316800,319200,316900,317100,379100,476200,342500,374300,348300,379700,388300,317000,347300,316900,316800,346600,316600,316800,333900,329400,317200,333600,330100,316900,316700,347100,317000,316800,347600,317000,316700,346800,316800,316900,346400,317700,317100,347200,385800,366500,334700,411300,347200,316800,316700,346500,316700,316800,346400,316700,316700,353400,416900,326500,341500,317300,317000,347100,317900,317300,348400,317000,316900,319200,316800,317000,318700,317000,317000,316900,319100,316700,316800,318800,316800,317200,318600,316800,317100,319800,317300,316900,319100,317000,317000,319000,317000,316900,342000,507300,358600,316700,316700,318600,316700,316700,318600,316700,316800,345300,336000,358800,322800,317400,317000,320500,316900,316800,353300,316800,331200,336000,316900,316900,320800,316800,317100,320500,316700,318100,320700,316900,317000,321000,317100,317300,316900,321300,317100,317200,320900,317100,316900,321300,317200,317700,320800,317100,316700,321000,349200,316800,321500,316700,317500,325600,316800,316700,368100,390400,344300,348400,316700,316700,347000,316900,316800,346700,316800,317100,366300,333200,317000,316600,318800,316700,316800,318500,316800,316700
#W oneshot crc_ccitt_1d0f 1024 128 500
344600,347000,344600,344600,351800,344500,344700,346600,344500,344500,346800,344700,346600,344700,345200,347000,344600,344600,393800,436100,361200,421700,382800,367500,344700,344700,374500,345200,345000,375200,344700,344600,382200,344600,344800,374200,344600,344600,374200,344800,374400,345200,345000,374400,344800,344700,374900,344800,344900,375700,344600,344600,374400,344600,361600,357500,344700,375100,344700,344600,469700,367100,344700,376000,344800,374800,345000,344600,346800,344800,344800,346600,344700,344500,346400,344600,344600,405600,344600,373100,347100,344600,344600,347200,345100,345100,346900,344900,344900,352300,344700,345000,346800,401900,346800,344600,344600,346600,344900,344800,346600,344600,344800,375000,344600,344800,347300,344500,345200,346700,344700,344800,346800,344700,345100,346400,344700,346400,344700,344600,346400,344600,344500,403800,347200,345200,344800,346700,344700,346400,344600,344500,346400,344700,344600,346300,344600,344700,378700,349300,345400,377900,346700,351200,391900,357300,363500,369400,378100,348800,344600,344900,346500,345200,344900,380300,344900,344800,347200,344500,344700,346500,344600,346700,344800,345000,346500,344900,344800,404100,347600,346100,450100,355000,403900,361900,398000,407100,394500,358900,467200,357800,344600,347100,373200,399700,346500,344500,344500,346500,344500,344600,346600,344600,374600,344500,344700,347100,344600,345000,346500,464500,364400,389100,345300,346900,344600,344600,346600,344800,344900,347200,344800,344900,374700,344700,344600,346700,345000,344700,346500,359500,358600,375300,344900,348400,344900,345200,346500,344700,344700,346600,344800,344800,346600,344800,344700,346500,344800,345100,346600,344800,344600,346500,344500,344500,346400,344600,390300,522000,364800,440300,364700,389000,364800,404300,600700,355700,355900,365000,367700,423100,553900,536600,345000,344900,377400,345800,362400,362200,345800,378800,346800,346400,377600,346200,346000,442000,344600,344600,351200,345200,345600,352600,346600,345700,351400,345300,345800,351500,345800,346400,446500,344800,377300,349400,347000,347200,349800,346800,345500,348600,346000,346300,347700,345500,348700,345100,345400,347100,346300,346900,350300,345400,347200,349600,347900,345200,349300,345800,363500,368500,410100,367600,380400,363200,430400,430400,375200,355200,357700,359700,358700,358300,359000,359200,360100,359700,447800,414000,381800,363600,355200,1280200,451600,360000,390900,344600,374100,344600,344600,374700,344500,344500,375300,344600,344500,374300,344600,344500,374300,344500,361600,357200,344600,374200,344900,344500,374500,344600,344900,374900,344900,344800,372600,358200,357200,358000,357100,357200,370100,448600,426000,357900,375000,420000,363400,357400,347200,344800,347200,344800,344600,347000,344800,344600,346500,344600,344500,347100,344500,344600,346400,344600,344700,346300,344700,344600,346400,344700,344800,346600,344800,344700,346600,344700,347400,358800,344700,346800,344500,344600,364000,357200,357100,360100,355900,355900,479500,355000,355100,357200,355100,355200,356900,355000,355000,356900,355100,355000,356900,355000,357200,355100,355100,357400,355100,355600,356800,355100,355000,357200,355500,355200,356900,355300,357200,355100,355100,357200,355200,355200,357000,355200,355100,356900,355000,354900,356600,355100,357600,359300,357200,390100,355400,356300,363800,358000,4796400,361600,355300,356500,393600,344600,344600,347000,344600,344600,360000,344600,346800,344800,344500,346400,344600,344500,346700,344700,344700,346300
#W oneshot crc_ccitt_ffff 1024 128 500
376400,344600,344600,377200,375700,346000,346400,346700,346300,346400,351600,344900,345700,347000,345300,344700,346600,344700,344600,346600,345100,344700,346500,344800,345100,346700,344900,347300,344600,345000,346900,344900,344600,347100,345000,344900,346600,344700,344600,346700,345200,344700,347200,344800,344600,390600,344600,344900,347700,344600,346400,360300,360100,377600,348400,347000,347500,346700,346600,352700,344700,345000,347100,344900,344600,346600,344600,344700,360100,345100,344800,346900,344600,344600,346800,344800,344900,346600,344900,345100,346600,344900,347100,345000,345000,346900,344800,344700,365700,387000,345000,346900,344600,344800,346900,344600,344800,347300,344800,378800,344700,344700,376900,347800,346500,347600,346100,346800,347400,349600,344800,347800,345200,345500,346700,344600,344800,347100,359800,360800,347000,344700,344600,346900,344600,345700,347000,344800,345400,346600,344800,345100,376600,345100,347000,344900,344800,346600,344600,345100,347200,344800,344900,346500,344700,344700,346400,375900,344600,346600,344700,344700,379300,347400,348600,346700,345900,347900,354000,344600,345100,346800,344700,346500,344700,344900,346600,344600,344800,346700,344900,344700,346700,344700,345000,377200,345500,345100,347700,344700,344800,346700,345500,344900,346900,344700,344800,346700,344600,346600,344700,344600,346800,344600,344600,347500,345000,344800,346600,344600,344800,406600,348500,462100,344700,344800,376000,344700,346100,379400,348600,428000,367700,386300,480200,367500,368200,344900,420200,360300,344900,344600,346700,344500,344900,347100,345000,344900,346800,344600,346400,344700,344800,347000,344800,345000,347000,345000,344800,359900,344900,431200,361500,372100,365100,344900,344600,348400,344600,344600,369900,356600,356500,362900,356600,356800,375300,345000,376300,392700,345000,380400,344700,344700,348600,344700,344600,348200,345300,345200,349300,344800,344600,348400,345200,349100,344800,345100,349100,344800,344900,349200,345000,344700,348900,344600,344700,382200,495700,344600,344600,374300,344600,344600,374000,344600,344700,374600,345800,377300,345900,345300,390700,355500,355000,358000,355100,355000,356700,355000,357000,355100,355100,357300,355000,355100,356800,355000,355200,357000,355000,355100,356900,355100,371800,355100,355600,358000,355400,355000,361100,355100,355300,357000,442300,358000,355000,355100,356900,355100,355100,357000,355000,355000,359200,356400,392800,383700,355200,359800,385600,355000,428700,895700,540200,374700,383500,344600,344900,345700,349600,344800,346600,344600,344600,346900,344900,344800,346800,344800,344700,346500,344600,344700,346900,344700,344700,346900,535100,519800,364200,424100,451300,402300,391500,373100,347700,344600,344600,378400,346000,346000,347300,347400,346600,349800,349500,345100,346700,344700,344800,346700,344900,345100,360900,344700,344500,346800,344600,344700,346400,344600,344800,346900,344600,344600,346800,345000,344800,346600,345100,346500,345000,344900,473900,415600,401600,352000,344600,344700,348400,344800,344900,347800,344600,344600,347700,344600,351600,346700,345900,352800,345900,346100,352300,345300,345100,349900,344700,344700,348600,344600,344900,349000,344700,344900,348400,344700,344600,348100,344800,348500,344800,345000,349200,344600,344800,349400,344900,345100,421100,413100,435900,344600,347600,344600,344600,347000,344700,344500,346300,344600,344600,346300,344600,344600,346400,344600,344600,381200,356000,356800,358900,356500,360300,363700,345100,348200,344700,344600
#W oneshot crc_xmodem 1024 128 500
344500,346300,344500,344600,346300,344400,346600,344600,344500,362400,357300,345000,346700,375300,344600,375700,344700,344500,346700,344800,344800,346900,344600,344600,346500,344800,346600,344500,344600,346500,344600,344500,377600,348300,378400,347500,345500,346300,351600,344900,344900,346500,344600,344900,346600,344600,344900,346600,344700,345200,346800,344700,344600,375800,345200,344900,346800,344800,344900,346400,344800,379100,344900,344700,347300,344500,344800,346700,344700,344600,358500,344600,344700,346500,344800,344800,346800,344600,344500,346300,344500,346400,377200,346900,347000,346800,346300,347600,349500,345100,347000,345000,344900,346800,344600,344600,376200,344800,344800,347000,344700,344500,346300,344900,344800,375500,344500,344800,362500,360100,347200,344600,344700,346900,344700,344600,346600,345200,344900,351800,344500,344500,346600,344500,344500,346600,344600,344600,346300,344600,344700,406800,347200,347100,346700,346400,346900,351100,345100,344700,369000,367700,349900,345000,344900,347200,345000,345000,346600,344700,344500,346700,344800,344800,359700,344700,345000,346900,344600,344700,346700,345100,344700,347900,344700,344700,346800,345300,410900,346100,344700,347200,344600,345000,347300,344900,447400,407500,358100,405500,347600,346800,346700,345900,345900,347700,379700,345100,345200,347200,345000,346800,344600,344600,346600,345100,344500,346500,344500,344700,346500,344800,345000,347500,345000,344800,346800,344600,345300,347400,345000,344600,346700,344600,344700,346500,345300,347200,344900,344500,346400,344600,344500,346500,344500,344500,404700,347300,346500,346900,347400,346900,368900,391000,388700,355300,370000,345700,345800,358200,345200,345300,348200,345600,345300,347900,345200,344600,346500,344500,346500,344800,345200,346700,344600,344600,346600,344800,344700,346500,344700,344900,346400,344700,344800,346600,345100,344600,347100,344500,344700,346400,344500,345400,500000,357000,344900,389500,355600,358400,363300,363200,425300,370200,492400,420900,357600,375800,344500,344500,374300,344500,344500,374300,344600,344500,374100,499000,366500,434200,344500,374600,344600,374200,344700,344500,374100,344500,344500,374000,344600,344500,374100,344600,344600,374000,402600,377200,356100,355800,359400,356200,356000,467000,355000,362100,344800,344700,346800,345300,344600,347100,344700,344500,346800,344600,344500,346600,344800,344600,346700,344500,344500,553600,344600,344500,347500,344500,344500,346400,344500,344600,346400,344500,344500,346500,344500,344500,346400,344500,346800,344500,344500,374400,347100,381900,376600,355100,358500,355200,355500,360000,368600,345100,348500,344800,345000,346800,344600,344700,346700,345000,344600,346800,344700,344500,346200,344600,346800,344600,398900,408400,360600,397300,895000,374900,365700,344500,365100,357400,344700,374100,344500,344600,388200,344500,344700,368700,356500,357000,356900,357200,356600,371600,344900,345000,374800,344900,345000,374200,344700,344600,374800,345000,362900,357200,344600,374500,344700,344900,375100,344700,345000,376300,416600,393000,362100,439000,374800,344500,344600,374200,344500,361100,357700,344500,374200,344600,344500,374000,344500,344500,367000,356200,356500,358600,356300,359400,366300,345700,375400,344600,344800,374600,344600,344700,375000,345000,344500,374300,344600,359400,359600,344700,374500,344900,344700,377000,344500,344800,540700,402500,344500,361400,357400,344500,374400,344600,344600,387000,344500,344500,374400,344500,344500,374200,344500,361200,355700,356100
#W oneshot crc_kermit 1024 128 500
309300,327600,321900,309200,309300,339700,309200,309200,339100,309100,309200,339300,309200,309100,339300,309200,309100,329900,327900,309500,340000,309100,309200,339800,309500,338400,341200,309400,309800,324300,322600,309300,309200,340200,309200,309200,339200,309300,309300,339600,309100,309200,339300,309400,309600,331900,320900,320300,320400,319800,319900,321000,333400,309500,309300,339400,309400,309300,339000,309400,309800,339300,309300,309400,309300,364100,320200,322800,330200,310500,309600,340800,309500,309800,352900,310200,309900,340900,309200,309200,340500,309400,309200,339300,309200,309300,339400,309200,309300,340100,309300,309400,330600,321900,309500,309300,364100,320300,320500,321700,320700,320500,321400,329200,309400,309200,339500,309900,309400,340200,309500,309100,340500,309200,309400,339700,309300,309500,339300,309100,309400,339800,309100,309500,309300,340200,309500,309200,340300,309200,309200,339500,309400,309200,340300,309100,309300,339000,309400,309900,339600,309400,309200,339000,309000,309300,327200,349900,320200,319800,320900,319900,320600,337600,310300,309700,326800,322600,309300,309100,386100,318500,322100,318700,318500,318600,321100,324800,309200,345600,309200,309000,339400,309300,309100,339000,309100,309300,339500,309100,309400,339700,309500,309300,339600,309200,309600,323700,324500,309400,309400,339400,309300,309600,339400,309300,309200,361800,321200,320400,320100,320600,320900,320800,332600,309300,309200,343600,309300,309500,340200,309700,309300,339500,309200,309400,339100,309300,309500,309400,339300,309300,309400,339600,309300,309600,339600,309400,309500,340000,309300,309600,340100,309300,309700,311800,309500,309100,311200,309200,309300,309300,311100,309100,309300,311200,309200,309300,369100,312700,311500,311800,325800,353400,341200,397800,357200,325800,341300,309400,309600,344700,309300,309300,311400,309300,309600,311400,309200,309300,309100,311300,309100,309200,311200,309100,309200,311300,309100,309200,311500,309500,309100,309400,311500,309100,309400,311600,309600,309800,312300,309100,309100,311400,309300,309100,311600,309400,309300,309400,370000,311200,311000,310400,310700,310000,312200,347600,310100,340900,312800,311300,311000,313700,309400,309500,311500,309200,309200,311100,309200,309400,309400,311100,309200,309200,310900,309200,309200,310900,309300,309400,311200,309200,309300,309400,311600,310300,309700,312000,309300,309200,311500,309500,309400,311600,309300,309300,311300,309200,309300,309200,369800,311400,311300,311600,310400,310300,311500,377300,309200,309300,312800,309100,309300,311100,309100,309000,311100,309200,309200,309200,311200,309200,309300,310800,309200,309200,310900,309200,309200,311100,309100,309300,309200,310900,309200,309300,311400,309300,309200,369000,309400,309300,311800,309300,309700,311100,309100,309300,311500,309100,309300,309300,372400,311000,311200,312200,310800,310700,311800,344600,309500,309200,341100,309600,309300,311100,309300,309200,311800,309200,309400,309400,311400,309600,309300,311100,309200,309100,311300,309700,309500,311200,309400,309300,311900,309300,309300,309900,311600,309400,309300,310900,309300,309200,311000,309200,309300,311500,309100,309200,309300,322700,309600,309200,370700,311000,310800,311200,310600,309900,312000,345500,309200,309500,311500,309100,309200,311500,309600,309500,312300,309300,309500,311100,309300,309200,309500,311400,309200,309500,311300,309300,309200,311700,309700,309600,311900,309200,309400,309200,311400,309400,309200,311100,309200,309400,316000,309200
#W oneshot crc_dnp 1024 128 500
309000,309200,309100,370600,309900,309800,310200,310100,310000,345500,326400,309300,318100,309200,309200,309200,313200,309200,309200,312700,309400,309200,312500,309200,309100,312700,309100,309100,309100,309200,309400,309300,312900,309300,309200,313100,309300,309300,313100,309400,309400,313300,309300,309400,309100,323100,309300,309200,313200,309200,309200,312800,309100,309200,312700,309100,309100,312700,309200,309400,309300,374500,319200,330400,318900,319000,319300,320000,336900,309900,310200,312100,309300,309100,311500,309700,309400,309300,311200,309300,309500,311200,309400,309500,311400,309000,309300,311100,309200,309400,309500,311500,309300,309700,311400,309400,309500,311300,309400,309700,311500,309300,309100,311000,309200,309200,309200,311200,309200,309200,343400,309100,309200,370500,311300,311000,311500,310500,310600,311900,315300,309300,310200,311800,309400,309300,311400,309200,309300,309200,311100,309300,309100,311000,309100,309200,311300,309200,309300,325500,309500,309200,311700,309400,309200,309500,311300,309400,309300,311000,309300,309300,311100,309700,309400,311400,309300,309400,309300,398800,309400,311900,309200,309100,309200,370400,310800,310500,311300,312000,311500,311800,314400,309200,309100,311000,309500,309300,311400,309100,309100,311200,309100,309300,309100,310900,309300,309500,311100,309200,309200,311300,309600,309800,311200,309300,309500,311800,309400,309400,309900,311900,309300,309500,311200,309100,309200,339700,309200,309300,311400,309100,309200,311200,309200,309200,309700,370000,311600,310500,310700,311100,310500,311900,313600,309500,309500,311100,338300,309200,311200,309400,309800,311800,309700,309300,324300,309300,309200,309400,311400,309100,309300,311600,309200,309200,311400,309500,309400,311400,309700,309300,311000,309200,309200,309200,344800,309200,309300,312500,309300,309100,311000,309700,309600,312200,309500,309200,311200,309200,309300,311000,309100,309200,309200,342500,310900,311100,311200,311500,311100,312500,314900,309300,309500,311400,309300,309200,311300,309100,309200,309300,311000,309100,309500,311100,309300,309500,311700,309400,309400,311100,309500,309800,327600,414600,419700,312000,309200,309300,347600,309200,309400,312200,309000,309100,311100,309300,309400,309200,310900,309200,309200,310800,309200,309200,371200,311300,310100,311400,310100,310400,328000,342900,310400,310200,341100,309300,309300,309300,311400,309100,309500,312000,310000,309600,311400,309200,309100,311300,309400,309400,327400,322400,309500,309200,309300,309500,309800,311900,309500,309400,311600,309300,309300,311200,309500,309300,311400,309200,309200,309300,311000,309400,309400,311800,309200,309200,385000,324200,310300,311300,310200,310600,312000,316700,337800,309500,311200,309800,309500,309600,311900,309400,309600,311200,309200,309300,311400,309500,309400,327900,327300,309500,312000,310000,309500,309700,311700,309400,309500,311900,309600,309900,311700,309300,309400,311000,309500,309200,311700,309400,309300,309300,311200,309200,309300,315400,309400,309300,369300,310900,310400,311400,310700,311200,311700,315800,309500,309500,311700,309100,309500,309300,311400,309300,309100,311200,309000,309200,341300,309300,309600,311800,309400,309500,311700,309200,309400,309400,311500,309600,309900,312000,309700,309500,311300,309500,309500,311200,309600,309300,311200,309100,309200,309300,311000,309300,309300,311100,309200,309200,368900,312900,311000,311600,311200,311000,311100,315200,309400,309700,311800,309200,309500,309300,311000,309300,309300,341200
#W oneshot crc_sick 1024 64 500
212600,212000,211600,210700,210100,209500,210300,212600,213100,211400,209700,209300,214000,209400,210000,210300,209100,211500,211200,212300,211400,214000,212100,211600,212100,211100,227300,211900,209600,210700,210700,213900,211700,210700,212300,214900,211100,211700,211000,212400,213100,211500,211300,211700,209700,272300,210400,210700,209600,211500,212600,212500,211500,212000,213200,214700,209200,210700,209700,211800,213900,212700,229300,226200,229500,227900,210900,208200,210100,212300,211300,210400,209300,208600,210200,223400,252300,208700,211600,209600,212600,211600,209400,209800,207900,207200,210200,210100,211000,209300,210200,210000,213600,211700,211600,210900,211900,212200,212000,210600,210700,210500,212100,209400,209300,210100,211300,209700,210200,211000,211000,211700,210600,207600,208100,211800,212400,210200,208900,210100,211000,212600,211900,211400,212200,242200,241700,212200,212000,209700,210100,212300,211400,210900,211700,211900,249200,211200,239100,207600,211200,209300,209800,208000,209000,270300,241000,227600,253300,215600,210500,208800,209800,210200,213900,212600,211500,213200,212700,215100,211900,209500,208100,211500,212300,211000,213400,213000,225400,210700,210600,210100,210700,212100,209300,209300,210000,211100,210200,210300,211000,210700,212400,211000,212800,212500,212700,214600,211300,211400,211500,213100,209100,210700,210000,208600,210500,210500,211000,210400,209700,268600,210700,211600,212300,212600,212900,213300,211700,212400,211600,232400,317400,256700,263500,240100,218400,214700,213100,213100,214400,211800,210500,211400,213700,211200,211900,209600,210100,210800,210600,210900,211700,211000,212600,211000,211000,211900,212100,211300,212800,212700,211400,211100,209900,210800,211200,210800,213000,210300,209800,209200,210200,212600,210900,212400,211600,212400,210500,210300,211900,210900,213200,212900,211900,212900,212200,213500,212900,211000,212700,214500,211300,212100,211500,211500,275000,213600,212900,212900,213500,212400,209600,210500,210600,211200,267700,343000,264300,248900,219800,216300,217900,215000,214500,213100,213000,213700,212700,213400,212200,218100,211100,211200,212000,212300,215000,210800,210100,210100,211000,210900,209500,211300,211100,214100,212700,211600,212300,211000,212300,209800,209100,209800,210500,212500,210500,210800,210400,211600,212100,209500,208400,209300,211400,210000,212800,210900,209100,212200,208600,208900,208800,209800,211700,212900,211700,211200,210300,211000,211100,210500,210700,255800,227800,211800,213900,213000,213600,211400,210500,209600,212400,213200,213300,330100,219800,218100,225900,216400,212400,214300,213900,211500,245700,211600,212000,211800,214900,211400,210900,209700,208700,212100,210800,212500,209500,211600,213600,211200,212500,210200,212600,211000,209900,210400,212700,214100,210300,211100,211400,212100,212300,209800,211500,211700,211500,212800,210100,208400,209900,212600,211800,211600,211300,211100,213100,209100,208700,209900,209700,212400,211500,210700,210100,212300,213100,211000,209800,209800,256100,229500,211800,210800,212100,212500,211400,212300,211500,212400,212300,269000,213000,211100,211200,217000,211000,211600,211500,212600,213900,210400,208600,209600,209100,212100,209600,208600,210700,212000,210400,210600,211900,212100,214000,210800,209700,211000,211300,212000,210100,209200,210400,208800,211000,211400,210800,209300,214900,211800,212300,212300,212600,215200,212200,211700,212600,211400,213000,211600,211200,212300,213600,211800,210900,212300,212000,213400,209700,211400
#W oneshot checksum_NMEA 1024 512 500
376200,377400,378500,377800,419400,450500,405400,373800,374100,498400,375100,403400,374500,373600,403700,375000,389200,385500,374200,404300,374100,373300,404700,376100,405300,373800,376100,405300,376200,406000,375700,374200,404300,374000,376200,407400,373900,402800,376600,374900,470400,398400,373800,431100,471600,383300,412400,468400,426900,412600,421000,375700,376900,373900,377500,376200,374700,378000,376200,375700,376800,375100,378000,374300,374400,377500,373600,373800,374700,373800,376200,374000,377600,376500,374900,373800,484200,399800,411200,375400,375600,378800,373100,378500,374900,376000,442400,374100,395000,375300,375100,409700,376700,375300,378700,374300,378500,373900,377200,376800,373800,375900,375100,376200,376100,376400,376600,377500,372800,375400,378600,374900,378000,375300,376000,378400,376500,373500,384500,449400,476500,375800,404800,374000,375900,404300,374400,404900,375400,375700,398400,389500,392400,389700,388100,394300,391100,482800,374000,377900,404100,375000,374500,405500,372800,404700,374600,376600,601400,374900,406500,375100,403700,375700,375500,405500,373500,375300,405500,375700,474100,431700,394400,386200,372600,376500,373500,374700,376200,373500,403800,376000,375200,434000,376900,377800,379500,378400,380700,381400,373900,378800,374200,373700,376300,374500,373900,375700,374600,404700,383600,374500,408700,378900,406500,416300,373400,378800,374100,375100,407000,480000,378500,374400,377500,378100,374300,375200,373000,376900,377800,374800,377100,376700,376000,436200,379300,394300,449900,372300,405800,374900,377700,411500,381100,456600,480300,454400,450200,434100,445800,388300,380000,417900,419000,380400,374100,376100,379100,374100,380600,376500,375300,378500,373400,378200,487900,395100,413400,373700,380400,374700,375400,377800,375300,374900,378200,376000,377900,374300,375600,403800,387200,396000,390100,389200,395800,392700,374200,421800,375600,387700,374400,373800,376300,374700,378600,373900,374600,378600,375100,374200,380000,374800,378500,375300,374600,379200,375900,457800,460000,373900,379400,373400,373900,380300,375000,378700,374600,374500,378100,373800,373800,377800,375700,377400,372700,376800,400000,388300,389300,433800,375900,410600,377200,375300,377000,375900,375600,375500,377800,378300,374600,374800,378200,374200,378500,374600,375900,377100,375000,377000,377700,405300,407200,375400,374600,377900,375200,377300,375100,375400,375100,375000,375800,376600,374100,377000,372900,376300,384700,375100,375500,409300,377900,377300,379700,376400,384800,373300,374900,379800,374700,374800,378200,375100,404700,376700,374300,377100,374400,374500,377600,373100,376400,375000,377000,377400,375800,376300,378900,374400,378200,376600,376300,379000,374500,375700,403800,376000,378600,375600,373600,407300,375800,379600,373900,376500,437100,380000,379900,381100,375800,380500,381400,375500,377700,375900,374700,376000,375500,375100,377700,377300,376400,374200,376400,378300,375700,373400,377800,374500,378400,376700,374100,378400,375200,374000,380400,374700,404400,374000,375500,409600,376200,378500,375900,373600,377500,375800,376500,437000,378800,378400,379600,377000,386300,376500,375900,376000,373300,378900,378300,375600,377600,374700,372900,378500,375600,377000,378900,374500,375600,373600,376800,377600,376600,377600,378100,374600,377200,374300,375600,406800,375500,374700,377800,375500,375500,373700,374400,375500,373900,376200,438100,379800,378500,377200,379200,383300,375900,375600,377000,375000,375700,376800,375100,378700,374400,374900
#W oneshot crc_8 1048576 1 200
2259400,2173500,2170100,2171200,2169100,2230300,2170000,2168500,2231600,2174900,2176900,2168800,2197200,2169500,2169300,2228600,2172100,2173400,2168700,2198100,2224400,2168900,2229500,2208000,2175100,2168800,2198000,2168700,2168600,2171500,2226900,2173500,2170300,2280800,2169200,2169100,2171000,2226300,2327500,2517600,2383100,2226300,2357200,2316600,2225700,2303400,2244000,2225500,2225300,2238800,2462000,2252600,2229500,2234900,2169700,2173300,2168800,2226300,2169800,2199200,2372900,2863000,2230900,2242900,2404800,2227500,2224400,2260100,2225600,2225000,2225000,2255100,2326900,2173200,2235200,2180000,2177900,2174100,2219500,2202100,2204200,2173100,2405600,2176300,2168900,2169000,2168700,2256300,2217400,2470700,2233600,2240200,2225100,2254900,2224200,2273000,2243800,2281600,2272800,2229400,2225000,2224200,2255900,2224300,2294500,2203400,2224400,2253700,2224500,2272500,2229400,2269100,2217500,2173800,2168800,2168700,2198500,2169600,2180700,2227500,2178100,2169400,2168600,2204500,2169000,2169500,2231700,2176200,2170100,2197000,2205800,2180100,2227500,2168800,2227500,2205800,2168700,2228400,2169000,2172100,2168600,2226900,2351100,2495400,2339900,2182800,2287700,2236600,2175300,2214800,2272100,2244000,2169600,2170100,2320800,2176900,2172800,2248700,2249900,2175400,2176800,2278000,2580700,2227100,2197400,2171900,2176100,2170300,2168800,2644900,2176800,2173200,2188500,2178500,2175600,2172300,2645500,2246500,2172800,2199500,2198000,2236500,2169900,2199500,2247100,2181200,2171000,2168900,2201400,2175100,2190500,2212400,2168800,2169800,2169000,2172500,2200400,2217800,2245500,2214300
#W oneshot crc_16 1048576 1 200
2576300,2538200,2569300,2541500,2568200,2536800,2607700,2491800,2520100,2485100,2490100,2490800,2535100,2544800,2484500,2484300,2481700,2482700,2508600,2554800,2515300,2484100,2481100,2483600,2481100,2540600,2518700,2487400,2574100,2484200,2487200,2484700,2543600,2515400,2483600,2480800,2482900,2481600,2543600,2519500,2568700,2512000,2481000,2495000,2481100,2541000,2551500,2484200,2480900,2482800,2480800,2540300,2551200,2554700,2560800,2566400,2536900,2570700,2555900,2515400,2481500,2482700,2481100,2482900,2481000,2517400,2532600,2484700,2482900,2481000,2484900,2538700,2538600,2482300,2483100,2482100,2482800,2509900,2543600,2522900,2481000,2555100,2481500,2483000,2481100,2549900,2483300,2483300,2481100,2485600,2485600,2539500,2631200,2482700,2483700,2481500,2483200,2509500,2691200,2568300,2483800,2480700,2497400,2481100,2540100,3198000,2516500,2483600,2480900,2483100,2538500,2532200,2495300,2485400,2499200,2542200,2489000,2528600,2522900,2481200,2483300,2481100,2483300,2481000,2562100,2505300,2498900,2485300,2493500,2490600,2534700,2567000,2538000,2566600,2566900,2536900,2558600,2673500,2573900,2548800,2567000,2537000,2624000,2601500,2514900,2577200,2567200,2536100,2607800,2541400,2570100,2552100,2567800,2536300,2681800,2647400,2515300,2530200,2549200,2481500,2511600,2490000,2481200,2484500,2611500,2504500,2508400,2719600,2485400,2489300,2630800,3410900,3156700,2549800,2567100,2611100,2637400,2484400,2483000,2803300,2567400,2536600,2568600,2582100,2554600,2595300,2536400,2567200,2536200,2608900,2551100,2567100,2536100,2566600,2536600,2580800,2588700,2563200,2586000,2572400
#W oneshot crc_32 1048576 1 200
2566600,2536800,2558200,2629100,2537700,2546900,2488400,2513300,2484000,2808900,2511300,2541500,2485700,2481500,2484000,2569600,2483800,2481100,2548700,2482300,2484400,2611900,2513300,2481700,2540300,2487500,2481300,2555300,2481200,2483300,2509700,2551900,2482000,2512600,2539100,2484800,2481100,2541800,2486500,2519100,2571800,2512800,2480800,2511300,2657600,2895000,2788800,2688100,2683000,2658800,2538800,2696700,2566200,2649100,2537000,2652300,2557900,2603200,2485800,2509900,2512400,2481300,2489800,2540800,2887300,4436200,2483300,2483600,2480900,2543300,2593500,2554500,2802900,2594500,2628700,3340500,3067100,2808800,2593200,2584600,2754200,3554000,2595500,2791900,2865600,3475200,2626200,2569400,2577800,3170300,2587900,3608800,2563800,2595600,4796700,2591700,2572000,4163500,2573000,2779400,2717500,2610300,2626300,2810100,2564800,2578600,2563900,2578700,2573500,3753800,2959400,2864600,2587300,2607600,2597700,3103200,35409800,3412300,2880500,2567000,2569900,2572000,20369100,2609500,2603900,2557900,2569800,2567400,2556700,2560300,2704800,2560300,2567700,2564000,2559500,2558300,5126500,4485600,3244200,14352200,2571500,3741600,2608000,2623700,2666300,2569500,2562400,5382300,2650500,2984600,2599800,2619500,3604900,2579600,2611400,2578800,2867900,2884500,3959000,2585600,2575100,4604200,2565500,2577800,2582400,4567800,2571300,2700800,2573200,2763900,3689500,2713300,2569700,2575000,3484000,2618300,6943400,2559900,2563100,2563100,2560700,5320200,2562800,2565700,2789900,3208300,4288900,2654900,2580900,2578900,2575400,2637400,2703600,2570100,4020400,2629600,2649500,2669000,2670600,2650600
#W oneshot crc_64_we 1048576 1 200
2644300,2663900,2673900,2773500,2650500,2647700,2644700,2650400,2663500,2666100,2661300,2648000,2660100,2644000,2649800,2651100,2661200,2657900,2648200,2644700,2653100,2643800,2652300,2664800,2640900,2644400,2672000,2833600,2669700,2791800,2654100,2656200,2645800,2664700,2695900,2726600,2783700,2651000,2668800,2665700,2681000,3013500,5278700,2654700,2646300,2665700,2648800,2663600,2843400,2673900,2652900,2666200,2785500,2679800,2701400,2867900,2669600,2651000,2689900,2674200,4248900,2658600,2653700,2653500,2661800,2655500,4398300,3056500,2656400,2694700,2671900,2812400,2712900,2646600,2645600,2648200,2643300,2816900,4102500,2664100,2659900,2647800,2648300,2653300,2657100,2664400,2807300,2645800,2687900,2650900,2673400,2690400,2696200,2641100,2660400,2644300,3028500,2793000,2789900,2914100,2650700,2644100,2759000,2695600,2651100,2649300,2647900,2643900,2824000,2670300,2647300,2643700,2642600,2640300,2644200,2644800,2650100,2645500,2642700,2642300,2640000,2668700,2812400,3407400,2636000,2573300,2567300,2734200,2664100,2619300,2572000,2570700,2578600,2721100,2644000,2644200,2645200,2642700,2640500,2730100,2566100,2592600,2602000,2576600,2565000,2591500,2595000,2563200,2597400,2568400,2565300,2595200,2593400,2566600,2650400,2615800,2565900,2595700,2563200,2565200,2562700,2632800,2592100,2598600,2620900,2566500,2573500,2625900,2701200,2595500,2562800,2565300,2565200,2650900,2832600,3247900,2654700,2562800,2720500,2591100,2649800,2734400,2566700,2566000,2749900,2618500,2655700,2654700,2619000,2655300,2921100,2594500,2590500,2738600,2974100,2654100,2835200,2742500,2618100,2717700
#W oneshot crc_ccitt_ffff 1048576 1 200
2872100,2836500,2788000,2789300,2845500,2789800,2867400,2836900,2872300,2871100,2960600,2871100,2895900,2849800,2784000,3403900,3058200,3006300,2783500,2785500,2790000,2821600,2812100,3466300,2883500,2879600,2882900,2893400,2888000,2889300,2817900,2789100,2793500,2850100,2790000,2821900,2795500,2793100,2789600,2829000,2789500,2836300,2872400,2790600,2819000,2846100,2787800,2878400,2798200,2812600,2803700,2789800,2789400,3016400,3098700,2963900,2941200,2812000,2806100,2866800,3146900,2850600,2976300,2789800,2789600,3058900,2795200,2796300,2858300,2804100,2795700,3002300,2796000,2789500,2820200,2787700,2817900,2821600,2826200,2787800,2826100,2789100,2913400,2867200,2793700,2848400,2789500,3045100,2788000,2821800,2801100,2789400,2788100,2992500,2790500,2855400,2788000,2789000,2818400,2790000,2880400,2793700,2789800,2945700,2809200,2789700,2925600,3156200,2872100,3095000,2843300,2880700,2902200,2793100,2817200,2989900,2873500,2878100,2879700,2886100,2901800,2870300,2858600,2881600,2878400,2886000,2909100,2843500,2873400,2883800,2921300,2873800,2863000,2858300,2928800,2965000,2952600,2874000,2874200,2864000,2885900,2849600,2845900,2791200,2787100,3135600,2918000,2937800,2799600,2791300,2819000,2793800,2817100,2852800,2794600,2889800,2829600,2789800,2789100,2845400,2792300,2901600,2789800,2793800,2789700,2848300,2880300,2791800,2789700,2787800,2817900,2883800,2790000,2788200,2802500,2789500,2846900,2906100,2791900,2789200,2789700,2787300,2847900,2827200,2787600,2794000,2790100,2817600,2848900,2824000,2789900,2789300,2789800,2787400,3094200,2939200,2877000,2874700,2875400,2875000
#W oneshot crc_sick 1048576 1 200
3934600,3944600,3874300,3864000,3920000,3911300,3866900,3868300,3860000,3980000,3871500,3861500,3900200,4057100,4005500,4002100,4063100,4037300,3880200,3876500,3865900,3913600,3924000,3905100,3866400,3988700,4005200,3870300,3864900,4227500,4053800,4010100,4001700,3972700,4091900,4628600,4024500,3940100,4055600,4302800,6345600,4028600,4123500,4456800,4115200,4200800,6950200,5467200,5682600,5977300,8498800,9797000,7085200,4334100,6893600,5177800,8600000,4273500,7121000,4004800,4060200,4020200,4029800,4018100,6406000,4015400,4272600,4192700,4009600,4464000,7885300,4051600,11231000,4174500,4313900,4795800,4031700,4044700,4221600,4007500,6069600,4024100,4153400,4366200,4047900,4012700,4473600,4822500,4689100,6222200,4042400,4022200,4001300,4056600,4011300,4105300,12928700,4549800,4962500,4322900,4052100,4016300,4012900,4043900,6276500,4029400,4003700,4010000,4267600,7158400,4006700,20553500,4480600,4590300,6539900,4014300,4130600,5944900,4165900,9381500,4187800,4972700,5949000,4543300,4218800,4118500,4096600,6500600,4061900,4003600,6634900,3993300,3991400,3997100,6099700,4910500,4141900,4637000,4193900,4009700,4077400,6094300,4042600,4203600,4160600,4124200,4018400,4015100,4012700,4010900,4020200,4351300,4389000,4121700,6512400,4019200,4007800,4008200,5691200,21113800,4559000,6409500,3994100,4127100,4015700,4011800,5746300,4663600,7272100,4934700,4254800,5417800,5156600,4408000,4602900,4037900,4103300,4039700,4032200,4099000,4050200,4020500,4029900,4008700,4022500,4024000,4025800,4230500,4607300,5074900,4394800,4058500,4219100,4300300,4060100,4032700,4177700,4052700,4386700,4015500
#W oneshot crc_8 16777216 1 60
36678400,35031400,34735900,34913600,34874600,36098800,35891800,35678900,35170700,34794400,34880700,35387500,35425600,35807400,35191200,34862000,35451200,35177200,34860900,34999100,35419700,35125700,34811800,34966400,34821400,35222000,35157800,34857500,35732100,35601000,35677300,34800300,34954100,35327300,36163400,35615100,35077700,34765900,35358800,35071900,35628200,35934000,34840600,34761400,34970200,34932100,34750400,35633800,39622000,36249100,36351100,35848900,35596900,34988000,35061900,35246000,36211800,35263500,34928000,34985800
#W oneshot crc_16 16777216 1 60
40512700,40096400,40070000,40676700,40760800,40239500,40555900,40752100,39966700,39946200,40087500,40321500,39980100,40710100,40143300,40254800,40063400,40233200,41987000,40061400,40039900,39972500,41056000,40534900,41087200,40374800,42770600,41339100,41206900,40210700,40121600,40183600,40349100,40201500,40269700,40082100,39929600,40142800,40309200,41284200,40822700,40498900,41816600,40890000,40280400,40266800,41150900,41280800,41521900,40826500,40497400,40260200,41089200,40928600,40988200,40706400,40936400,40139100,40100800,40045300
#W oneshot crc_32 16777216 1 60
40505200,40957200,40396200,41793400,40185500,40097300,40038900,40791600,40892900,42014000,40810000,39945500,40047500,40714000,40694500,40354300,39981500,40154100,40272200,40333800,40630300,40383000,39845600,40046400,39931800,40428700,40268700,40888000,41784900,40038600,40583800,40028100,40875300,41012000,40790900,39989500,40012000,40086700,41486700,40123600,40763400,41583800,41030500,40899100,40226500,40491400,39948600,40101400,39911400,39966800,40602900,40256700,41617100,41022800,41242100,40290800,40189800,40789800,40828600,40308400
#W oneshot crc_64_we 16777216 1 60
41734700,46067100,47254600,44601700,43286300,43020100,43404900,44130600,43341400,42856300,44256400,43444700,44975100,44752200,43533600,44385500,44829300,43664700,44335400,45030800,43919600,43443300,42530100,42202000,42232800,42052000,41899100,41633600,108732100,52302100,42334700,42224600,41537600,42755100,41707600,41548300,41757500,42544100,42793400,43421100,42629800,41842600,41835100,42071600,42584000,41406900,41996500,41619500,41422800,41557100,42201400,42505300,43631900,64240700,50413100,48890100,42952100,42536300,42698300,41616000
#W oneshot crc_ccitt_ffff 16777216 1 60
45039100,45326800,47099600,46145600,45381100,45358300,45192500,45064300,45552000,46308300,45297200,45080600,45185900,45271300,46128700,45142100,45134500,45079100,45796100,47089400,51110900,45998000,45636100,46254600,45476200,45228100,44988100,45269300,44977000,45747700,45334100,45334800,45928900,45318300,45471000,45065900,46393100,46049900,46338700,46132500,46753400,47253200,45479600,45003100,45820100,45717400,45330400,45306800,45263300,46035700,46002700,45987900,45957500,45319100,45377200,45676400,45956100,45053000,46016400,45255700
#W oneshot crc_sick 16777216 1 60
63253800,63775300,71354500,63537600,63021100,62919500,62900900,62924700,63056000,63886200,64598900,63188200,63883600,65075700,63206000,63484700,64025400,65194200,64450800,63910600,63111800,62727300,63718400,63950100,65099200,139850400,64635900,63881300,64213900,62812200,62915200,64129800,62860900,63741800,63369800,63139300,62883900,62711400,63617900,63653100,64506100,65202900,64002900,64346500,63706400,62793300,63300000,64725700,63005400,64322400,63143600,63988400,63667200,62939000,63822500,63967700,64193200,63315200,64719700,63738400
#W oneshot crc_8 104857600 1 25
223557600,228355900,221568200,272465000,240365800,226423400,228881900,260713300,224393700,223195500,220100100,220603900,299766300,224872200,220621000,219076600,225751700,223279700,223138200,219602800,221153200,222375200,222237300,223492400,223833700
#W oneshot crc_16 104857600 1 25
256970600,255243700,270695200,258632200,253553900,252765300,252698100,251205600,256665900,323577400,252611600,252318600,256727000,252761500,254389400,258483100,256739100,257889600,258006900,294748100,269577400,252291400,257532300,257670000,257490500
#W oneshot crc_32 104857600 1 25
252720200,251130500,256581500,323681500,252087800,272924700,260794800,256534500,253140900,253128300,255884400,255075000,257010900,298043100,281186100,259820800,255359600,254856600,254218700,259763500,253873400,254840300,255671100,250444200,255783300
#W oneshot crc_64_we 104857600 1 25
264907500,261742000,261236700,266500600,299154900,326465800,332936700,278547400,302394000,277077300,376043700,301077300,327294500,314592700,305398500,310463100,279837500,284942100,288701700,370394600,264659800,314271400,280043200,273336500,274475700
#W oneshot crc_ccitt_ffff 104857600 1 25
426172800,364404600,309362300,344157300,371276700,362701400,507054400,364533600,308015100,335305200,325098900,290417900,295308100,286993200,283037300,284566300,286398900,283165100,284301400,299005600,306158800,310077200,334250400,307708500,295888100
#W oneshot crc_sick 104857600 1 25
401125200,400816500,394330400,404815200,401601400,403250800,401858900,447932300,403956600,398355600,399030100,400161400,393872700,401070600,397573000,395809800,397820300,396489600,398209600,404503100,406799900,399230300,395759200,410823800,402146500
#W bytewise crc_8 65536 2 300
280000,279500,279600,284300,289000,1825600,279600,279300,1590500,292400,4073400,284200,279700,282100,754700,372200,279800,281100,281900,314300,279500,281500,282100,285900,1604700,279700,326300,279600,281400,282200,283300,283100,283200,283900,287900,1066600,310800,279800,288800,281600,442500,542900,1551500,279900,352300,279100,288300,279300,282900,279800,280200,280500,283400,279500,279200,283800,281300,281500,280100,284000,282200,281300,284700,279900,279800,279700,282900,280400,280000,284100,280500,281100,280700,285800,281500,282500,284500,280500,281800,301700,285700,279900,291500,282700,290800,279400,279300,283300,279600,281300,1947100,416700,279500,279700,295400,279400,279200,279700,283400,279800,280300,284700,280900,280200,280300,4035100,288300,279900,289800,282700,279400,280200,283200,286800,280700,282000,284300,282400,280700,280800,285000,281200,281700,284200,281700,280500,280400,398300,280500,283200,286900,282300,317500,351700,280100,279400,290400,280100,281100,322900,286700,279800,278900,284100,281100,281400,283800,288000,281200,291100,283200,279300,279400,341800,279200,285800,300400,282800,279400,279600,282600,282500,283500,285700,287800,280400,281200,283800,297600,1525100,283200,280000,717200,279200,303600,287000,279500,1827600,347300,279600,2779900,342800,288700,280400,279900,280100,317000,279500,281500,340600,279600,289100,279700,283800,3883500,279300,279600,281500,286400,2662300,291900,279200,279800,287500,279500,295400,279800,283900,280600,279900,285800,282900,281100,281200,436400,280600,282000,292800,294700,279300,279600,288700,280900,279600,311700,279400,279500,279000,282500,279800,279400,333200,279400,279500,280300,284400,280600,280600,284700,282300,281500,282200,293300,285700,355500,283000,280900,280100,283500,342800,318500,300600,279200,279400,279600,299900,279400,280000,287600,280000,279800,280100,285500,280900,280400,284400,279700,280900,281400,341400,280400,280600,281100,283800,280000,282700,288000,281200,281700,280200,286000,282600,281400,285700,281600,280100,281300,285000,280500,283100,284300,307900,279200,279500,286900,310200,303800,283500,279500,280700
#W bytewise crc_16 65536 1 300
262200,244400,214800,214500,235000,241100,236800,237100,237300,242200,238300,1094900,214300,213600,213700,218500,213900,214200,234500,239000,236300,235800,236800,239000,236900,236700,236400,2052500,214500,221900,214600,213900,225800,333400,236100,236100,235700,242000,237000,235900,235700,242100,236800,236800,236000,236200,242600,236300,237900,236800,222500,215400,214900,231400,273700,235300,235000,235500,243200,235800,235900,236200,241000,235800,235900,236900,236400,242200,236200,238000,249200,255300,236600,235900,263400,248700,214000,1108300,236100,245200,236800,238000,238800,238000,1598700,215100,214600,2578800,214800,214600,220400,216000,216600,217300,242100,242700,236300,237700,237000,264900,215500,240900,222600,217800,214400,214500,226400,240300,237500,238200,237800,834000,214600,218900,224500,214400,214100,213900,218500,215500,214300,215500,226700,214200,213800,214200,235600,238500,236600,238100,237900,242400,236500,237300,237400,243400,239800,236500,261200,247500,221000,214600,213900,240800,229800,227800,221800,214500,214900,241000,214500,214600,213900,237900,235900,235600,235400,235700,238700,236400,236800,237500,239500,236300,236200,237000,1540000,214400,214000,235000,235700,235500,236100,252600,236900,236200,236400,241200,279400,215200,213900,214300,218400,214500,213900,234900,240400,238100,237100,239600,241200,238600,237900,237400,241500,237100,236500,237900,240000,247500,238500,238000,238500,243100,237700,238400,237800,236600,241500,237000,237000,237200,239600,240300,239700,239400,242700,237600,236300,236400,240900,238100,238200,237100,241300,236600,236800,235300,239600,237600,236800,238400,240800,241900,237000,237800,238500,244200,237200,237400,237600,239700,235800,235200,236000,239200,237600,236500,236400,238900,235900,235300,235400,236600,238900,235700,235200,235300,237500,236000,235400,235400,237800,235200,234900,235300,245700,214400,213800,213800,234700,264900,236000,235300,236000,237900,236600,236000,235500,235500,238000,235400,235300,235900,944500,218000,214200,214300,220900,236000,239300,235800,235900,236000,239500,236200,236000,236200,246800,236100
#W bytewise crc_32 65536 2 300
333200,332800,335400,342200,332500,336500,333100,334500,340000,338400,336100,339600,334600,336000,339400,335900,335600,340200,334600,334400,337100,333200,334500,344900,335900,338900,345300,336500,336000,342100,335500,334300,340000,334600,333800,337100,333700,333500,336600,334600,334900,338500,334400,334400,337400,333700,333200,336400,333400,334700,335800,333400,334000,337800,333200,338200,338800,336600,464300,336200,334800,333000,337000,333900,333900,336300,334400,334900,340000,336900,341100,467300,362500,336100,1167300,332800,332900,362000,333600,448300,333100,332800,335500,343100,332300,336800,334000,334100,338000,335300,337100,561100,332900,334200,363900,334000,363400,334800,336600,340500,334000,333700,855300,333600,337700,335800,334700,338800,336900,336000,338800,334800,334600,338300,335500,337900,338400,334400,336100,338600,336300,338100,828000,345100,333500,348500,336400,335600,335600,337900,350700,342800,373700,332900,332400,345600,478000,336100,333000,332900,335600,332700,333000,335600,333400,333200,335200,332800,379500,337300,333500,333400,336400,334700,335800,434100,343800,664300,342100,352100,415800,343900,360900,437700,334000,337400,337300,337600,340900,335500,334900,337800,335700,335800,344100,338300,335700,336700,333400,332800,335500,332900,332700,340100,336500,333700,337400,332800,338700,335800,333200,332500,334700,332900,332300,334900,333400,333100,373500,340600,333200,337500,332700,332800,335100,333000,333500,335500,332400,332500,337600,335000,336100,465000,332800,334600,375900,587300,913800,335000,460300,333200,338600,340500,458300,336300,334200,334800,337900,333900,335800,453300,333000,333600,336300,334000,338300,384500,332500,336100,332400,332200,334500,332600,332200,340900,332400,332600,335200,332200,383400,401200,357500,333600,337700,335000,334700,338200,334800,337400,339800,337700,336500,338300,335600,337700,340200,336200,334600,337700,333800,333100,336400,333000,333900,337700,334800,340400,332800,333900,339300,335700,333900,337500,332900,334000,337000,333300,335100,338300,336200,335400,338700,333500,333800,336800,335600,337500,340000,334000
#W bytewise crc_ccitt 65536 1 300
196100,207500,187300,180900,181100,181000,181300,184900,182100,181600,181900,181900,184900,181500,181000,181300,181400,181300,184200,181700,181200,181900,182000,185000,181900,181900,181300,181800,186100,182200,181200,181900,181300,182000,185500,182600,182500,181900,184400,189900,184700,182500,181500,182200,182700,185700,183100,182500,184200,182500,187500,181800,182100,181000,181500,181000,197700,181100,181100,181000,180600,183800,180800,181200,181400,180800,183400,181100,180900,181000,181700,181400,183700,181800,180700,181000,181000,184000,181500,181500,183000,181900,181500,201200,183000,181700,183200,183300,187900,181900,188200,181000,181100,193000,180800,181000,180800,180900,181700,187800,184100,181400,181900,182100,182300,184900,183500,182300,182500,181600,181800,185100,182200,181800,181500,181500,185000,181900,181600,181500,181900,181500,185100,181600,181600,181500,181700,195000,180800,180900,180900,182100,186700,182800,183800,469100,388900,531700,185000,181100,181100,180900,180900,181300,199600,187100,231000,181200,182300,185900,181100,181700,181300,181200,185900,182300,183000,181600,181600,182100,184300,181800,181100,182100,181400,184900,181200,181200,182000,181500,181900,184000,181300,181100,180900,181300,184500,182100,181900,181100,182400,182800,185100,181900,181600,181400,181300,186900,184100,182700,182900,182000,181800,187500,182500,182100,182200,182600,184100,186400,182500,183400,181600,181600,185200,181500,181700,183000,182200,181900,185300,183200,182800,184000,184600,201400,182200,182200,181400,182800,186500,182400,181200,181700,181000,181400,184700,181900,181700,181100,181400,184600,181900,181200,181300,181600,182000,185300,182000,182000,181600,181700,185400,181600,181800,181900,183700,183500,185600,181200,181600,182000,182000,186100,182600,183900,183600,184500,190700,182500,182600,182500,182500,181800,185100,182500,181300,181400,181700,185300,181300,181600,182100,182200,181600,187100,1679800,184500,181600,188400,982500,181400,180900,190600,180800,181100,180900,180900,181700,184100,181600,181400,183200,211800,185100,181400,181200,180800,181000,181900
#W bytewise crc_kermit 65536 1 300
218800,215200,214200,214800,218100,215200,214400,216500,236900,265400,236000,236600,236300,299400,213800,214700,215900,226800,214000,213700,213800,214700,218100,214500,214400,215700,217800,515000,268600,231300,214300,214300,218600,237000,246800,669900,220500,214700,242500,223100,213800,217800,214000,214300,233400,252000,236000,235800,236100,239000,235800,236200,236600,239900,236100,236700,237200,217900,218700,215300,215200,215400,219800,215000,214900,215200,214400,218600,215900,215700,230100,242000,247600,235200,235200,215000,218500,214800,215700,236500,220000,217300,239100,214500,217300,214600,214200,213900,214000,236600,236100,236800,215800,219400,216800,215500,215300,483200,214000,213600,222000,236200,241600,242000,239500,241900,240600,237700,236600,236700,240400,236500,237100,238200,242600,238700,241000,238800,241400,237300,237100,235200,239600,236400,237700,236000,236500,240900,236800,236300,237400,242000,238300,238700,236900,241800,237000,235300,235600,240100,237800,239200,233800,218600,214200,214400,215500,215300,238400,237300,233100,214400,220600,213900,213700,219000,235900,241600,1379300,214100,239600,213800,241300,214300,214800,251500,214400,214900,227500,245800,221300,214200,213900,233400,239700,235700,236600,236900,239100,235800,236400,237000,242800,239600,238400,238500,236600,240200,237300,237200,236600,240100,239400,237500,237500,240700,237100,239000,237100,240800,237500,236700,236100,239400,237000,238600,236800,239300,240500,236600,237900,265800,220700,213900,214600,230800,242300,236000,214000,213900,231900,216700,214100,214400,214800,230600,214100,214100,219500,236800,244500,236400,235300,237000,239400,235100,235900,235200,238100,235600,235500,235600,238000,236900,246100,239500,239400,347500,235200,235000,384600,235000,237000,235400,311300,214900,213900,213700,236300,235900,235900,236000,236200,220500,216400,218500,235400,241300,237400,237400,238400,379600,276000,213900,214000,218100,214300,214300,248400,241700,235200,235100,235100,239200,235400,235300,235000,235400,251200,235500,235500,235300,250200,235400,235600,235400,240900,235600,236300,235900
#W bytewise crc_dnp 65536 1 300
229000,222100,221700,222100,225900,222400,221600,226300,251900,256800,249700,251600,250400,252200,222200,221400,223100,248600,251800,248900,248800,249100,252400,249300,249000,249700,251900,248700,249000,249100,249200,249000,251500,252600,250800,249200,249500,255600,250500,343000,221900,224900,221700,222200,231900,249300,252300,250800,251900,252600,249700,248700,249400,252800,249800,249400,249300,252000,250200,249100,249000,251100,249000,248700,261800,253800,250200,250900,249100,252100,248900,249600,249500,252600,249700,251300,253800,255100,250500,249900,252600,258000,255600,252500,252700,252600,255500,249200,251000,250600,254000,249200,249800,452600,222600,221600,226100,256300,252700,252900,251700,256200,251300,250700,251500,400900,222000,221700,224100,270000,251500,249600,249600,253000,249500,250800,254600,251300,250300,252900,256700,251000,250300,249800,253800,250000,250300,248700,253900,249600,249200,250100,252800,250800,251700,249000,253200,251000,249800,249400,252500,248600,248400,248700,251500,248600,248400,248700,252600,250200,250300,250000,384100,223200,222700,242400,257200,249100,224800,222300,305300,246100,223300,224800,364300,222100,221900,223000,251300,248700,248500,248400,250600,248500,248300,248300,250400,248500,248400,248200,250600,248600,248700,248500,250500,248600,248600,248600,250600,248500,248800,249000,251700,248800,248500,249600,250000,262100,222900,222700,225600,222300,221700,222600,223000,251700,248700,248400,248600,225300,221700,221800,221200,223400,221700,221400,221300,221400,223300,221300,221400,221400,451600,307900,229400,225600,221900,222200,224200,267300,249400,248400,248600,251400,249300,248900,249500,251800,250000,249700,249200,251800,249800,250000,249800,252300,249500,249900,249000,251400,248700,248300,248600,250800,248600,249800,248300,251100,248500,248700,248400,251000,248700,248600,248900,406100,242700,289000,241100,228500,221400,221500,229400,250500,289500,261100,270100,254500,248500,248200,248200,250300,262800,248400,248300,250200,248400,248500,248200,250100,248200,248300,248500,250800,248900,248400,248500,250200,248300,248500
#W bytewise crc_64 65536 2 300
320400,319700,336500,324100,319200,322200,319900,319300,336000,320000,319400,321600,330000,339900,350900,365200,321200,325100,320100,320000,323600,321500,320100,322000,319900,319500,320200,321300,319900,320000,321400,319700,319600,335900,319800,319800,322400,319400,319400,322500,320400,320400,324400,321700,321200,408300,320000,322600,403500,324200,331500,429600,406100,319900,319900,323500,319700,320400,321900,319600,319100,321100,320000,319000,321300,319800,319900,321800,320100,396100,388600,320700,342700,325500,323700,397900,360700,321300,323900,319700,319800,320200,321700,319900,319700,321700,319700,319700,321700,319100,319400,321500,320000,319400,325600,331700,321000,324300,319600,320200,319900,323000,320400,319100,321500,319400,320100,321100,319100,319200,321800,319100,319800,321300,319500,319200,321400,319200,320000,322100,421000,320800,319600,330300,319500,319700,321300,319600,320400,322600,319700,319800,319400,321600,319800,319400,321700,318900,319700,321400,320100,320100,321200,320200,320100,321800,319400,320100,323500,320600,320600,322000,319600,319800,322000,319900,319700,320200,321900,319700,320800,321900,320200,319100,321800,319800,319600,322100,319600,319500,323900,367200,393800,321600,320600,324400,320900,320100,322600,319300,319800,321400,319700,319900,319900,321700,319900,319100,321200,319500,319700,321500,319300,319600,321500,319800,320100,321900,319900,320200,323100,319500,319600,323900,320300,320200,323100,320000,319500,321600,319600,320200,319700,321700,320100,319900,334400,319300,319300,324300,323100,322600,326300,322600,323500,350400,343500,320400,323900,319800,320100,322300,333700,320500,324000,320800,319900,323300,320000,319900,322500,319700,319400,321300,319300,319700,321800,319400,319700,322000,319600,319400,319500,321700,319300,319700,326700,319800,320200,333100,310300,310000,313200,311000,310400,310700,342400,310600,310600,312300,310800,310900,312700,310600,326100,328100,310400,310800,312700,310500,310200,312000,310000,310100,310900,312400,311000,310100,312200,309900,309900,312400,310400,310000,313000,310400,310300,310100,312300,309600
#W bytewise crc_sick 65536 4 300
387000,388900,386700,432800,389200,386800,414100,418300,400000,403900,399000,404100,400600,423300,502000,387000,389000,417500,389300,387000,387000,389500,387100,389400,386900,387200,389200,387100,387300,389200,386900,389700,387400,388400,389600,387300,389200,387100,387100,389600,387200,389500,387000,387200,389600,387700,387300,424500,387500,389400,387200,386900,389100,387100,387500,389100,386900,388900,387900,417400,389200,386900,389200,387000,386900,389100,387100,389000,387200,387200,389700,387100,386700,388900,386900,389100,387200,387200,389000,387300,403600,387200,387500,389800,386800,405300,399600,386800,388800,387000,403700,405300,387200,389000,387100,387100,389500,386900,386900,389000,386900,388900,388300,386900,389300,387000,389000,387200,386900,388900,386900,389100,387100,387400,389200,387500,386800,389000,387300,389500,387300,386800,388800,387100,419100,387000,386900,389300,386900,389200,387200,387500,450300,387100,415800,389000,387200,389100,386800,386900,388900,386900,386900,389200,386900,389300,387600,387100,389100,386800,388900,387700,386900,389100,386900,398900,387600,387500,389500,386900,386900,388900,386800,458200,407400,393700,386900,386700,391300,387100,390600,386800,386900,390600,386800,386800,432800,386700,386700,388800,386800,389100,387200,386800,389100,386900,388900,387800,386700,388800,386800,389000,387000,387000,390000,387500,387300,389200,386800,389400,387200,387100,418300,387000,389300,387400,416700,389300,387100,389100,387300,386900,388800,387400,388800,386900,387100,450300,387400,387100,389100,386800,386800,389200,387000,389200,387000,387000,389000,387100,447000,387000,386800,394600,386800,388900,387000,387000,388800,386800,404400,399900,387000,390300,386800,389800,387400,387100,389200,387100,387100,389000,387000,389200,387300,387400,389000,386800,447600,391300,455500,433600,388300,458100,480800,584600,423700,401200,404500,423700,502700,472800,512200,386800,417400,387000,386800,417000,386800,416500,387000,386800,416600,386900,416500,386700,387200,416700,386700,417300,387100,387000,417700,387900,417500,387000,386800,421200,387100,417400
#W manysmall crc_8 100000 1 100
8389700,8433300,8428500,8479400,8356500,8440100,8360500,8414500,8351100,8435400,8397100,8478000,8442100,8967300,8550200,8715900,8494600,8390300,8445200,8443000,8352500,8444600,8352600,8441700,8363300,8442500,8390400,8441400,8451900,8354600,8415500,8431500,8504700,8354600,8436500,8390000,8440700,8354500,8544700,8386300,8610200,8619900,8398800,8385600,8412700,8386900,8411700,8384700,8416700,8393500,8568400,8359100,8447100,8369000,8440200,8358200,8451900,8408200,8460400,8497900,9098000,8802500,8696700,8719700,8620500,8756300,8770500,9955500,8664800,9109300,8918500,9098000,9150100,8730300,8918600,9013100,9015200,9331900,8823400,8706900,8726900,8700400,8614700,9200200,8450200,8648700,8411200,8429300,8735000,8965100,8567000,8518500,8385700,8415200,8726800,8387900,8792300,9293000,8818500,8793100
#W manysmall crc_16 100000 1 100
13696200,13586800,14021900,13567100,13333300,13251000,13232000,13608800,13279100,13186200,13684400,13201800,13364600,13203800,13369600,13209900,13566400,13543100,13312300,13650900,13414100,13293600,13373500,13238600,13198900,13176000,13257700,13564600,13632500,13483300,13504200,13269800,13300300,13507100,13184200,13146600,13177200,13112200,13296900,13185200,13175000,13177400,13231800,13293500,13718600,13448700,13344500,13293500,13090500,13473100,13182100,13307400,13221900,13280700,13164000,13270400,13204200,13179800,13305900,14104100,13503600,13509300,14107900,13709600,13481200,13618700,13559400,13371600,13538600,13242300,13201600,13177000,13230600,13359100,13194800,13199700,13178000,14271000,13514700,13233700,13587400,13258400,13217400,13222000,13190200,13279400,14578300,13641300,13842500,13510500,13354800,13515500,13457300,13446800,13265100,13180400,13170500,13622700,13471900,14073300
#W manysmall crc_32 100000 1 100
12899600,12950200,13036500,12918600,13054600,12964200,12967100,12945700,12853000,13887900,13434800,12991200,13364200,19432300,14147700,13797500,13855600,13921500,13657600,13955300,13793500,14361400,13713400,13825100,13692300,13576200,13661100,14868700,14317700,14456000,13699200,14355600,14305500,14353500,14544800,13739300,13141600,14038900,13760300,13386200,13394600,13023400,13400900,13872200,13640600,13891000,13702600,57875400,33226400,17493100,24596100,14479800,13351100,13788100,13846500,13682500,13656200,13503500,13630000,13858700,13824600,13791000,13876700,13348700,14424600,13863200,15515600,15154000,16627800,20769800,17210300,15423100,16373400,21620500,29348700,17958700,15627500,15339600,21093700,16038300,13830000,29417200,16566000,17859600,14677600,14586600,16956200,15725900,14472800,13631500,15219700,14993400,15363700,17217100,14771900,15276300,18629500,17848900,15400900,16846800
#W manysmall crc_ccitt_ffff 100000 1 100
15896300,15897000,15116100,14956900,15232800,15371800,15299600,15609000,15284200,14949700,15038600,15221300,15376400,15502800,15753000,15567500,15646600,15963000,16205700,15440400,14587000,14705700,15081800,15417700,15612800,15301100,15844000,15645300,15848800,15280000,15340000,16675500,15771200,15582900,15796700,14928000,15022500,15880600,15702900,15436000,15337600,16200500,15664800,15421700,15228400,15237400,15108700,15711400,15466000,15229500,15629100,16286400,15849000,15757200,15854400,15427700,15635500,15557300,15737000,15410600,16160600,15953400,15190000,15293100,15219500,14903100,15254600,15165000,15384300,15704200,16515000,15424300,15768600,15726500,16660800,15425800,15155200,15224500,15148400,20766900,15088600,15257900,15885800,15063700,16343300,15040200,14807600,15011300,14822400,14592100,14503300,14459400,14449300,14424700,14498900,15038400,14743900,14871000,14872400,14877000
