#M impl rust-cabi
#M clock QueryPerformanceCounter
#M qpc_hz 10000000
#M target_batch_ns 200000
#W oneshot crc_8 16 16384 500
247200,221100,232500,214300,214000,232500,273800,227000,227100,230400,268900,220700,225200,247600,255100,229500,230700,268000,231800,229200,264300,237800,229900,269500,230000,261000,246000,246700,255100,346600,243100,250300,220400,220000,235600,220900,220600,281100,294600,220600,220900,220900,221500,270800,220600,221400,221000,237600,220400,236100,220800,220600,221300,221200,220900,220400,221000,220800,220900,220800,220900,221800,221100,221400,222300,221700,220800,221000,221600,220700,223200,222600,223900,222500,224300,234400,407200,220400,220000,220800,220900,221900,223900,222400,222000,221900,220900,221200,222600,221400,221200,221600,221900,222000,221000,221500,273500,220400,220100,220700,221300,221200,221500,244000,220800,219900,220500,221100,221400,221000,220300,221100,254800,220400,220700,220300,221200,221200,220900,220100,220600,222600,220800,222400,221900,222300,221600,221700,221100,221200,221600,221300,221800,221300,220500,221600,221200,221200,221000,221600,221100,221300,221800,221200,222400,221700,221400,221200,221800,221300,221300,221300,221500,222000,220700,221900,221100,221000,221600,220900,221300,221100,221000,220900,221500,221500,253700,220600,220000,220800,221300,222000,222000,223800,224500,223600,221500,221400,221100,221400,220900,221600,220800,221000,221800,221100,221200,222000,220900,222300,221100,223200,221000,221300,222200,223800,231600,220400,221200,220300,219900,220000,220100,221200,220700,220700,221300,221200,221000,221500,221200,221000,221400,222100,223600,223600,221800,222100,222200,248000,257900,220500,220800,226000,237100,240800,221200,220900,220000,241000,220000,221100,235600,226200,221000,268900,258700,220000,225700,232000,227000,220300,221000,241900,220600,247800,258400,261500,248200,221200,220900,249200,220400,245600,305600,429500,220800,220700,221300,244000,231500,220700,221000,220400,220900,220900,220000,220900,220800,220000,220900,220300,220300,220300,220300,220900,220800,220900,220300,221300,220500,220800,220300,220700,221100,221200,220500,220300,220600,221200,220000,220400,220900,220400,220900,220500,220800,220500,220500,220900,220400,221000,221400,311600,248300,220200,309100,220800,220900,221200,221300,267000,220400,235800,222900,284000,243700,220200,221200,220700,220300,220000,220500,220900,221500,221200,221400,220700,221300,221300,220100,221200,221100,220800,220700,220900,220800,220200,220700,220100,291200,220600,226000,221000,318200,220400,221000,223400,220700,221200,220800,222700,220900,220400,221100,221200,222600,220800,220300,221300,222700,221200,220900,221300,221200,227900,220400,220300,221300,222900,220800,221100,220700,221200,222300,220000,220400,220400,223200,220400,220000,220900,221100,223000,220200,220900,220900,222900,221000,221200,220500,220700,223000,220300,220600,220700,222600,221200,221000,220300,221300,222400,221000,220300,220800,222500,221200,220400,220000,220900,222600,221200,221100,220600,350500,259400,220800,221200,220800,222300,220800,220800,220000,220400,222100,221200,220400,221200,221900,220900,220300,221200,220800,222700,220800,220000,220800,222700,220100,221200,220900,220000,222100,221200,220900,220700,223300,220500,221100,220000,220900,222200,220600,220400,220500,222800,221200,220800,221000,220600,223000,221200,221200,220500,222700,220300,219900,220300,220200,222800,220900,221000,220400,222400,220800,220100,220400,220300,222200,220000,221800,221000,222400,221300,220400,220400,220300,223500,221200,222200,220600,223000,222500,220600,220700,220300,220900,221100,220300,220300
#W oneshot crc_16 16 8192 500
202100,202100,201800,201900,201800,201800,201700,201800,201700,201700,201600,201700,201700,201700,201700,201700,201700,201700,201800,201800,202000,201600,201700,201600,201700,201900,201900,202100,201800,201800,202000,201700,201700,201800,201700,201900,201600,201800,201700,201900,201900,201900,202100,202000,202000,202100,202500,201700,201700,202100,201900,202000,202100,202000,202000,201600,201800,201800,201800,202200,201800,201700,201700,238700,195900,196000,195900,196000,195800,195800,195900,196100,195800,195900,195900,195800,195700,195900,195700,195800,195800,195900,195700,195800,195800,195700,196000,195800,195800,195900,195700,195900,195700,195700,196100,195900,195800,195800,195900,196000,195800,195900,195900,195800,195800,195800,196000,195900,196000,196200,195900,195900,195900,195900,195900,195900,196000,196100,196000,196200,196100,196100,196000,196100,195800,195800,195800,217500,203900,202900,203800,204000,202500,204200,203600,204100,203100,202800,203900,202100,203700,260800,210100,213600,237000,195900,196000,196000,196700,196100,196100,195800,195900,195900,196300,195900,196100,196100,196200,195800,196000,195800,195700,195800,196000,195800,195900,196100,196000,195900,196000,196200,196100,196100,196000,196000,195700,195900,196200,196000,196400,196200,196100,195900,195700,196100,196100,196200,196100,196200,196200,196300,196500,196000,195900,196000,196000,196000,196300,195900,195800,196000,195800,196000,195900,195900,195900,195800,195900,196100,195800,195800,196000,195600,196000,195800,196400,196000,195800,195700,245900,265200,195800,195700,195900,195900,195800,195600,195800,195800,195700,195600,195900,195700,195900,195800,195700,195800,195800,195800,195800,195700,195800,195800,195900,195700,195800,195800,195800,195800,195700,195800,195800,195700,195800,195900,195900,196000,195800,195800,195900,196000,195800,195900,196100,196500,195900,195800,196100,195700,196000,196000,195900,195800,196000,196000,195800,195800,196000,195700,195900,196000,195900,196200,196100,195700,196000,196500,196300,196300,196000,195800,195800,195900,195800,195800,195800,195800,195700,259600,241500,202000,201700,214000,196100,196200,196000,196000,196300,196100,196000,196500,196100,197000,196100,195800,196300,195900,195900,195900,195700,195800,195800,195900,196000,195900,195900,196000,196000,195600,196100,195900,195800,195900,195900,196200,196100,196300,196100,196200,196200,196100,196400,195900,196000,196000,195900,196100,196000,196300,196000,196300,195800,195900,196200,195900,195900,196300,196100,196000,196200,196100,196200,195600,196000,196100,196000,196100,196000,195800,195700,196000,195900,196000,195800,195900,195800,195700,261600,196000,196100,195800,195900,195700,195800,195900,195800,196200,195800,195700,195700,195700,195700,195800,195900,195900,195700,195800,195600,195800,195700,195800,195900,195800,195700,196000,195700,195900,195800,195800,195700,195700,195800,195900,196000,196000,195900,195800,195800,195900,195800,195900,196200,196200,195900,195900,195900,195700,196200,196200,195900,195800,196100,196200,196600,195900,195800,196000,196000,196000,196100,195800,195800,196000,195900,195800,195900,195900,195700,195800,195900,195700,195900,195800,195800,195900,195900,270500,255800,201700,201700,213700,196200,195900,196100,195900,195900,196100,196000,196000,196100,224100,196400,196000,195800,195800,195900,196000,196000,196000,195700,195800,196100,195700,195700,196600,195800,195900,196000,195900,195800,196200,195700,196100,224200,195700,196100,196300,196000,196000
#W oneshot crc_modbus 16 16384 500
397500,400300,396200,396500,399000,427300,398700,396800,399400,399400,400800,398800,441300,399100,399000,399300,398600,399600,398000,395900,399600,397300,397400,398200,397300,399400,397500,399100,396200,454700,399400,397600,399200,398000,398500,398400,399000,398100,399400,399100,399400,396100,396600,399600,400100,397300,399200,397400,399200,397200,396000,472100,420700,399800,398800,399600,399700,397300,398400,400500,396700,396900,399800,399200,399300,399500,399300,396600,399500,400400,398300,398800,400400,397300,398500,397200,398400,399100,399200,397500,396200,398700,396400,397500,397700,396000,400900,399700,397100,396100,441500,396900,399000,398000,397200,396900,396300,396900,396700,396100,396100,396200,399600,396600,399500,397000,396800,399100,397900,398000,397200,399600,398000,399000,399500,397600,396900,399600,399100,399700,398400,396700,399500,399700,399600,399700,397200,396800,399000,438900,411900,411400,411400,408400,408400,408700,408700,408200,408800,411200,411400,408400,411700,408000,412800,408600,411700,413000,407800,408700,411900,411500,409400,411600,408300,410500,411800,408100,409800,411700,411400,409300,411400,408900,410900,411500,410900,426300,409200,396400,395900,399600,399500,396400,396100,396000,396200,396200,395900,399600,396700,396400,401000,399600,396100,396700,398800,399800,399500,397100,399500,396800,399600,396100,396700,398200,401000,400500,398400,399400,398200,401100,396300,400900,396000,399300,441400,400900,396100,396600,399100,399100,400700,396700,399700,399500,396000,396000,399600,395900,400900,399500,396700,396600,396700,399200,398100,400900,400900,397600,396500,401100,399600,396000,397400,396600,396400,399000,400900,400800,396200,399600,397800,399900,398200,432700,411500,397400,399000,397700,398900,399600,400800,399500,427100,398300,396300,396300,397100,399600,400500,398200,399500,396200,400700,398800,396900,400100,397700,399900,399200,397300,396500,398200,398500,397800,397500,397700,396700,396200,399000,399700,399600,396400,440400,396700,399500,396000,400600,399700,399600,396200,398000,399300,398700,399400,397500,396100,399900,396900,399400,400000,398500,396500,398400,398500,397200,397900,396800,396100,400600,397800,396500,400100,396200,396000,396800,398700,396800,400700,399600,396600,399600,434800,424000,400900,396300,396800,396200,399800,399000,399200,398400,399400,400900,399600,399200,399500,399100,399800,398200,396900,398600,398800,399500,398000,400900,397200,396200,396500,399200,399300,399600,397300,396700,398200,400100,399600,399800,396400,396300,397200,464700,423300,396200,398900,400700,398000,399500,397900,398000,399000,399700,396700,399900,399700,397700,398400,399400,397100,396600,399400,396000,399500,399700,398200,400000,397600,399300,400500,399700,398300,396500,400800,396700,397800,399500,400900,458100,396500,398700,395900,396000,399000,396500,399400,396000,397700,399600,397800,399200,399900,397500,398600,398500,397400,399900,396600,400000,400700,399600,401000,398200,398900,397500,396400,400900,400900,396300,398300,399400,399300,396600,400700,397000,396100,398500,420900,464900,463000,478900,424700,422900,425100,452200,399300,399500,399300,399300,395900,399300,399300,398400,396400,396600,395900,396100,396200,396800,397500,399300,396000,396900,398600,399600,397000,398900,398400,398500,400100,396500,399300,398200,398000,396800,396200,396000,440600,397100,396700,399300,400300,396100,397100,401100,401100,398000,396400,396000,428800,396600,399500,396200,399500,399100,400500,396400,396400,398400,396400
#W oneshot crc_32 16 16384 500
339700,339600,339600,339500,339600,339500,339700,339400,339800,339600,339600,339600,339400,339500,388200,356700,339700,340100,339700,339700,339500,339800,339600,339600,339900,339700,339600,339700,339700,339600,339600,339900,339400,339800,340000,339700,339900,339800,339900,339900,339800,339700,339800,339700,339500,339800,339800,339700,339600,339600,339500,339600,339600,339600,339500,339700,339700,339600,340000,339500,383100,339700,339400,339500,339400,339700,339400,339700,339700,339700,339600,339600,339700,339700,339600,339700,339500,339500,339600,339600,339700,339500,339500,339600,339700,339500,340100,339400,339800,340000,339700,339800,339500,339500,339500,339300,339600,339600,339600,339900,339800,339500,339700,339600,339600,408700,356100,339700,339700,339500,339500,339500,339700,339300,339400,339600,339600,339500,339600,339600,339500,339700,339500,339600,339700,339700,339700,339600,339800,339700,340000,339600,339800,339500,340000,339700,339700,339800,339500,340000,339700,340000,339600,339700,339600,339500,339700,339400,339500,339600,339700,372100,339600,339500,339500,339800,339500,339500,339800,339600,339500,339600,339500,339700,339700,339500,339500,339600,339400,339900,339400,339700,339600,339600,339300,339700,339700,339500,339600,339600,340000,339500,339700,339800,339900,339400,339800,339700,339500,339600,339800,339800,339600,339900,339500,339600,339800,375900,339500,339500,339700,339500,339700,339500,339500,339500,339600,339700,339700,339400,339400,339500,339300,339800,339800,339500,339500,339800,339800,339600,339900,339700,339500,339500,339900,339600,339700,339800,339300,339500,339700,339500,339500,339400,339500,339700,339400,339700,339800,339500,339600,339800,339500,382100,341100,340400,340300,339600,339300,339900,339600,340000,340200,339900,339800,340000,339700,339800,339700,339600,339500,339700,339800,339600,339800,339800,340000,339600,339600,340000,339700,339600,339800,339900,339500,339900,339800,340000,339600,339800,340000,339600,339700,339500,339500,339600,339500,339500,344600,398800,339600,369300,339600,339400,339300,339500,339400,339600,339700,339500,339600,339400,339500,339600,339500,339400,339700,339500,339600,339800,339800,339700,339700,339700,339600,339600,339600,339700,339500,339700,340000,340500,339600,339700,339700,339600,339800,339600,339500,339600,339500,339500,339800,339600,386800,358800,411500,385000,339700,395800,372200,419200,485900,373500,413400,339800,339600,368000,394500,339500,339700,339800,339600,339700,339500,339600,339500,339400,339500,339200,339900,339300,339900,340100,339700,486100,350200,355500,378300,340000,339800,343600,339600,339400,344000,339900,339700,343400,339700,339800,343600,339500,339800,343000,339500,340000,344400,339700,339900,344100,339700,340700,343800,340100,339900,344000,339500,343800,339900,339700,343800,339800,339800,343700,339800,340100,343900,339700,339900,343200,339900,339600,386000,380900,413600,339500,339700,368700,339700,362200,352200,339800,369200,339500,339600,369200,339500,339700,369600,339500,339700,368800,339500,339500,369100,339300,339800,368700,339500,369700,339600,339400,369200,339800,339700,369600,339600,340000,369600,339600,339700,369500,339600,339700,369300,339300,354200,440900,339300,342300,367800,339500,398300,339700,339500,339600,339700,339700,339300,339500,339500,339700,339600,339500,339700,339500,339600,339700,339600,339600,339700,339500,339700,339500,339700,339600,339700,339600,340000,340300,339500,339800,339900,339800,339700,339700,339800,339600,339400,339700
#W oneshot crc_64_ecma 16 16384 500
320100,320300,320100,319600,365500,318500,319600,319500,319900,319800,320100,320300,319700,319500,319500,319600,318400,318200,319700,319600,319600,318800,319600,319500,319900,320300,320400,320200,320200,319800,320100,320100,320200,319500,318800,319500,320000,320300,319800,320400,320200,320200,320100,319700,319600,320200,319400,319100,320100,319500,319600,318500,341900,333600,320200,320100,320300,320500,320300,319700,319900,320300,347100,320100,319800,320300,319700,319000,319500,319600,319800,320600,320300,320200,320100,320300,320500,320200,320700,348700,320200,320500,320600,320300,319400,320700,320500,319700,320000,320500,319600,319500,318500,320200,320000,320200,320000,320200,320100,320400,320200,358800,319800,320300,320500,320200,320100,319200,320300,319500,318700,319900,320300,319700,320200,320400,320100,320300,320300,319100,318800,320200,320200,320200,320100,319100,319900,320400,319500,320200,320400,320200,320400,320600,319800,320200,319800,320200,320100,320200,319900,320400,318900,320100,320700,320100,320300,319500,320300,342500,336300,336500,333600,337700,322400,321500,320600,321800,321200,323000,321200,320700,321100,321000,320400,373600,330900,331200,331100,329800,329600,329700,330300,330100,329900,330000,330200,330000,330000,329600,330100,328800,330200,330300,330700,330000,330400,330300,330600,330100,331100,329400,330000,334600,320700,320400,341300,344500,320100,320400,320200,320200,318800,320200,320400,320500,319600,319700,320400,320100,351400,320200,320200,319200,320300,320200,320400,320300,320300,320700,320900,320200,320300,320400,320600,320000,319600,320000,320500,319700,320500,320600,320400,320400,320700,320400,319000,319700,320200,319800,320100,319800,320400,318900,320100,353900,320300,320100,319900,320300,320300,320100,320100,320200,320200,320300,320200,320300,320400,320200,320300,320300,351100,320400,320600,320400,320300,319200,319900,319800,319500,319500,320300,320300,320200,320200,320300,320300,320700,320700,320200,320300,320100,320300,320200,320200,319800,318700,319500,318700,318400,320000,320100,344800,336900,320200,320200,320500,320300,318700,320100,320000,319500,319600,319600,319800,320400,320100,320300,320300,320200,319100,319700,318700,381000,320100,319400,320100,319700,319800,320300,320200,320300,319500,320200,319100,320600,320300,320200,320200,320200,320100,320300,320500,319600,320400,319200,320200,320300,319900,319700,319600,351500,318500,319600,319800,320200,320100,319500,320300,320300,320300,320100,320200,320100,320200,320200,320300,320100,320200,320300,320200,319600,320400,320400,320300,320400,320400,320300,319900,320000,320200,320200,320200,320100,320500,320400,320300,319900,320300,320400,320500,320200,320200,319800,320300,320200,319500,350200,320100,343600,339000,325300,356500,337700,329100,329300,330000,330200,330500,372000,329400,330500,330500,329700,330700,330400,384300,341500,320600,319300,320600,320600,320400,321000,320600,320600,320300,320300,320600,320500,320400,320400,320300,320400,319700,321200,321200,320500,321300,320800,320900,320700,320500,320800,320700,319600,320400,354800,319700,320300,320400,320700,319800,319700,320100,320200,319400,320100,320000,320300,320300,319900,320100,320000,319600,320200,320400,320200,319600,319800,320200,319600,320400,319800,320300,318800,318900,320400,319900,319600,320200,319900,320300,320200,320000,320200,320200,320100,319300,320300,320200,320300,320300,320300,320300,349700,345200,319800,320600,320400,319000,320500,320200,320300,320400,320300,319000,320000,319600
#W oneshot crc_64_we 16 16384 500
327100,326500,326700,326300,326600,327700,327700,327500,327600,327200,327700,326800,326800,326600,327300,327700,327800,326800,327900,327900,326900,326900,326500,327300,327400,327300,326900,326600,327300,360900,326800,327700,327300,326800,327100,327800,326800,327200,326900,327500,327100,327400,327500,327200,326600,326900,327000,327400,326300,327000,327900,327200,326800,327600,327400,327200,327200,327500,327300,326700,326700,327100,327800,327300,326900,327000,327300,327800,327600,326600,327900,326700,326500,326300,326700,327000,326900,494100,326400,327100,326800,327800,327100,326900,326800,327300,327700,327700,327000,327200,327700,327100,327800,327300,327800,327100,327400,327800,327300,326900,326700,326400,327000,327300,327600,327200,326900,327300,327000,327300,327700,327400,327300,327700,327300,327700,327400,327000,327900,327500,326900,327100,326700,327100,368000,326800,326400,326700,327100,326700,326400,326800,326400,326700,327600,327600,327500,326400,326500,327400,326500,326700,327600,326800,326600,326700,327000,326900,326800,327100,326900,327400,326700,327500,327200,327700,327200,327100,327000,327100,327100,327700,327200,326700,326600,327800,327100,326800,327400,326600,327700,364600,370300,327000,327900,326600,327200,327600,326900,326300,327400,326700,327300,327500,326700,327300,327000,326800,355000,327700,327300,326900,327700,327600,327500,326900,327500,327400,327000,327700,327100,327400,326800,326900,327200,327300,327200,326800,326700,326700,327500,327300,327000,326600,326900,327200,326400,326400,326800,364400,342000,326900,326500,327500,326900,328100,327600,326800,327200,327000,327300,326700,326800,327700,326500,326900,326900,327000,327600,327400,327400,327200,327100,327900,327600,327400,327000,327200,327400,327100,327800,326700,327100,327100,327700,327700,326900,327800,327900,327800,326700,327800,326700,327000,326800,326800,377700,326900,327400,327800,327200,326900,327300,327600,327700,327000,326700,327600,326900,327100,327700,326700,326400,327300,327700,327700,326900,326500,326400,326900,327400,327300,327400,326600,327100,326700,326300,327300,326600,327100,327500,326900,327200,327600,327300,326900,327900,326900,327100,327700,327700,326900,327600,326700,368800,327400,327000,326700,326700,326900,328000,327000,327200,327700,327000,327400,327500,327500,327100,327200,327300,326700,326800,328100,326700,327700,326700,327200,327200,326800,327100,327300,327900,327100,327300,327700,326900,327400,327000,327200,327000,327400,327400,327400,327100,327400,327700,327400,327500,326800,326500,352300,342800,340800,406100,327600,327700,386700,520200,415500,403500,393500,386500,341700,326500,326800,441400,339600,327000,327900,326400,326500,326300,326500,326400,326500,326400,326500,326700,326700,327000,326400,326900,327000,327800,326800,326300,327000,327700,327900,327400,327800,327100,327300,326800,327000,327200,327000,327400,326800,327300,327700,327500,327100,327900,382900,339600,447500,348300,343900,343500,326400,326900,329400,327200,327300,328400,326800,327400,346300,339500,327600,328900,327800,327600,329200,327000,327800,329200,327500,327800,329100,326900,327900,329500,327400,328200,328900,327100,327100,328900,327100,327600,329200,326500,326700,329200,327500,327400,329100,327800,327300,357800,327000,326800,328700,342400,564100,326500,326500,329300,327800,327800,328800,327800,327100,329200,326900,327700,329500,326700,326300,328500,326500,326500,329100,327100,326900,409500,326900,327100,328800,326400,326800,328200,326600,326400,329800,327300,327100
#W oneshot crc_ccitt_1d0f 16 8192 500
211200,203800,203900,203900,203900,205800,203700,203700,203600,204000,205500,203500,203500,203700,205200,203500,203600,203600,203500,246500,220800,308400,203500,221200,218700,203800,203600,203600,203700,203600,203600,203500,203700,203600,203900,203600,204000,203600,203500,203800,203500,203700,203600,203700,203800,203600,203700,203900,203600,203500,203600,203600,204000,203700,203800,203900,203700,203700,203500,203700,203900,203900,203900,203600,203600,203900,204000,203600,203700,203700,203500,203600,203600,203600,203700,203700,203500,203700,203800,203600,203500,203400,203800,203400,203400,203600,203900,203600,204000,203900,203700,203600,203800,203500,203800,203500,203700,203900,203600,203800,253200,274700,203600,203600,203500,203900,203600,203700,203600,203600,203600,203700,203900,203700,203500,203600,203700,203500,203800,203900,203700,203500,203500,203800,203900,203500,203400,203500,203700,203900,203600,203600,203600,203700,203600,203500,203300,203500,203400,203400,203400,203800,203900,203500,203500,203700,203900,203900,203900,203600,204000,203600,203600,203700,203700,203800,203400,203700,203600,203500,203700,203800,203600,203600,203500,203400,203700,203500,203300,203700,408000,203700,203600,203900,203600,252400,204100,203700,203600,203500,203800,266300,203600,203800,203400,203700,203900,203600,203600,203900,203700,203900,203900,203500,203900,203900,203700,203700,203700,203500,203900,203400,203600,203700,203600,203700,203600,203600,204000,203900,203600,203500,203500,203500,203800,203900,203600,203700,203800,203700,203800,203800,203700,203500,203700,203700,203700,203500,203400,203900,203700,204000,203800,203700,203600,203600,203700,203800,203700,203700,203500,203400,203500,203600,203700,203700,203600,203700,204000,204400,204000,250100,243000,280400,209800,209500,209600,209900,209800,210100,209900,209800,209800,209900,210000,210100,210100,210000,209900,209800,209800,210200,210100,209800,209900,209800,209900,209900,210100,209900,210100,210000,209800,209900,209900,209900,209800,210200,209700,210100,209900,210100,210500,209800,210000,210100,210500,209800,210000,210100,210200,210300,210000,209700,209700,209700,209900,210200,209800,209700,209900,210200,209600,209800,209800,210100,210000,210000,210300,210900,209600,209900,209700,209800,256300,256500,203600,203500,203400,203500,203600,203500,203500,203400,203600,203500,203500,203700,203900,203900,203600,203900,203500,203600,203900,203500,203700,203900,203600,203600,203500,203600,203600,203700,203700,203800,203700,203500,203500,203900,203700,203700,203600,203500,203800,203900,204000,203700,204100,203600,203900,203800,203900,203800,203800,203500,203800,203800,203500,203400,203800,204000,203900,204000,203700,203500,204100,204100,204100,203900,203600,203400,204000,203800,203600,203700,203400,203600,203500,203600,224200,239900,244900,203900,203600,203600,203700,203500,203600,203600,203600,204000,203700,203600,203600,204100,203800,203600,203700,203900,203500,203800,204300,203700,203500,203800,203700,203600,203600,203900,203900,203800,220800,216300,204000,204000,203700,203900,203800,204000,204000,204000,203600,203900,203600,203400,204000,203500,204000,203600,203600,203900,203900,203600,203800,203600,203900,219600,218300,203900,203700,203400,203700,204000,203900,203700,203900,203700,203900,203600,203700,204000,203600,203600,203500,203400,233800,219000,203900,203800,203600,204000,203900,203400,203800,204000,203800,203600,203400,203900,203600,203900,203700,203700,204000,203600,203900,203800,203800,203700
#W oneshot crc_ccitt_ffff 16 8192 500
203600,203500,203900,203600,203800,203400,203600,203500,203600,203900,203900,203900,203900,203600,203900,203800,203900,203700,203900,204000,203900,203700,203900,203700,203900,203600,203600,203700,203600,203700,203700,203500,203800,203700,203600,203600,203900,203500,203700,203900,203600,203800,203600,203900,203700,203900,203700,223400,217400,203700,203900,203700,203600,203500,203700,203400,203700,203700,203700,203600,203900,203400,203600,203600,203400,203600,203400,203500,204000,203600,204000,203600,203600,203700,203800,203600,203700,203700,203500,219700,245100,203800,203700,203600,203900,203600,204000,203600,203500,203800,203900,203600,203800,203600,204000,203600,204000,204100,203800,203900,203500,203700,203800,203400,203800,203600,203500,203700,203800,203700,203900,203800,203800,203800,204000,203700,203800,203500,203700,203500,203700,203500,203900,226400,217200,204000,203700,203700,203700,203600,203500,203700,203500,203600,203900,203500,203700,204200,203700,203800,203600,204000,204000,203900,203700,203500,203500,203700,204000,203500,203800,203700,203700,203800,203700,203900,203900,203800,203900,203700,203800,203700,203400,203500,203700,203700,203800,203600,203900,203400,203700,203500,203700,203800,203700,203600,203500,203600,203400,203700,203800,203600,203700,204000,203900,203500,203900,203800,203600,203700,203600,203700,204000,204000,203800,203600,203800,203700,203400,203700,236600,206200,205300,328400,203800,203900,203900,204500,282100,204000,282400,229100,657900,290200,209900,209900,209700,262600,273800,203600,203500,203500,203700,203400,203700,203300,203500,203500,203500,203400,203700,203400,203400,203600,203900,203900,203900,333000,210000,244500,203300,233500,212400,203600,203400,203500,203900,207000,203500,203700,203700,203500,207100,203700,203400,203500,206900,203600,204000,203600,203500,206800,203600,203600,203600,203600,207200,203600,203700,203600,203500,207200,203900,203500,203700,203600,208700,203800,204000,203600,203500,207200,203500,203700,203600,204000,207700,203500,203700,203900,203700,207400,203800,203900,203600,207400,203800,203700,203800,203900,207800,203600,204100,203800,204200,207300,203500,203700,203400,203500,294900,231300,203900,203500,208500,203600,219900,302000,203500,203700,203400,203600,233500,203500,204000,203600,203700,234000,203500,203500,203600,203600,233100,203600,203600,203700,220200,216500,203800,203500,203700,233400,203500,203700,203700,203900,233100,203700,203700,203500,203600,233700,203700,203600,203600,232300,216300,204000,203400,203700,233600,203600,203500,203400,203800,233200,203600,203900,203800,203900,233100,203500,203900,203700,233400,203700,203600,203700,203500,233000,203900,203600,203700,203600,232900,203800,203700,203700,203700,234100,203800,203600,204200,222300,217000,204600,203700,203800,251100,215900,203600,203500,203600,203800,203600,203600,203600,203600,203500,203600,203900,203600,203600,203500,203700,204100,203600,203600,203500,203500,203700,203800,203800,203700,203600,203800,203800,203600,203600,203400,219200,217300,203700,203700,203700,204000,203900,203800,203900,204200,203600,203700,203700,203600,203700,203500,203600,203600,203600,203600,203500,203500,203600,203700,203600,203800,203800,203700,203800,203500,203700,203600,204100,203800,203600,203500,203600,203500,203800,203700,203600,203700,203700,203700,203700,237500,203900,203900,203500,203900,203600,203900,203800,203700,203800,203700,204000,203700,203500,203800,203500,203700,203600,203500,203500,203600,203700,203600,203700,203900
#W oneshot crc_xmodem 16 8192 500
202500,202600,202000,202100,202600,202100,202100,202100,201800,202200,202600,202600,201700,202100,202400,202500,201800,202000,201800,202100,202000,202500,201700,201800,201800,202000,202100,202300,201700,201800,202000,202400,202000,202400,202400,201700,202000,201900,202100,202500,202000,201900,202100,202100,201900,201800,230200,217800,202200,202000,202500,202300,201900,202100,201900,202000,202100,202000,201800,202100,201800,202100,202200,202100,202000,201800,202500,202600,201700,202600,201900,201700,202100,202600,202600,202600,201900,202100,202000,202000,202400,202300,202100,201700,202200,202700,201900,202600,202500,202400,202500,201700,202300,202000,202000,202300,202300,202700,202400,202600,202600,201800,202000,202100,202800,201900,201700,202100,202400,202200,202000,202200,201700,201700,202500,202500,202100,201900,201800,202300,202600,203600,202300,222400,246700,202100,202400,202400,202000,202000,201700,202100,202600,202000,202500,202300,202600,202000,202500,201900,202000,201800,201800,202200,202500,202200,202200,202400,202000,202100,201900,202600,202500,202600,201700,201900,202000,202000,202100,201700,202600,202200,202300,201900,202300,202000,202300,202600,202000,202200,202300,202100,202500,202700,202800,202000,201800,202000,202000,202100,202000,202100,201800,202600,201900,202200,202200,201900,202500,201700,202300,202500,202000,202100,202600,202400,202500,202300,201800,201700,238500,202000,202500,202400,202400,201900,202000,201800,202500,201800,202100,202100,201800,201900,202000,202100,202000,202600,201900,201900,202100,201900,202600,202600,201800,201800,201700,201800,202700,201800,201900,202600,201800,201700,202000,202400,202300,202400,202800,201700,201700,202000,202600,202100,201800,201700,201700,202000,201800,201900,202100,201800,202100,201800,201700,202300,201900,202400,202600,202000,202300,202300,202000,202000,202100,202100,202200,202200,201800,202500,202500,201700,202500,202200,201800,202700,202600,233000,215700,202500,202100,202700,201800,202600,202300,202500,202000,202300,202200,202000,201900,202400,201800,202000,202300,201800,202500,202300,202000,202200,202700,202600,202000,202000,202100,202100,202200,202800,201700,202200,202400,201900,202000,202400,201900,202200,201600,201900,201900,202100,202000,202400,201800,202000,202600,202600,202000,201900,201700,202100,202000,202500,201800,202600,202300,201900,201900,201900,201700,201800,202000,201900,201900,201800,202100,201800,201800,202300,202400,202400,201800,201800,201900,202600,287500,212500,202000,202400,202600,202000,202000,202300,201700,201800,202100,202500,201700,201800,202600,202000,201900,201700,201800,202000,202500,202100,201800,201900,202200,202100,203200,202100,202000,201900,202600,201900,202500,202000,201800,201800,202700,228900,202500,202000,201900,202000,202300,201900,201800,202400,202600,202500,202000,202100,202100,202600,202100,202200,202100,201900,202300,202200,201900,201700,201800,202100,229600,201900,202100,202400,202200,201800,202000,202400,202100,202300,201700,202400,202000,202100,226000,213100,219200,202000,202100,202000,202600,202100,202100,202400,202700,202200,202700,201900,201900,202100,201900,202600,202300,202200,202200,202300,202000,201900,202100,202200,201800,202600,201800,201900,202200,201800,248800,211300,202700,202000,202300,202200,202000,202200,202900,202400,201800,202300,202500,202100,202100,202600,202100,202000,202000,202000,202300,201900,202300,202000,201800,201800,202700,202500,202100,202700,202000,202600,202700,202300,202700,202400,201900,202600
#W oneshot crc_kermit 16 16384 500
381700,382600,386300,384300,438700,368100,369000,367600,367600,363200,367100,367400,367800,366100,369600,366800,367500,367300,367400,367500,368400,368900,369600,367400,367200,366600,367600,368600,366300,369700,367500,367600,366900,368500,367000,367200,368100,366100,368300,367400,403700,368500,367400,369800,368400,367700,367600,370000,362900,366000,369700,369800,367300,363800,368900,363800,366300,368000,367400,367000,365900,369600,366800,367600,369500,367200,369100,367400,367200,367600,367700,367500,367600,367200,364900,367200,366900,363800,367500,367500,367700,367600,369100,401400,383100,398700,377700,377600,381100,379800,377600,379900,390400,439500,422300,422400,409500,395500,367300,366300,366500,367400,367000,369800,368000,366900,367300,369700,369000,365700,367100,366700,366800,367900,367900,366600,367400,366900,367500,366100,366600,365300,367700,366300,412900,367700,368400,367500,366400,367100,367100,365900,367400,367100,369900,367400,363500,367000,367300,367300,363500,368400,368200,364500,365500,366100,366500,368400,368200,366900,368000,369800,363800,367200,364600,367500,366600,366500,369600,364100,368300,368100,367200,367900,367200,367500,409400,428100,378500,367500,367100,368300,367600,368700,366700,369900,366900,366500,367100,368700,367800,366900,367500,368400,367500,367700,366000,365700,367400,366200,366900,366500,367000,366800,367800,367500,365900,368100,367100,365800,368900,365900,368800,366300,367300,363300,363800,367000,409900,379600,369300,365400,366800,367700,369800,367900,368300,367400,393800,369900,367300,367300,367400,365000,366900,367000,369500,367100,364200,366600,369700,369800,366500,367500,367000,367300,367200,369900,366600,367900,369300,367300,367100,369600,366800,366200,369900,367400,366000,367500,367400,492700,380300,369800,368700,368300,369800,367300,365100,367300,363200,366800,364500,363400,367500,367000,366900,367100,367400,367000,369300,369200,367000,367500,366000,365900,365000,367700,366500,367100,369300,364600,367500,366900,367000,367000,366000,363800,369900,366800,367900,367100,368000,426300,367000,367300,367000,367100,366400,367000,367100,367400,368500,370100,367200,367400,367600,364800,367600,369700,369400,367400,369600,367100,365200,367700,366200,367000,367000,369800,367400,367600,367100,367400,367300,366500,367300,365700,367400,366800,369800,369500,363400,367000,367700,414600,367600,367200,369900,366600,367200,367300,366200,365900,367400,367200,366800,369800,367700,367000,369700,367400,363100,367500,366300,369900,365700,366700,363300,369800,363200,366800,367600,367000,369800,367100,366000,367000,364700,366900,369800,366800,369900,367100,364000,369800,367200,450500,366700,367000,369700,367000,367400,366900,369700,367000,364500,367400,369500,366900,367400,367000,367000,367500,367500,367300,367200,363300,363200,367300,363200,367500,367300,367200,368300,367000,367300,368300,365900,367300,364700,366900,367100,367200,370000,368300,365700,367100,367600,369800,424400,369700,363100,363500,367600,367400,367500,367000,367000,363600,367300,367500,364500,367200,367000,369700,366800,367500,367200,367100,366800,367000,367400,367300,365500,364200,366300,367400,367300,367300,365400,368600,369900,370000,367000,367400,365600,366500,367500,367700,366900,367500,415700,367600,369800,367200,369800,367700,368500,367000,367200,369700,367100,363300,383200,377200,367200,367600,369600,367900,368100,367200,368400,366700,369800,366000,367400,367000,394600,366100,367100,364400,366900,367400,368500,369200,367200,366400,366900,367400
#W oneshot crc_dnp 16 16384 500
375400,375100,374400,375400,375200,374900,374400,374800,374600,374700,374700,374900,374800,374300,375100,374400,374700,375000,374400,374400,374600,375400,374800,374300,375400,374500,374900,375200,375200,375200,375200,375200,374300,375100,374500,375300,374700,374900,374400,375100,400200,418600,374600,375300,375200,375300,374700,375500,374300,374800,374700,374800,374300,374500,374800,374900,374700,374900,375100,375300,375000,374800,375000,375500,375200,374900,375600,374700,374700,375000,374700,375000,374900,374400,374700,375400,374800,374500,375200,374500,374400,374400,409300,375200,374400,374500,374900,374600,374800,375100,375000,375800,374200,374500,375400,375100,374900,375200,375300,374800,374500,374800,374500,375300,375500,374900,375600,374400,374500,375000,375200,374200,374600,374600,375500,374300,375500,374500,374900,374600,374500,375100,374300,413700,394800,398600,376100,375100,375300,376700,374900,374900,374700,374900,374400,374600,375000,374800,374300,375400,374600,375600,374400,375300,375000,375400,375000,375600,375600,375200,374900,374900,375300,375000,375800,375600,374600,374600,374700,375400,374500,374800,374900,374800,374800,417000,374500,375400,374400,374800,374600,374600,374600,374600,374700,375100,375000,374600,374200,374800,375300,375500,374600,375000,374600,374400,375500,374700,375300,374700,374500,374900,375500,375300,374500,374800,374500,375100,374500,374800,374500,375400,375400,374900,374400,375000,414600,393700,392400,389000,388100,375800,374700,374800,374500,375000,374600,375100,375300,374400,375100,375000,375100,375000,374900,375000,374800,374500,374700,375600,375400,375500,375300,375600,375200,375000,374800,375100,374500,375500,374700,375300,375100,375500,375000,374400,375100,374900,451500,374900,374400,374800,374800,374800,375300,375700,375000,374600,374900,375000,375400,374400,374200,374800,374400,375300,375700,375800,375200,374700,375600,374800,374700,375200,374700,374700,375400,375400,375000,374400,374800,375200,374900,374200,375200,375100,374300,375200,374600,439300,377500,515200,374600,375300,512400,438700,503400,419800,438300,375200,374800,459200,374600,374900,375000,374400,375900,375200,375100,375300,375500,375300,375200,374900,375300,375800,512000,443900,378200,375000,374800,376900,374500,376900,374700,374700,376600,374500,374400,377200,375300,376700,375000,374500,376600,374700,374700,389700,374800,377500,374600,375200,376900,375000,375300,376700,374700,376500,375000,375300,376800,374400,374800,376900,374700,376400,374400,375300,414900,410500,430300,374900,377000,375100,374900,376400,374300,375000,377000,374800,376600,374900,374800,376600,375100,374800,376500,374700,377100,374900,374700,377600,375400,374500,376900,375400,377300,375000,374700,376700,374700,374500,376900,375000,376800,375300,374700,376600,374800,391600,389200,375400,377000,406100,375500,407000,374700,375200,375400,375100,375100,374700,374500,374800,375100,374800,374300,374700,374300,375600,374800,375300,375200,374900,375600,374400,374800,374500,374500,374700,374800,374900,374700,375200,375800,374700,374900,375300,374600,375100,374400,374200,374900,374800,375100,374700,419600,405000,374400,374900,375000,374300,374300,374500,374700,374700,375200,374600,374900,375100,374500,374900,374900,374500,374800,374900,374500,374400,374500,375100,374700,375700,374600,375000,375200,374900,374300,374400,374800,374900,375300,374400,375000,374700,375600,375200,375200,375100,412500,375000,374400,404600,374700,374800,374600,374500,375000,404600,374900,375300
#W oneshot crc_sick 16 16384 500
266700,266700,266600,266700,266700,266800,266700,266800,266900,266800,295800,266800,266900,266600,266600,266700,266700,266800,266700,266700,266800,266600,266900,266700,266600,267000,267100,266600,266900,266900,266800,266700,266600,266800,266900,266700,314400,266700,266800,266800,266800,266700,266800,267100,266700,296400,266600,266800,266700,266700,266800,266700,266900,266700,266700,266800,266600,266700,266800,266700,266800,266900,266700,266800,266800,267100,266800,266700,266700,266700,266700,267100,266800,266800,266700,266900,267000,266700,266800,267100,266700,266800,266800,266900,266700,266900,266800,266800,266600,266900,266600,266800,266700,266700,290500,280100,266900,267000,266900,266700,266800,266700,266800,266700,266600,266700,266500,297000,266600,266700,266700,266700,266700,266900,266900,266700,266800,266800,266600,266800,299100,314400,291200,271300,268600,267100,266900,266900,267000,267000,266800,267000,267100,266800,267100,267100,267100,266700,266600,266800,266700,266700,266800,266700,266800,266900,267100,266900,266700,267000,267500,266800,325200,277300,283900,266900,266800,267200,267100,266900,267100,267000,266700,267000,266800,267000,267000,266600,298200,267100,266900,266900,266900,267000,267200,266700,267000,266900,267200,267100,266700,267200,266800,267100,267100,266900,267500,267300,266700,266800,266800,267000,266800,266700,266700,266700,267100,266800,266600,266900,266800,266900,266600,266800,267000,266800,266600,266800,266800,266800,389600,293200,336100,266700,266500,266700,266600,266700,266700,266700,266700,266800,266900,266700,266700,266600,266900,266700,266700,282300,281300,266600,266800,267000,266700,266900,266900,267300,267000,266900,267100,266800,266700,267000,267400,267100,267100,266900,266800,267100,267000,267000,266600,266600,266900,267000,266700,267000,267600,267100,266800,266700,266800,266900,266800,266600,266700,331600,309500,274900,281600,266700,267000,267100,266800,266900,267200,321800,290800,266800,266700,266600,266800,266700,266700,266600,266400,266700,266700,266700,266700,322700,266600,266800,266900,266700,266700,266800,267000,266800,266900,266700,266800,266700,266800,267000,266700,266800,266800,266800,266800,266900,266900,266800,266900,266700,266900,267200,266800,266600,267000,267000,267000,266800,306200,285900,266800,267000,266800,266700,267200,266700,266700,266900,266800,266600,266600,266700,266800,266600,266600,266800,266700,266700,266800,267000,266600,266900,267000,266700,266800,266700,266900,266700,266800,266700,266900,266800,266800,266800,266800,266900,266700,266800,266700,266700,267000,266600,266800,266900,266800,266600,266600,266800,266700,266800,266800,266700,266800,266800,296400,266800,266700,314600,274800,286300,266800,267200,267000,266900,267100,267300,268200,313300,274800,280000,266900,266900,267000,266800,283100,275100,276300,283500,268100,268700,267500,267700,267400,298200,325800,270200,267600,267200,266800,266800,266900,266900,267000,267100,267100,266900,266800,267000,267000,266700,266700,266700,266900,267000,266800,266700,266900,266900,267100,267100,267000,267000,267300,266800,326900,266900,267100,267100,266700,266800,266700,266700,266600,266700,266500,266700,266900,266600,266800,266900,267000,266900,266700,267000,266700,266700,266800,266900,266700,266600,266800,266900,266700,266900,266800,266800,267000,266900,266800,266700,266800,266800,266800,266700,266700,266700,266700,266800,266800,266700,266700,266700,266800,266600,266600,267100,266800,266800,266700,266600,266600,266700,297700,283200
#W oneshot checksum_NMEA 16 16384 500
272000,271800,271700,272100,272100,272000,272100,271900,272100,271700,271800,271800,271900,271900,272200,271800,271800,271800,272000,271700,272200,272200,271900,272100,272800,272300,272100,272100,272000,272100,272700,271200,271800,272400,272800,272100,271800,272000,272100,272100,272100,272000,272100,271900,271700,272100,271700,272000,272100,272000,356200,330300,272700,287700,315200,329300,426800,337600,368500,342900,284700,280200,280100,280100,280100,280400,280900,280100,280100,280100,280400,281000,281100,280600,288600,272000,272000,272100,272100,272600,272800,272700,272700,272200,272000,272000,271900,272800,272100,272200,272500,272500,272100,272000,272200,272100,271900,272000,272100,272100,272200,272000,272100,272000,299200,287900,272200,272000,272200,271800,271900,272100,271900,271900,271900,271800,272200,271900,272000,271700,271800,271900,272000,271800,272200,272200,272000,272600,272800,272600,272600,272200,272700,271900,271800,271900,272000,272100,272000,271900,271900,272600,272900,272500,272900,272100,271900,272000,271700,271800,272000,272100,272100,271700,272000,271900,271800,271800,271800,272000,272000,272000,324100,272200,271800,272200,272100,272000,271900,271800,271800,271900,271700,272000,272400,271900,272500,272100,271900,272000,272100,272200,272000,272100,271900,272000,272000,272000,271800,272700,272100,272700,272300,272600,273000,271800,272100,271900,272000,272000,271700,272100,272100,272200,272100,272900,271800,272200,272000,272200,272200,272300,272100,271900,272100,272100,272100,272100,271900,378600,361400,284600,271900,271900,271700,272100,271700,272000,272100,271900,272100,272100,271900,272700,272700,272000,272100,271900,336000,271900,271900,272000,271800,272500,271900,272000,272000,271800,271800,272700,272700,272800,271800,272100,272100,272000,271900,271900,271900,271800,272100,271900,272000,272500,272200,271800,271900,272200,271900,271900,272100,272100,272000,272100,272000,351300,271900,271900,272800,272200,271800,271900,271900,271800,271900,272000,272000,272000,271800,271800,271800,272100,272000,271800,271800,271900,271800,271900,271900,272000,272000,271800,272000,272100,271800,271800,272100,272400,272000,271900,272200,271900,272100,271900,271900,272300,271900,272000,272100,272100,272100,271800,271800,272200,272600,272100,272000,272000,271800,271900,272000,272200,311400,301500,271900,271900,272100,271900,272200,272100,271900,272000,272100,272200,272000,271900,272000,272800,272000,272300,272100,271800,272700,272600,272400,272700,271700,272300,272200,272300,272100,271900,272300,271800,271900,271900,272000,272300,272200,271900,272000,272000,272000,273000,272700,272700,272800,272700,272800,272200,272000,271900,271900,272600,272200,271700,271800,272000,271800,324000,273000,272100,271800,272100,271900,271700,272000,272000,271900,272000,271700,272000,272300,271900,272000,271900,272100,272000,272300,271900,272100,272200,271900,272000,271800,272100,272300,272000,272100,272300,271800,272200,271800,272000,272100,272100,272000,272100,272000,272100,272000,272400,271900,272000,271900,271800,272500,271800,272000,272100,272200,271900,272000,271800,272100,271800,299600,288400,275000,349800,280500,280600,280800,321200,281500,365700,306500,340500,299400,287800,345200,271900,271800,272000,271800,287800,343200,271900,272100,272000,271900,271900,272000,271800,271900,271900,271900,271900,271700,272000,271900,272000,272700,272000,271900,272200,272000,272600,272000,272300,273100,272200,272300,273200,272500,272200,272800,272000,272400,272200
#W oneshot crc_8 64 4096 500
312500,312900,312800,312600,312500,341400,325800,451300,331900,342300,330400,312500,312600,314500,312600,312600,314500,312600,313000,312600,344300,312800,312500,314700,312700,312700,315000,312800,312500,315100,312900,312800,315400,312500,312800,314600,312700,312600,312700,314800,312800,312800,314500,312800,312700,314600,312600,313000,314500,312500,312800,314300,312500,312500,312600,417800,312600,319000,312600,466300,331500,332000,332800,331700,331400,345600,331400,331600,333600,331600,331600,333400,331700,331500,333700,331800,331900,334000,331700,331800,333600,331300,331800,333500,331700,331100,333500,331500,331900,334000,332200,332000,335300,332300,330000,324400,322000,322000,323900,322500,322200,322000,324500,322000,322000,328600,312500,312900,361000,312600,312500,373500,312500,312500,312600,312500,312500,312500,312500,312500,312500,312500,312800,312500,312500,312500,312500,312500,312500,312600,312600,312700,312800,312600,313000,312700,312500,312900,312800,312600,312600,312800,312600,312700,312600,312600,312600,312800,312600,312600,312800,312600,313400,312700,312500,312600,312800,312400,312600,312500,312500,346900,329700,312600,312600,312700,312500,312800,312900,313000,312600,312700,312600,312500,312500,312700,312500,312700,312500,312500,312700,312600,312900,313100,312700,312800,312900,312700,312500,312600,312800,312500,312800,312700,312900,313000,312500,312800,312800,312500,312700,312600,312700,312600,312400,312700,312400,377900,312600,312700,312700,345000,312600,313000,312900,312500,312700,312900,312700,312600,312500,312800,312600,312500,312400,312600,312800,312400,312900,312600,312600,312500,312800,312500,312500,312700,312700,312600,312600,312600,312700,312900,312600,312700,313200,312700,312600,312700,312500,312600,312600,312500,312500,312600,312700,312500,312600,312400,312600,312800,336000,377400,336000,322100,322000,321900,322000,321900,321900,321900,321900,322000,322100,322000,322200,322000,322100,322000,322100,322000,322000,321900,321900,321900,322100,322100,322300,322600,322100,322800,323000,322300,322300,322400,322300,322100,322100,322500,322000,322200,322200,322100,322400,322000,322400,323100,322400,322200,376800,537100,375800,321900,325900,312500,312500,312500,312600,312400,312600,312600,312500,312500,312500,312700,312600,312500,312500,312600,312800,312600,312700,312600,313000,313100,313000,313400,312700,312900,313400,313000,312500,312500,312600,312900,312800,312600,312600,312700,312600,312700,313700,312500,312900,312700,312800,312500,312500,352200,312500,312600,312600,312500,312500,312600,312700,312800,312500,312700,312600,312500,312600,313000,312600,312800,312600,312600,312600,312600,313000,342800,313100,312500,312600,312900,312700,312500,312500,312600,312500,312700,312500,312500,312700,312600,342200,312800,312900,312500,312700,312800,312600,312500,312500,312700,312800,312600,312600,390300,330800,331300,331300,331500,331100,332000,331100,331700,331000,331600,330900,331700,331600,331500,331800,331900,312500,312500,312600,312500,312500,312500,312600,312500,312500,312600,312700,312800,312500,313000,312700,312500,313200,312500,312600,313100,312500,312400,312600,312500,312700,312600,312600,312600,312700,312500,312700,384000,347000,312600,312600,312500,312600,312600,312500,312500,312600,312500,312500,312600,312500,312600,312500,312500,312600,312500,312500,312500,368300,312500,312600,312600,312500,312600,312500,312700,312600,313100,312700,312600,312700,312800,312500,312500,312800,312600,312700,312600,312900,312800,312900,312900
#W oneshot crc_16 64 2048 500
325200,291100,291000,291000,291000,290900,291000,291000,291100,291000,290800,291000,290900,290900,291000,291000,291000,291000,290900,291000,291300,291100,290900,291000,291000,291000,291100,291100,291100,291000,291200,291100,291000,290900,291000,291100,290900,291200,291000,291100,290900,291000,291000,291600,291200,290900,291000,291200,291100,290900,290900,290900,291100,314500,307800,293300,388300,302600,303000,348700,304600,423300,432300,350300,328800,332300,291000,319300,321500,291700,291100,290800,291100,291100,291100,291100,291600,291900,291200,291300,381100,302500,352600,372000,291000,321300,290900,291000,320500,291000,291000,290900,320600,291000,291000,320700,290900,291100,320400,291000,291100,291100,320400,290900,291100,320100,291000,291100,324400,307900,291600,355900,306000,290900,291000,363800,316500,290800,320600,291100,291000,320900,290900,291100,307900,303700,291000,290900,320300,291100,291000,326000,291000,290900,486200,355700,302800,302700,302700,302600,302700,302500,302700,302500,302700,302600,302700,302700,302600,302500,302700,302600,302400,302500,302400,302700,302600,302600,302600,302500,302500,302600,301600,300000,299900,299800,300000,299800,299900,299900,299900,299900,300100,299800,299900,300500,299800,299900,299800,299900,299900,299800,299800,299800,299900,299900,364500,302500,335200,308500,299800,299800,300100,300000,300000,300300,300100,306300,290800,291100,291000,291000,290800,290900,291000,291100,291100,291100,290800,290900,291000,291300,291000,321100,291100,291300,291100,291100,291100,291200,291200,291300,291200,291500,291500,291400,291100,291200,291300,291000,291000,291200,291200,291100,291100,291100,291100,291000,291100,364700,303700,291400,291100,291200,291300,291200,291100,291100,291100,291100,291000,291000,290900,291000,291000,291000,291000,291100,291200,290900,291000,291400,291000,291100,291300,291100,291000,291200,291200,291200,291200,291200,291400,291600,291000,291100,290900,291600,291100,291100,290900,291100,291000,291200,291000,291100,291100,291000,291000,291400,291100,290900,342200,302700,303900,307700,291600,291600,291700,291500,291100,291000,291300,291100,290800,291100,290900,290800,291200,291100,291000,291000,290900,290900,291200,291300,290900,290900,291100,291200,291200,291200,291600,291300,291300,291400,291600,291300,290900,291100,291200,291000,291100,291100,291200,291100,291300,291100,291300,291400,290900,291000,291100,291100,291000,334200,304500,290900,291000,291200,291000,291100,291100,290800,290900,291200,290800,290900,291100,291300,291000,291100,291200,291100,291000,291100,291100,291200,291300,291200,291100,291600,291100,291100,291100,291200,291100,291100,291100,291200,291000,291100,291100,291200,291000,291300,291100,291400,291400,291000,291200,291200,291200,290900,291000,291000,291000,291100,294300,435900,302500,320100,311900,301300,311600,292600,291900,292400,291000,291300,290900,291100,291100,291200,291000,291600,291100,291200,291100,291100,291200,291700,291000,291100,291000,291300,291100,291000,291200,291200,291100,291100,291100,291200,291500,291300,291500,291500,291100,291100,291200,291000,291000,290900,291100,291000,291000,292200,291300,290900,291100,383100,290900,291100,291000,291000,291000,290900,290900,291000,290900,290900,290900,290900,291000,291000,291000,291100,290900,291000,291200,290900,291000,291100,290900,291100,291100,290900,291000,291100,291000,291000,291000,291200,291200,291300,291100,291400,291200,291200,291100,291000,291000,291200,291000,291000,290900,291000,291000,291100
#W oneshot crc_modbus 64 2048 500
294600,295100,295500,295600,295700,295600,295600,295600,295600,295600,295000,295100,295000,295000,295100,295000,295000,295100,295000,295000,295000,295000,295100,295100,295000,295100,295700,295600,295900,295800,295700,324300,295900,295700,295600,295800,295900,295300,295100,295000,295100,295300,295200,295100,295600,295100,295000,295200,324200,295700,295600,295800,380600,295700,295600,295000,295000,295200,295000,294900,295100,295000,294900,295000,295000,294900,295500,295600,295600,295600,295500,295700,295600,295700,295600,295700,295900,295600,295700,398500,295600,295600,295500,295800,295600,295700,295700,295700,295600,295600,295800,295700,295600,295600,295600,295700,295600,295600,295700,295600,295500,295500,295600,295700,402400,295100,295700,295600,295600,295600,295600,295700,295600,295500,295600,295600,295500,295600,295600,295600,295500,295600,295700,295700,295600,295500,295600,295800,295600,295600,295800,295200,295100,295000,295100,295000,295100,295200,295100,295300,295200,295100,295100,295100,295200,295100,294900,295200,295100,294900,295000,295100,295100,295400,295100,295200,358800,295000,295600,295600,295600,295700,295500,295700,295000,295100,295100,295100,295100,295200,295100,295100,295100,295000,295200,295100,295100,295000,295000,295000,295100,295200,295100,295100,295100,295100,294900,295200,294900,295200,295300,295100,295100,295100,295000,295100,295200,295100,295100,295100,295300,295000,295300,295600,294900,295200,295200,295100,295000,388700,312100,295600,295700,295600,295400,295600,295700,294900,295100,295100,295200,295000,295000,295100,295000,294900,295000,295100,295200,295100,295100,295000,295100,295300,295100,295300,295300,295100,295300,295300,295300,295700,295600,295100,295400,295100,295100,295000,295200,295100,295100,295400,295200,295100,295300,295200,295000,295100,295000,295100,295200,346100,295700,295700,295600,295500,295000,295100,295000,295000,295100,295000,295100,295000,295200,295000,295100,295100,295000,295100,295100,295100,295100,295200,295000,295100,295200,295100,295100,295000,295100,295300,295100,295100,295200,295100,295200,295300,295300,295100,295700,295200,295100,312800,334500,308500,295800,295700,296100,295600,295700,295600,295900,295700,328400,296000,295600,295600,295900,295800,295700,295700,295800,295600,295800,295700,295900,295700,295900,295800,296200,295400,295000,295300,295600,295200,295000,295200,295100,295200,295200,295000,295100,295000,295100,295100,295200,295200,295000,295200,295100,295100,295100,295000,295200,295100,295100,294900,295100,295100,294900,295000,295600,295500,295000,294900,338100,313900,303900,305100,304200,305000,304800,304800,305300,314000,295700,295700,295700,295100,295100,295300,295100,326100,295700,295700,295300,295700,295700,295600,295700,295700,295700,295900,295800,296200,295600,295900,296200,295900,295700,295700,295900,296100,295900,295700,295800,296000,295800,295900,295900,296200,295900,295700,295700,295700,295600,295800,334200,312300,295700,295500,295600,295600,295600,295500,295800,295600,295500,295600,295900,295600,295600,295700,295600,295900,295700,295500,295700,295800,295600,295500,295900,295700,295200,295000,295200,295100,295200,295200,295200,295100,295100,295400,295300,295200,295100,295400,295400,295000,295000,295000,295200,295100,295100,295100,295100,295100,295100,295100,295000,356500,308400,302700,302800,303500,303600,303500,311300,295700,295600,295700,295600,295600,295200,295100,295100,295200,295000,295200,295100,295100,295000,295100,295000,295000,295000,295100,295100,295100
#W oneshot crc_32 64 2048 500
267200,267300,267400,267600,267100,267300,267800,267400,267300,267600,267200,267800,267700,267300,267200,267200,267400,267300,267300,267100,267600,334500,308600,267600,267600,267300,267600,267400,267200,267400,267400,267200,267500,267500,267200,267300,267500,267400,267400,267300,267700,267400,267400,267500,267500,267400,267600,267500,267700,267400,267400,267700,267400,267600,267400,267900,267500,267400,267300,267800,267700,267600,267400,267600,267500,267500,267500,267600,267300,267500,267600,267500,267500,267700,267400,267300,267700,267600,267200,362500,276800,289900,281900,267200,267500,267500,267600,267600,267600,267200,267200,267300,267200,267700,267800,267300,267200,267200,267200,267400,267500,267500,267200,267200,267300,267300,267600,267400,268000,267400,267300,267400,267700,267600,267600,267600,267300,267700,267600,267600,267400,267500,267700,267700,267500,267400,267600,267300,267500,267500,267500,267400,267400,267300,267800,267400,272300,302400,267400,267500,267600,267600,267600,267400,267300,267500,267700,267100,267600,267500,267000,267100,267500,267400,267200,267600,267300,267100,267400,267200,267400,267700,267200,267500,267700,267400,267500,267200,267200,267200,267300,267600,267300,267300,267400,267200,267500,267400,267500,267600,267600,267400,267600,267400,267400,267200,267500,267400,267200,267300,267200,267600,267500,267500,267300,320300,267800,267200,267500,267200,267700,267100,267400,267200,267300,267400,267300,267600,267200,267400,267700,267700,267500,267300,267400,267100,267200,267500,267500,297300,267400,267400,267300,267500,267500,267300,267700,267300,267300,267400,267200,267600,267500,267400,267300,267500,283400,267400,267200,267700,267500,267700,267500,267300,267500,267600,267300,267700,267600,267800,267300,267500,302000,281400,267400,267100,267300,267500,267300,267700,267500,267300,267700,267400,267500,267400,267800,267400,267300,267300,267600,267400,267200,267300,267200,267300,267400,267300,267200,267600,267400,267700,267500,267600,267800,267200,267100,267500,267300,267700,267600,267500,267500,267600,267500,267500,267400,267600,267400,267100,267700,267900,267600,267400,267500,267100,267600,267600,267400,267200,267500,346200,267700,267600,267200,267300,267300,267400,267100,267300,267100,267500,267400,267200,267300,267400,267600,267300,267200,267600,267200,267100,267700,267400,267200,267200,267400,267400,267200,267500,267700,267300,267200,267200,267300,267300,267200,267400,267500,267400,267300,267500,267200,267500,267500,267600,267300,267300,267600,267500,267700,267200,267500,267200,267500,267100,267500,267400,267600,318800,267700,267500,267500,267400,267300,267400,267300,267200,267500,267300,267600,267400,267700,267500,267300,267400,267400,267600,267200,267300,267200,267300,267400,267400,267300,267300,267200,267200,267500,267400,267600,267300,267300,267400,267300,267600,267400,267700,267500,267600,267800,267500,267400,267500,267400,267300,267400,267300,267600,267500,267200,267300,267100,267200,267600,267100,267600,324400,267300,267500,267100,267200,267700,267600,267400,267600,267300,267300,267700,267100,267200,267400,267400,267400,267200,267100,267300,267400,267300,267300,267600,267300,267300,267400,267600,267200,267200,267000,267300,267500,267800,267500,267600,267500,267600,267400,267300,267200,267500,267700,267400,267600,267400,267400,267500,267300,267500,267700,267400,267300,267500,267400,267600,267100,267100,304300,267900,267500,267400,267700,267500,267300,267600,267400,267400,267800,267600,267300,267500,267400
#W oneshot crc_64_ecma 64 2048 500
260200,260400,258300,260300,260400,260100,260100,259500,259900,260000,260200,258300,260300,260400,260100,260100,260000,259900,260300,260300,260200,259800,260100,259900,260500,260400,259600,260300,260300,260400,258300,260300,260000,260200,260400,260400,260400,259800,260000,291400,259700,260300,260400,260400,260300,260000,260000,260400,260200,260400,260200,260200,258200,260500,260300,260000,260200,260100,260300,260200,259800,260400,259600,258300,260300,258300,260400,260400,321500,262800,260200,260300,260600,260300,260200,260300,260400,260500,260600,259900,260800,260400,259800,260300,260400,260200,260100,260400,260300,258200,260300,260600,260500,260400,260500,260400,260400,259700,260300,312000,261900,261500,260800,260400,260400,259700,290600,259200,260400,260400,260300,260300,260400,260500,260100,260600,260700,260500,260200,260400,260600,260400,260400,259200,260400,260500,260600,260500,260100,260500,260700,260900,260300,260700,260700,260600,260300,260500,260000,260300,260200,260100,260300,259900,260000,260400,260000,260300,260300,260200,260600,260300,260500,260500,260400,260200,258300,260500,309100,268800,269600,324200,306700,271900,272100,423000,370700,342000,785400,324800,283600,260600,258300,333500,272600,258500,260300,260300,260700,260400,260300,259400,260200,259700,260200,260100,260000,260500,260400,258400,260000,260400,260600,260500,260300,260300,260200,260300,260400,260300,278400,353600,345800,320500,272400,260600,261600,259800,260600,260700,262400,260200,260100,260100,261200,260000,260200,260400,260600,258200,260200,277500,297300,270200,271000,270700,268700,269600,269100,271300,273200,258100,262400,259400,260600,260300,262400,258200,258100,260300,261800,260300,259200,260200,260100,260400,258300,260100,262200,258200,260500,260000,262000,260500,260700,262400,260200,260700,260700,262800,260500,260200,260400,362800,274000,260200,260000,260700,258200,260300,260300,261900,260300,258300,260200,262000,258300,260000,260300,262000,258300,260300,258200,261800,260300,260100,262100,260100,258300,260200,262500,260300,258200,260400,261400,259600,258200,260300,262100,260100,258200,260300,262200,258200,260200,260200,261900,260100,260300,260300,271800,259800,260400,262100,260400,260300,260100,262600,258200,259800,260300,261900,260300,258200,260400,328200,268400,268800,300400,260300,258200,260300,260200,260300,260200,260200,260100,260000,260600,260400,259900,260000,260100,258200,260100,260200,260300,258200,260300,258200,260200,260300,260400,260500,260100,260400,260400,260600,259600,260200,260400,260400,259000,260400,260300,260300,260300,259600,260400,260100,260400,260800,260300,259900,260300,260300,260400,260400,260300,260200,260200,260400,260400,258200,260300,260300,260100,260300,304100,306800,260300,259400,260200,260400,260200,258200,260300,260600,260300,260400,258700,260100,260400,260100,260300,260300,258300,260400,260000,260200,260400,260200,260300,260300,260200,260100,260600,260100,260700,260300,260400,260600,259800,260400,260300,260700,260400,260300,260400,260400,260500,260300,260100,260100,260300,260000,260600,260100,259300,260300,260400,260100,260300,260300,260600,260300,260300,260500,316900,260200,258200,260000,260000,288400,258300,260200,258300,260200,260200,260200,260300,260200,273500,272900,260300,260300,260200,260400,258200,258300,260300,260400,260200,258300,260300,260300,258300,260300,260300,260400,274400,274500,260300,260200,260200,260200,260100,260200,260200,260400,260400,260300,260400,260300,260500,260500,260300,260400,260600,260300
#W oneshot crc_64_we 64 2048 500
259200,259600,298000,273500,259400,259400,259300,259300,259400,259300,259500,289200,259400,259300,259400,259500,259600,259200,259300,259400,259200,259300,259400,259400,259600,259500,259300,259400,259700,259700,259300,259400,259600,259600,259600,259400,259500,259300,259500,259700,259600,259500,259500,259600,259600,259300,259700,259900,259600,259500,259600,259400,259600,259400,259400,259500,259700,259600,259500,259500,259400,259600,367800,259400,259400,259400,259500,259400,259500,259500,259500,259500,259600,259900,274000,274700,259400,259400,259500,259300,259500,259300,259500,259400,259300,259400,259300,259400,259400,259500,259500,259500,259600,259400,259400,259400,259600,259500,259600,259700,259700,260000,259500,259600,259400,259500,259600,259600,259600,259500,259500,259600,259700,259300,259600,259700,259600,259500,259800,259900,259400,295700,305200,259600,259600,259600,259500,259600,259600,259600,259400,259500,259300,259700,259400,259500,259500,259500,277500,272200,259400,259700,259300,259300,259300,259700,259500,259600,259700,259500,259800,259500,259800,259300,259500,259800,259800,259600,259400,259800,259300,259200,259400,259400,259700,259500,259400,259500,259500,259500,259700,259600,259400,259900,259400,259700,259700,259600,259300,259300,259500,330400,319700,331800,260000,259500,259500,259500,259700,259700,259500,259700,259900,259400,259600,260200,259400,259500,259500,259600,259600,259700,259900,259500,259800,259500,259600,259600,259700,259900,260100,259500,259500,259800,259800,259600,259400,259600,259700,259400,259600,259500,259600,259600,259700,259600,259600,259600,260000,259500,259600,259300,259600,259400,259400,259400,259500,259600,259500,259500,418400,282000,297000,273100,259400,303900,272700,259400,259300,259500,259400,259400,259500,259400,259800,259300,259500,259500,259400,259600,259600,259400,259700,259400,277700,301800,259500,260100,259700,259700,259700,259600,260100,259500,259800,259700,259600,259600,259500,259700,259400,259800,259900,259500,259600,259700,259900,259400,259400,259600,259400,259600,259400,259500,259200,259300,259400,259300,259500,300000,259900,259400,259500,259400,260100,259600,259500,259400,259700,259200,259700,259300,259400,259400,259500,259500,259400,259400,259600,259800,259500,259500,259300,259400,259400,259600,259400,259600,259400,259500,259400,259600,259600,259500,259600,259600,260000,259500,259400,259600,259700,259600,259400,259200,259300,259500,259400,259500,259500,259400,259600,259600,259500,259500,259700,259800,290400,259300,259800,309000,259400,259400,259500,259400,259300,259400,259600,259500,259500,259500,259400,259400,259600,260000,259600,259500,259600,259400,259400,259300,259300,259400,259300,259400,259500,259600,259500,259600,277400,297400,270800,272500,286900,267500,267200,267400,267500,267600,267500,334900,267400,278900,259700,259500,259700,259800,259900,259800,305600,276000,261800,259700,260100,260000,259500,259800,259500,322100,259600,259600,259500,259400,259300,259600,259500,259600,259500,259500,259400,259500,259700,259700,259600,259700,259800,259400,259600,259700,259900,259700,259400,259700,259700,259500,259400,259800,259900,259600,259600,259600,259800,259400,259400,259400,259500,259500,259200,259500,259400,259600,259400,259600,259500,259700,260300,259300,259600,259500,259600,259400,259600,259300,259500,259400,259400,259500,259500,303100,330700,267200,284500,284800,259300,259200,259200,259500,259700,259500,259500,259500,259300,259600,259400,259500,259600,259600,259300,259400,259200,259300
#W oneshot crc_ccitt_1d0f 64 2048 500
298900,299000,299000,299000,299000,299000,299000,299000,299100,299000,299200,299200,299200,299000,299100,299100,299100,299000,299000,299100,299000,299300,299100,299000,299000,299300,408600,362500,695200,463600,479000,429800,371000,308200,554200,340500,314900,316500,308200,353700,308100,308400,308400,308600,308600,308700,309200,308600,308600,308500,309200,309100,308800,308700,308800,308800,308900,308900,309500,309000,308900,308800,308700,308700,308300,308600,309100,308700,308600,308900,309600,308900,341600,323900,309800,309200,309200,309800,310200,322300,299700,299500,300200,322300,315600,299500,299600,299400,300300,300000,299800,300900,299600,300500,324100,342300,331600,300200,300000,300300,300200,321700,310500,311600,310500,309400,308900,310900,310100,309400,309300,309400,311900,310100,309400,309100,309500,310000,310400,309400,310500,310700,353200,310400,317300,299400,299700,299700,299600,299200,299400,299500,357600,300800,300600,319700,310100,310400,309300,308600,309300,309100,309300,309200,309800,310700,329700,308600,320900,310300,311000,311300,311500,311000,312100,310900,310400,310700,310400,310500,309500,310100,309200,308900,309800,309500,309400,311400,310600,309000,310400,309300,351700,357700,315500,310400,310500,311100,311200,350400,311200,311500,311300,325100,345900,310300,310400,310300,321500,315300,317600,299700,300000,322500,320600,315900,308800,309200,309000,309100,308700,308600,309400,309000,308600,309300,309400,309400,309700,309300,450300,310200,310100,310400,310400,308500,314600,309400,309600,309900,310900,315200,311300,311000,310900,311300,310500,309900,308400,308900,308800,309300,310200,308800,309500,309900,309700,312700,310300,310800,309200,309400,310000,309000,325600,310100,310100,310200,310200,310400,310100,310100,310200,310200,310100,310200,310400,310600,310300,310400,308800,308600,308200,308400,308900,308100,308700,308500,308500,308700,308900,310000,488400,310100,310200,310100,310500,310300,311200,310100,310400,310400,310300,310200,310100,310400,310100,310300,310600,310800,310300,310600,310800,310500,310600,310400,310900,311100,311300,310300,308700,308700,308600,308900,309500,308600,308700,308900,308600,308900,308400,308300,309200,324200,309000,308900,309800,630300,343300,638200,310200,310700,338500,312200,310400,309100,309100,308500,308400,309900,309000,309400,308800,308300,308300,308700,308400,308300,308300,308400,308300,308300,308500,308300,308200,308100,308500,308200,308500,308300,308200,308400,308500,308600,309300,309300,308500,309000,308700,309100,308900,308700,308500,309500,308800,308600,308800,309200,309500,335700,310500,309500,465300,319300,310600,314700,403200,394100,312100,332700,377800,343200,317400,357400,310500,310000,310200,414500,310300,310100,310300,310100,310100,310200,310000,310000,310100,310100,310100,310100,310100,310700,310300,310200,310300,310300,310100,310200,310200,310200,310200,310500,310200,308200,308200,308100,308200,308200,308200,308400,308300,308100,308300,308500,307900,308100,308100,308300,471000,315400,310400,310500,313300,308600,308200,310300,308200,308200,310200,308000,308200,310400,308300,308100,308100,310200,308100,308000,309800,308400,308200,310400,308300,308200,324500,308400,308300,308300,310100,308400,308200,310400,308000,308200,310100,308200,308100,310200,308400,308100,310000,308200,308200,308000,310700,308100,308200,309900,308200,308200,310600,308700,368900,310800,310900,310800,312800,310800,310800,312700,310800,310800,312600,310800,310900,312600,310800,310900,312600,310700
#W oneshot crc_ccitt_ffff 64 2048 500
312500,310200,310100,312400,310200,310400,312300,310400,310300,312200,310200,310600,310400,314500,312000,312000,314500,312100,312100,314100,311900,312200,313800,312100,312100,314200,314000,312400,312900,315200,313100,312300,316100,312400,312200,312100,312100,312100,312100,312500,312100,312300,312100,311900,311900,312200,312100,312000,312100,312400,312200,312100,312100,312000,312100,312200,325500,304600,303200,303100,303300,303200,303000,303000,302900,302800,303100,303000,303000,303000,302900,302900,302900,303400,302800,302900,303100,303100,303100,302900,302900,303000,368000,316900,302900,302800,302800,303000,302800,303000,302800,302900,302900,302900,304300,302900,302800,302900,302900,302800,302900,302900,302700,302900,303000,303100,303800,303100,303300,303000,302900,303100,303500,303200,303100,302900,303000,303200,302900,303100,303200,303000,303200,303200,302900,302900,304400,303000,302800,302900,348200,315700,302900,322200,315600,314800,314800,313100,313000,313700,312700,312800,313100,312100,312200,312200,312100,312000,312200,312200,312200,312300,312100,312000,312000,312200,312200,312100,312300,312200,312100,312200,312100,312200,312200,312300,312200,312800,312300,312300,312500,312400,312300,312000,312100,312000,312100,312000,312100,312100,312000,312100,312000,350900,312300,312400,312100,312200,312000,311900,312100,312600,312100,312300,312100,312300,312400,312000,312300,312800,312200,312100,312500,312000,312300,312100,312100,312600,312300,312300,312300,312500,312400,312200,313000,312700,312300,312100,312400,312200,312100,312000,312200,312500,312300,312000,312100,312200,312100,312400,312500,312200,312100,459600,310500,310600,311100,310600,310200,310800,316200,331400,302900,303100,333700,303300,303300,303200,303300,303000,303000,303100,302900,303000,302900,302900,302800,302900,302900,303400,303300,303700,303700,303000,303500,303300,303300,303200,303200,303100,302900,302900,303000,302900,303000,303000,302900,303400,303500,302900,303000,302700,302900,302900,417500,302800,302800,303000,302800,302800,302800,302700,302700,302800,302900,302800,302900,302800,332800,302800,302800,302900,302800,302900,302800,302900,303000,332200,303200,303400,303000,302900,303600,303200,302700,303300,303200,303200,302800,302900,302900,303100,331900,303000,303600,302900,302700,303100,302800,302900,302700,302900,302900,303000,333600,365400,320400,303700,303600,303300,303500,303700,302800,303100,302900,302800,302900,302900,302900,302800,302800,302800,302900,303000,303000,302800,303100,303000,303000,303000,302900,302900,303000,303100,303100,303100,302900,302800,303100,303000,303000,303200,303000,302900,303100,303200,302800,302800,303100,302900,303100,302700,302800,302900,302900,344500,314800,316300,302800,303000,303100,303300,302900,302900,302900,303100,302900,302700,303000,303000,302800,302900,302900,303100,302800,303000,302900,360800,302900,303000,303000,303100,303000,303000,303100,303400,303400,303100,303700,303000,303000,303000,303000,303000,302800,303000,303100,302900,302800,302900,302900,302800,302900,303000,303700,302800,307200,410200,302800,302800,303000,302900,303100,303100,302800,302900,302900,302800,302900,303200,303000,302900,302900,302900,302900,302800,302800,302900,303000,302900,303000,303000,303100,303000,303000,303500,302900,303000,303100,303000,302800,302800,303000,303000,302800,302900,303000,302800,303100,303100,303200,303100,302800,302800,303000,302900,302800,302900,332700,315400,419000,302800,303100,425300,328700,383800,415100,371600,353100,316600
#W oneshot crc_xmodem 64 2048 500
298500,298400,298400,298200,298400,298400,298400,298300,298400,399700,369700,438500,298400,298300,301400,298300,298400,300100,298400,298300,300100,298400,298400,298500,305400,298400,298500,300100,298300,298400,300300,298200,298400,298500,300400,298300,298400,349000,298400,298300,303900,298400,298200,298400,301900,298300,298300,301700,298400,298200,302400,298500,298500,298300,302000,298400,298500,302000,298300,298300,302100,298400,298400,298800,445200,298300,298300,298300,298400,298400,298400,298400,298400,298400,298400,298300,298300,298300,298300,298300,298500,298400,298300,298300,298700,298200,298400,298500,298400,298500,298400,298500,298400,298600,298400,298400,298400,298500,298400,298600,298600,298600,298500,298500,299100,298500,298400,298400,298400,298300,298400,298500,298500,298400,298400,298200,380500,298400,315800,311000,298400,298500,298300,298300,298300,298300,298300,298400,298400,298400,298400,298400,298300,298300,298300,298400,298200,298300,298300,298400,298400,298200,313000,313300,298700,298500,298400,298500,298500,298600,298500,298800,298400,298400,298400,298700,298400,298500,298400,298600,298400,298400,298400,298500,298400,298400,298500,323200,373400,388100,443700,385000,311500,308300,307300,307400,307400,307500,307500,307400,307400,307400,307500,307600,307500,307400,312700,298800,298400,298500,298400,298600,298500,298600,298400,298600,298800,298700,298700,299000,298400,298600,298700,298500,298500,298500,298500,298800,298600,298500,298300,298600,298400,298600,298600,298800,298400,298300,331900,298800,298300,298300,298300,298400,298600,298400,298600,314200,313200,298600,298600,298600,298500,298400,298500,298400,298300,298500,298500,298500,298500,298300,298500,298800,298600,298600,298900,298600,298400,298300,298400,298500,298500,298600,298400,298600,344800,353500,298500,298900,298500,298700,299100,298600,298300,298600,298300,298700,298500,347200,314800,298400,298300,298300,298500,298300,298400,298400,298500,298400,298400,298400,298600,298800,298400,298500,298500,298400,298500,298600,298700,298800,298500,298900,299400,298700,298400,298600,298400,298700,298500,298600,298300,298500,298400,298500,298400,298400,298500,298500,298800,298500,298400,298600,298400,298300,298400,298400,298300,298500,298300,345300,337400,308500,318600,310600,311000,310700,309300,307500,307800,308000,307400,307400,307500,307400,307400,307200,307400,307600,307300,307500,307300,307400,307400,307400,307400,307600,307500,307600,308100,307700,307500,307600,307700,307700,308100,307800,308200,307900,307400,307400,307500,307800,307400,307500,307600,307600,307400,307600,307500,307700,350600,326400,298800,298800,298400,298500,298600,298500,298300,298500,298500,298500,298500,298400,298300,298400,298500,298500,298500,298500,329700,298500,298700,298800,298300,298500,298500,298500,298600,298300,298500,299000,298400,298600,299200,298600,298400,298600,298500,298500,298500,298300,298500,298400,298400,298400,298500,298600,313300,341800,298600,303700,467400,393300,359500,311400,338800,313600,299800,299800,298900,298600,298500,298500,298500,298500,298800,298600,298700,298800,298500,298600,298400,298600,329500,298700,298500,298500,298700,298900,299000,298900,299300,328800,298700,298900,298700,298900,298700,298500,298600,298500,298500,298500,298600,298800,298700,298800,328200,298300,298400,298400,357500,298600,298300,298400,298500,298500,298200,298400,298400,298400,298500,298600,298700,298400,298300,298400,298400,298400,298300,298300,298400,298300,298400,298600,298500,298800
#W oneshot crc_kermit 64 2048 500
285500,285200,285300,285800,285100,285300,285700,285200,286000,285900,285200,285100,285400,285600,285400,285100,285300,285500,285400,285300,285800,285400,332700,334200,316900,315200,286000,286000,285800,285600,285700,285300,285200,285000,285300,285200,285100,285400,285900,286000,285800,285100,285200,286000,285300,285900,285700,285200,285100,286000,285500,285900,285200,285800,285200,285500,285600,285400,285300,285800,286100,285400,285600,286000,285400,285500,285800,285400,286100,285000,285000,285700,285200,285500,285900,286000,347100,301700,285600,285800,285200,285700,285300,285300,285800,285300,285700,285300,285500,285100,285200,285400,285100,285100,285100,285300,285400,285800,285200,285500,286100,285400,285900,286100,286000,285900,285200,285400,285300,285600,285200,285900,285900,286000,286000,286100,285800,285600,285100,285700,285100,285900,285800,285900,285400,285300,285300,285200,285400,286200,401400,303500,285900,285300,285300,285100,285200,285900,285100,285100,285300,286000,285200,285200,286000,285200,286100,285200,285900,285000,285200,286000,285200,285300,285300,286100,285300,285900,285300,285300,285500,285300,285700,286000,285100,285300,285500,285400,285400,285700,285900,285500,286200,285100,285300,285500,285600,285100,285800,286300,286100,285300,285200,285400,307500,301100,285300,285700,285300,285500,285700,285200,285200,286000,285300,286000,285900,285800,285100,285400,285600,285100,285100,285600,285900,285500,285100,285400,285700,285900,285600,285400,285800,285900,286000,285900,286200,285200,285300,285100,285500,285400,286000,285500,285700,285900,285700,285200,286000,285300,285400,285800,285800,285100,285700,285300,285200,285200,285200,322800,285200,285100,285500,285800,285500,285700,285200,285300,285500,285500,285200,285200,285400,285400,285400,285300,285300,285300,285300,285300,285900,285400,285200,285900,285100,285400,285800,285300,285100,285600,285500,285200,285200,285500,285800,285300,285900,286100,286000,285200,285800,285400,285200,285200,285800,285200,285200,285100,285700,285400,285600,285200,285200,318600,286300,285300,285500,285900,285500,286000,285100,285300,285300,285800,285700,285700,285100,285300,285100,285400,285800,314600,285400,285500,286000,285200,286000,285100,285200,285300,285600,285500,285900,285500,286300,285800,285900,285400,285900,285200,285200,286100,285300,285300,285700,285600,285700,285900,285700,285300,285800,286500,285600,286100,286000,285200,285100,285900,338000,285200,285500,285100,285900,285400,285300,285200,285800,285700,285100,285600,285500,285100,285400,285800,285200,285200,285400,285500,285400,285400,285000,285800,285600,285600,285300,285300,285200,286200,285200,285100,285900,285300,285200,285200,285500,285800,285400,285200,285500,285400,285600,285200,285800,285900,285100,285700,285600,285300,286100,285300,285900,285700,320200,285300,285900,285300,285700,285800,285600,285500,285800,285200,285500,285300,285300,285800,285300,285400,302300,304500,286000,285400,286000,285700,285400,286100,286500,285700,286100,285300,286000,285500,285800,285300,285400,285500,285600,285300,285300,285200,285900,285900,286200,286100,286000,285900,285600,285800,285700,285900,286100,285900,286000,285700,285500,285900,310200,306600,285700,285700,286300,285100,285700,285500,285300,285700,285800,285300,285700,285600,285300,285500,285100,285400,285700,286100,285900,285800,285200,285600,285400,286000,285300,285700,285700,285200,285800,285900,285400,285600,285200,286100,286100,285500,285300,285300,285500,286200,285500,285400
#W oneshot crc_dnp 64 2048 500
287400,287400,287600,287500,287500,287500,457000,298600,302500,287600,287600,287900,287900,288000,287800,287500,287500,287400,287700,287500,287700,287500,287400,287700,287600,287400,287500,287500,287600,287500,287600,287600,287700,287600,287800,287600,287700,287600,287500,287600,288100,287800,287800,287500,287700,287600,287500,287500,287400,287600,287700,287800,287700,287700,288000,287600,287500,287500,287600,343300,287600,287600,287600,287600,287500,287600,287500,287400,287700,287600,288000,287500,287300,287600,287500,287400,287500,287600,287500,287500,287400,287300,287400,287500,287500,287600,287800,287500,287600,287700,287600,287500,287400,287500,287600,287500,287600,287600,287700,287600,287600,287700,287800,287700,287500,287600,287600,287600,287600,287500,287500,287500,287700,316700,299100,298100,298100,296800,297100,297400,307100,287500,287600,287700,287500,287500,287500,287600,287300,287400,287500,287400,287600,287500,287300,287500,304800,300100,287500,287700,287600,287600,287700,287600,287900,287700,287700,287700,287700,287800,287700,287700,318000,287600,287500,287600,287700,287600,287500,287600,287700,287700,287600,287600,287500,287500,287600,328500,287700,288100,287600,287700,287600,287500,287500,287500,287800,287500,287600,287600,287400,287400,287700,287600,287500,287700,287500,287400,287600,287600,287500,287600,287600,287600,287400,287400,287600,287600,287800,287500,287600,287900,287600,287600,287600,287600,287700,287600,287600,287600,287600,287500,287500,287600,287600,287600,287600,287700,288000,287500,287500,360500,317100,287500,287500,287500,287700,287600,287600,287400,287500,287500,287400,287400,287300,287400,287400,287500,287600,287400,287500,287400,287500,287500,287400,287500,287600,287600,287600,287500,287500,287900,287500,287400,287600,287600,287500,287600,287600,287600,287500,287400,287500,287700,287800,287600,287600,288000,287300,287500,287600,287700,287500,287400,287400,351600,287400,287600,287600,287400,287800,287500,287500,287600,287500,287300,287600,287500,287400,287600,287600,287500,287400,287500,287400,287600,287600,287500,287500,287600,287500,287600,287500,287700,287600,287400,287400,287500,287500,287500,287500,287500,287500,287500,287400,287500,287900,287500,287500,287700,287700,287500,287400,287600,287500,287600,287400,287600,287600,526400,287500,287400,287500,287700,287300,287500,287500,287500,287400,287400,287400,287500,287500,287400,287400,287300,287500,287400,287500,287500,287500,287700,287500,287400,287400,287400,287500,287400,287500,287500,287700,287600,287600,287400,287600,288000,287500,287500,287700,287800,287600,287500,287500,287600,287500,287400,287400,287400,287400,287500,287600,287700,377100,287500,287400,287500,287600,287500,287300,287500,287500,287600,287500,287400,287500,287600,287600,287600,287800,287500,287700,287400,287400,287400,287500,287400,287400,287400,287600,287600,287400,287600,287600,287500,288000,287500,287400,287600,287500,287700,287400,287600,287500,287400,287600,287400,287600,287600,287600,287500,287700,287600,287400,287500,287500,287400,336000,287600,287400,287400,287400,287600,287500,287600,287700,287500,287700,287600,287400,287400,287500,287500,287400,287500,287400,287500,287500,287400,287500,287600,287600,287500,287500,288100,287500,287500,287600,287700,287400,287500,287500,287600,287500,287500,287600,287600,287500,287300,287400,287800,287600,287400,287400,287600,287500,287300,287600,287400,287600,287500,375200,287800,287500,287600,287700,287700,305000,300400,287700,287500
#W oneshot crc_sick 64 4096 500
314100,313900,314100,314000,313900,314200,321100,321200,314100,314000,314100,314000,314100,314200,314200,313900,314100,314100,314100,314100,314300,314400,314100,314100,314100,314000,314000,314100,314300,314100,314100,314100,314100,314000,313900,372600,314000,420700,326700,314200,335600,358800,494800,595400,377800,336800,314000,314000,371700,342400,314200,314100,314000,314300,314100,314000,313900,313900,314000,314000,314100,314100,314100,314200,314000,314100,314500,314100,314000,314200,314400,396700,390000,328700,351200,314100,314000,314000,318200,314100,314100,318100,314000,314100,318800,314000,314000,317600,314000,313900,317600,314100,314200,318100,314200,313800,314800,318600,314200,314000,318100,314200,314100,318300,314200,314200,318400,314400,314200,317900,314100,314500,318000,313900,314100,314100,317700,362100,335200,320100,314300,314100,351800,357300,376200,314000,314000,316000,314000,314000,328300,314000,314000,316100,314200,314000,315700,314000,314000,315800,314000,315600,314100,315800,313900,314100,315800,314100,314100,315700,314100,314400,315700,314200,314000,316300,314100,314100,315800,314100,314300,314100,316000,314100,314200,315900,314200,314000,315800,314000,314200,346200,381400,323600,339100,344900,314200,349700,318100,317900,318000,327300,314000,313900,314200,313900,314000,314100,314000,314100,314200,314200,314000,314100,314100,314000,314000,314200,314000,314100,314000,314000,314100,314100,314000,314200,314300,314000,314000,314000,314000,314300,314200,314100,314300,315700,315800,314800,314600,314100,314000,314400,314100,314000,314100,314100,314000,416200,333100,314000,314100,314300,314300,314100,314000,314100,314000,314000,313900,314000,314000,314000,314100,314000,314100,314000,314100,314200,314100,314000,314000,314000,314300,314000,314000,314100,314100,314400,313900,314400,314400,316000,316000,314500,314300,314000,314000,314100,314300,314000,314100,314200,314200,314100,314100,314000,371300,314000,314200,314100,315000,314200,314100,313900,313900,314100,314100,314100,314000,342900,314100,314000,314100,314200,314000,314000,314200,314100,314000,314100,314400,314300,314200,343600,314300,314300,314100,314100,314300,314100,314000,314200,314000,314100,314100,314200,313900,314100,314200,315500,315700,314100,314100,314300,314100,357700,335600,329000,314500,314300,314300,314400,314100,314000,314000,314000,314100,314000,314100,314200,314200,314000,314200,314100,314000,314000,314200,314200,314100,314000,314200,314300,314200,314400,314400,314300,314200,314600,314400,314100,314100,314200,314100,314100,314100,314300,314400,314200,314200,314300,314000,314000,314200,313900,361400,326700,314000,314000,314000,314200,314000,314000,314000,314300,313900,314400,313900,314000,314000,314000,314000,314100,314100,314100,314100,314000,314000,313900,314400,314300,314000,314000,314000,314000,314100,314100,314200,314200,314000,314100,314100,315700,314300,314300,314300,314000,314100,313900,313900,314000,313900,314000,314200,313900,374200,314000,313900,314100,314000,314000,314000,313900,314100,314000,314000,313900,314100,314000,376800,314100,314000,314000,314000,314100,314000,314000,314000,314100,313900,314100,314000,314100,314000,314000,314000,315700,315400,315300,316000,315500,315500,314500,314100,314000,314000,313900,314300,314000,313900,314200,314100,314000,314000,402000,327000,314100,314000,314100,314000,314000,314000,313900,314100,313900,314000,314000,314000,314000,314000,314100,314000,314100,314000,314000,313800,314100,314000,313900,314000,314100
#W oneshot checksum_NMEA 64 8192 500
336400,336300,336300,336400,336400,336600,336300,336400,336400,336400,336500,336500,336600,336500,336300,336500,393400,373500,354800,336400,336600,336400,336600,336700,336300,336500,337200,336300,336800,336300,336200,336500,336500,336100,336500,394400,336500,337000,336300,337300,337000,336200,336600,336700,336900,336600,336500,336600,336600,336400,336600,336500,336400,336400,336500,336200,336300,336200,336100,336200,336300,336200,593100,466600,468700,471800,470200,470300,467900,468000,470200,469700,468600,467900,465600,469500,433700,346400,346300,346400,346800,346400,346300,346500,346800,346900,346500,346300,346600,346500,346500,347200,346400,346600,346400,346400,346300,346600,346400,348500,346400,357800,347800,347800,346500,347400,346400,346600,346700,346700,346500,346500,346600,346500,346500,346700,346500,346500,346400,347000,346500,346500,346900,346800,350000,352500,351100,429200,373300,351000,337100,367000,337700,337600,338900,356700,356600,447100,484800,451200,336800,336800,337000,337200,336800,502700,346400,350000,369000,379400,337500,336800,336500,336300,336600,336500,336400,336400,336200,337200,336400,336700,336400,336100,336300,336300,336500,336300,337300,336800,337200,336500,337100,336900,336700,336500,337300,336200,336300,336300,336400,336400,336100,336400,336300,336300,336500,336500,336200,336300,373300,366200,338000,797900,347600,414900,351100,352200,349500,352500,349700,352600,358200,340100,338800,339600,338400,526100,481000,427900,346400,346600,346700,348500,348400,348100,349000,461000,449300,336200,474800,481300,429000,369600,369400,336200,336200,338200,336200,336100,367400,336500,336300,338600,336700,336300,338100,336200,336200,338400,336400,336500,338500,337200,336700,338700,337100,336500,338600,336800,336700,351100,336400,336300,338400,336300,336400,338500,336200,336300,338100,336100,336200,338300,336200,336500,339200,336300,336300,443500,487600,520300,472500,473300,448100,346400,346400,346500,346500,346500,346500,346400,346400,346300,346300,346800,346500,346700,346800,346600,346400,346700,346800,346700,346500,346700,346600,346900,346700,346400,346900,346500,347300,347100,346500,346600,346300,346500,346400,346600,346400,406800,706000,496500,353900,347100,350000,347200,347000,349400,351500,336900,366400,336800,336800,366400,337000,336900,366100,336800,351500,352000,336900,372500,336800,337100,367100,337000,337000,367000,337200,337000,366900,337300,337300,366900,336800,337200,366500,336700,336900,366800,337300,353900,351900,337000,366800,337100,597900,347100,346500,349500,346800,349100,356500,365200,338600,336300,336100,338400,336300,336200,338100,336200,336200,338000,336500,336300,367600,336100,336400,338400,336200,336500,338300,336600,336700,338900,336500,336400,339000,336200,336200,337900,336400,336300,338100,336500,336300,338400,336300,336900,338700,336100,336100,369000,383000,355300,349400,346900,362500,336400,336100,337200,336200,336500,337000,336500,336600,336300,336500,336200,336300,336300,336600,336200,336700,336500,336900,336600,337300,336200,336500,336500,336800,336600,336500,336800,336400,336400,336500,336400,336200,336600,336600,336200,336300,336200,336400,336200,336300,336200,336200,336200,336300,369100,336200,371700,385600,384500,377800,352800,336500,336400,336200,336700,336600,336300,336200,336400,336800,336200,336500,336500,336300,336200,336700,336800,336400,336600,336700,337100,336700,336900,337100,337300,336600,337500,336300,336300,336500,336400,336200,336300,336300,336400,336400,336500,336300,336200
#W oneshot crc_8 256 512 500
244000,244100,247200,280300,236800,236600,236300,236700,236800,236200,236600,236800,236700,236900,236800,236200,236600,236700,236800,236700,236700,236900,236800,237000,236700,236700,236700,236700,237100,237000,236900,236700,237100,236700,237200,236800,236700,237400,237200,236700,237000,237000,236900,236900,236300,236800,236700,236800,236900,236800,236700,236700,236800,236900,236800,236400,236200,236400,236900,236700,236700,236800,316000,371600,243900,273200,298400,353900,266400,323900,243900,244100,245300,376300,339400,243900,248500,243900,243900,243600,246000,243800,243800,243900,245600,243800,243900,243800,245600,243800,243900,243800,245800,243800,243800,243900,245600,243800,243900,243900,245300,243900,243800,243800,245900,243900,243900,243500,246300,243900,243900,244100,243900,245900,244000,243900,244300,246400,244100,244000,244000,245900,243800,244000,243900,253000,243900,243800,244000,246800,243800,244100,243800,333200,243900,243800,243600,283600,348800,267600,243500,309700,251400,236200,236700,236700,236600,236700,309700,249900,266200,236700,236700,236800,236800,236700,236800,236700,236700,236600,236500,236200,236200,236300,236200,236400,236800,236300,237000,236800,236700,236800,236300,236500,236400,236400,236600,238000,236400,236400,236500,236500,236900,237000,236400,236300,236100,236300,236500,236500,236200,236800,236900,236700,236800,236900,236900,237600,236900,236900,236300,397400,244100,249300,297800,252100,236700,239800,236700,236900,236800,239300,236700,236800,236700,236700,238500,236700,236600,236700,238700,236400,236400,236300,238700,236700,236700,237100,238500,236800,253000,249800,238300,237000,236900,236600,238500,237100,236700,236800,236800,239000,236800,236800,236900,238600,236800,237100,236900,274500,236700,236700,236800,238800,236700,236800,236200,238300,237000,236700,236600,239600,236300,236300,236600,236600,269100,236700,236900,253400,461300,249200,243500,243900,249800,243900,244000,243900,247700,249800,236800,236700,241600,236600,236800,236300,240000,236700,236700,236700,240000,236700,236200,236300,236200,240100,236600,236800,236300,240000,236800,236800,236700,240000,236700,236400,236200,240400,236800,236700,237000,241200,236900,236800,236700,236900,236700,236700,236900,237200,240000,236800,236300,236300,239500,236700,236600,236600,240200,236700,236700,236800,239800,236600,236800,236700,236200,287900,265700,236800,243900,247400,265600,264400,236700,236600,236700,236700,236700,236700,236700,236600,236400,236700,236700,236600,236800,236700,236700,236500,236600,236700,236700,236800,236600,236600,236200,236200,236300,236900,236800,236700,236700,236900,236700,236800,236600,236700,237100,236900,236800,236700,236900,236700,236700,236700,236600,236700,236700,236700,236800,236600,236700,236800,236700,236800,236800,254600,280900,236700,236700,236200,236300,236900,236700,236200,301600,281500,236800,236700,237100,236700,236700,236800,236700,236400,236600,236700,237000,236700,236300,236200,236200,236600,236700,236700,236700,236700,236200,236700,236800,236700,236300,236800,236200,236500,236200,236400,237300,236800,236700,236700,236400,236800,236900,236200,236300,236400,236400,236300,236300,236200,236300,236300,236400,236300,236300,236300,236700,236800,236200,236800,236800,236800,236200,236300,236200,236300,236300,236300,236300,298400,243900,267300,251000,236700,251100,253500,237400,237100,236300,237000,236500,236200,236500,236300,236800,236300,236300,237000,236400,236200,236200,236200,236400,236600,236400,236700,236800,236500
#W oneshot crc_16 256 512 500
322600,322900,323100,322800,322800,322800,323000,323100,323000,322800,323100,322700,322800,322800,322700,322800,322800,322800,322800,322800,322900,322700,366700,322900,322800,322900,323000,322900,322900,353100,322800,322700,322800,323000,322900,322900,322900,323000,322900,322700,322800,322900,322800,322700,322900,323000,322900,322800,322900,322800,322700,322800,323200,322800,322900,322900,322900,322700,322700,322900,322800,322900,322900,322900,322800,322900,322900,323100,322800,322800,350900,344200,322700,322800,323000,322900,323100,322800,322900,322900,323200,323000,323600,323100,322900,323200,322800,322900,323000,351700,322800,323100,323000,322800,323200,322800,323100,323200,322800,323000,323200,322900,322800,352100,322800,323000,322800,322800,322900,323100,323000,323000,323400,322800,322900,323000,322900,322800,371600,323000,322900,322900,323000,323000,323000,322800,323200,322900,322800,322700,322800,323000,322700,322900,322800,322800,322800,322900,323000,322900,322900,323200,322900,322800,323200,323100,322800,322800,322900,322900,322900,323000,322900,323100,323000,323400,323100,322700,322800,323000,322800,322800,322800,322800,322900,322800,363400,323000,322800,322900,322900,322800,322800,322900,322900,322800,322700,322800,322900,322700,322800,322900,323000,323100,323000,322900,322900,322800,323100,322900,322900,322800,322900,322900,322900,323000,323000,322900,322800,323300,323200,322900,323000,322900,322800,322800,322900,322700,322800,322800,322800,323100,322800,323000,359100,359300,322800,322900,322800,322800,322800,322700,322700,322800,322800,322900,322800,322800,322900,322800,322800,323000,322800,322700,379800,322800,322800,322800,322900,322900,323200,322900,322900,323300,322800,322800,323000,322900,322900,322900,322900,322800,322800,322700,322900,323000,322900,323000,323000,322700,322900,323100,349500,338000,527800,332900,333900,381300,332600,357400,363500,372100,371000,340400,322800,448000,322700,322800,322700,322800,322800,322800,322800,459700,332600,343000,323000,323200,352900,322800,343600,344200,323000,322900,352200,323000,323100,353200,322900,322800,352800,322900,322900,352400,322800,322900,352300,323000,322900,352500,323100,323300,348500,333800,335100,337700,333200,333100,336000,333300,345700,324900,322800,322800,324400,322800,322800,324500,322800,322900,324400,322900,322800,362100,406800,322800,322800,324800,322800,322700,324500,322800,322800,324400,322800,322800,324500,322700,322800,324500,322900,323100,324700,322800,322800,324600,322900,322900,330000,322800,322800,325300,322900,323300,325000,322900,322800,322700,324400,322900,322800,324400,322900,323400,324300,322800,322800,324600,323000,322800,324800,322800,322800,370200,380200,332600,343300,322800,323200,322900,322900,322700,322900,322800,322700,322900,322700,322800,322800,322900,322800,322700,322900,322700,322700,322800,351800,323200,322900,322900,323400,323000,323000,322900,322900,323100,322900,322800,322800,323100,323200,323100,323400,323000,322900,323000,323000,322800,322800,322900,322900,322800,322700,322900,384300,366400,332700,336600,322900,323700,323400,323700,323200,323000,322900,322900,322900,322900,322800,323100,322900,323000,323000,322800,323000,323000,323000,322800,323000,323100,323100,323000,323000,323100,323400,323200,323500,323400,322800,323000,322800,322800,322800,323000,322900,322900,322700,322800,322900,322800,322800,323100,363000,322800,322800,322900,353700,322700,322800,322800,322900,322700,322800,322800,322800,322800,322900,322800,322800,323000
#W oneshot crc_modbus 256 512 500
322800,322700,322800,322500,322600,322700,322700,322600,322700,322600,322600,322600,322700,322600,322600,322700,322700,322600,322600,322500,322700,322700,322600,322700,322800,350000,359400,335900,335900,333600,332700,360000,334600,333700,334800,334400,334400,343000,325100,324400,322900,322900,323000,323300,322900,322800,322800,322800,322700,322900,322900,322800,322600,322900,322800,322900,322800,323000,323100,322900,322800,322800,323400,323000,323400,323000,322600,322700,323200,322700,322900,323000,351000,335900,322800,323100,322800,322800,323000,323900,322900,322700,322900,353700,322800,322800,322900,322800,322900,322800,323000,322900,322800,322800,323300,322900,323000,323000,322700,322600,322700,322800,322700,322700,322700,322600,322800,322800,322800,323100,322700,322700,322700,322700,322600,322600,322900,322900,322800,322700,346700,340100,323000,322900,322700,322700,322900,322600,322500,322500,322700,322900,322900,322900,323200,322800,322800,322800,322800,322700,322500,322800,322600,322700,322600,322800,322700,322800,322600,322700,322900,322700,323300,322600,322600,322900,322700,322700,322800,322800,322700,322700,322700,322800,322700,322700,323000,323000,323000,427100,323300,322800,322600,322500,322700,322800,322800,322700,322600,322700,322700,322800,322800,322800,322900,323000,323300,322800,322900,322900,322700,322700,322700,322700,322600,352000,323300,322800,322800,323100,322900,322600,322800,322900,322800,322900,323000,322700,350900,322900,323000,323000,322900,322700,323100,324500,350300,335300,322700,322900,322700,322900,322900,322800,322900,322900,322800,322800,323100,322700,322700,322600,322700,322700,322600,322700,322800,380700,323000,322900,323100,322900,323000,323000,322700,322800,322700,322900,322900,322800,322800,322900,322900,322700,322900,322800,322700,323000,322900,322600,322700,322900,322900,322700,362700,337900,343800,322900,322800,322700,322800,322700,322800,322800,322700,322800,322900,322800,322700,322700,322700,322800,322700,322800,322800,322700,322900,323200,323100,322800,322900,322900,323100,322800,323100,322800,322800,322900,323000,323000,322900,322800,322800,322800,322700,322800,322800,322900,322800,322900,322900,322800,347700,339300,322800,322900,322900,322800,322700,322600,322600,322700,322600,322600,322800,322600,322600,322700,322800,322600,322800,322700,322800,322600,322700,322700,322700,322700,322700,322700,323100,322900,323000,322900,322700,323000,322700,322700,322700,322600,322800,322900,322700,322600,322600,322700,322800,323000,322700,322600,322600,362500,336300,322800,322800,322800,322800,322900,322900,323000,322800,322700,323000,322600,322700,322500,322800,322700,322900,322800,322800,322800,322800,322900,323000,322900,323200,322800,322900,323000,322900,322900,322800,323100,322800,322700,322800,323000,322900,322900,323000,323400,322600,322600,322800,322600,322700,322600,322800,359700,322700,322900,322800,322900,322700,323000,322900,322700,322800,322800,322700,322800,322800,322900,322800,322800,322800,322800,322900,323000,323000,322700,322700,323100,322900,322900,322900,323000,322900,322900,322900,322900,322700,322900,323000,323000,322800,322800,323000,322900,322800,322700,322900,322800,322800,322700,322800,349100,323400,323100,322900,322800,323000,322700,322600,322600,322700,322600,322800,322600,322700,322700,322600,322600,322800,322600,322700,322900,322700,322700,322700,322900,323000,322800,322900,322900,323000,322700,323000,323100,322700,322700,322800,323000,322800,322700,322800,322800,322700,322600
#W oneshot crc_32 256 512 500
344800,320400,305000,304900,304800,304900,304800,304800,304900,304900,304800,304900,333500,304900,305100,305000,304900,305100,304800,304800,304900,304900,304900,304800,304800,305000,304900,304900,305000,305100,305100,305000,305000,305000,304800,304900,304800,305100,305000,304900,305000,305000,305100,304900,305000,305000,304900,304700,305000,304700,304800,345300,304800,304900,305000,304900,304800,304900,304900,304900,305300,304900,304800,304800,304800,304900,304800,304800,305000,304800,304800,304900,304900,304900,304900,305100,304900,305000,304700,305000,304800,304800,304800,304800,304800,304800,304700,304900,304800,304800,304800,305200,304900,304800,304900,304900,304800,304800,304900,304900,304900,304800,358000,306100,304800,304800,305000,304900,304800,304900,304900,304800,304800,304800,305000,305000,304800,304900,304800,305000,304800,304800,305200,304800,304900,305000,304800,304900,304900,304800,305100,305000,305100,304900,305100,304900,305100,305400,304700,304800,305000,304800,304800,304800,304800,304900,304800,304800,304800,304900,304900,304900,305200,345600,304700,305000,305000,304900,304800,304800,304900,305000,304900,304900,304800,305000,304800,305000,304900,304800,304800,304900,304800,304800,304900,304900,304900,304900,304800,305000,304800,304900,304900,305000,305000,304900,305100,305000,304900,304800,304800,305000,305000,304900,304800,304800,304800,304800,304800,305100,304800,304900,305000,304900,352900,304900,304800,304800,304900,304800,304900,304900,304800,305000,304800,305300,304900,304800,304700,304700,304800,304800,304700,304900,304800,304900,304900,304900,304800,305200,305000,304800,304900,304900,304900,304800,304800,304900,304900,305000,304900,305000,305100,304900,304800,305200,305000,304800,305200,304900,304800,304700,305000,304900,304900,332400,318700,304900,304900,304900,304900,304900,304900,305100,304800,304800,304900,304800,304900,304900,305000,304800,304800,305000,304900,304900,304900,304900,304900,304900,304800,304900,304800,304800,305000,304900,304900,304800,304900,304800,305000,305000,305000,305000,305100,304800,304800,304800,304800,304900,304900,304800,304800,304800,304800,304800,343200,377500,304900,304800,305000,304800,304700,304900,304800,304900,304800,305000,304800,305000,304700,305000,305000,304900,335300,305100,305100,304900,304800,304800,305000,305100,304800,305100,305000,305200,304800,305400,334900,304900,305000,305100,305100,304900,305000,305000,305000,304800,304900,304900,304900,304900,304900,305300,304700,304900,304900,342400,304900,304800,304900,304900,304900,304800,304900,304900,304900,304900,304900,305100,304800,304900,305000,304900,304800,304900,304900,304900,304800,305000,305100,304900,305000,305000,305400,304900,304800,305100,305000,304900,304900,305000,304800,304900,304900,304900,304900,304900,304900,304900,305100,304800,304900,304700,304900,304900,304900,304800,353800,304900,304900,304800,304900,304800,305100,305400,304900,304800,305000,304900,304800,304800,304800,304800,304900,304800,304800,304800,304800,304900,305000,305000,305100,304800,304800,304700,304800,304700,305100,304900,304900,304800,304900,304900,304900,304900,305000,304900,304900,305300,304900,304900,304700,305000,304900,304900,304900,304800,304900,350200,305000,305300,304900,304800,304900,304900,304800,304900,304800,304900,304900,304900,305000,304800,305000,305000,305200,305000,305000,304900,305000,304700,304900,304900,305000,305000,305100,304800,305300,305600,305600,305600,305400,305000,304900,305600,304900,304900,304800,304900
#W oneshot crc_64_ecma 256 512 500
300100,300000,300000,300200,300000,337100,300000,299900,298500,298400,298400,300000,300000,298500,300000,300100,298400,298500,298600,298900,298500,298500,300000,300000,298500,298400,298400,300200,298500,300000,300100,300000,298500,300200,298600,300200,300100,300300,300100,300000,300000,298400,300100,298800,298400,298600,298600,298600,298500,298500,300200,300000,300000,298600,298400,298500,298500,360500,359500,372900,371000,388100,397900,310500,309100,309200,307900,309200,309100,309300,307800,307500,307500,316000,298500,298500,300000,300000,300000,300200,298500,300200,300200,300200,300100,298800,298600,298400,298600,298800,300100,300200,300200,300100,298700,298600,298800,299000,300000,300000,300000,300300,300100,300000,300000,298500,298600,353000,341200,300000,300100,298500,298500,298800,300100,298600,298600,298400,299900,300000,300100,298600,298400,298500,298600,298500,298800,300000,298600,298700,300000,300100,298800,298500,298500,298600,298500,298500,298600,300000,300200,298500,298600,300400,300100,300300,300000,298500,298700,298600,298400,300000,300000,300200,298600,298500,298500,298500,300600,334000,332900,302000,299600,299000,298800,298600,298500,298600,298700,300200,300200,300400,298500,298500,298500,298700,299000,298600,298500,298500,298700,300200,300300,298900,298700,300200,298600,299000,298700,299200,298600,298800,299300,298600,298500,300200,300300,298500,298500,298400,298700,298500,298500,300200,298600,300300,299900,300100,300500,300000,300100,344600,302300,367300,311100,308100,310600,346800,366800,335500,379000,329700,316800,300600,298600,342600,313800,298800,300800,300100,298800,298400,298500,298700,298500,298500,298400,298500,300100,300300,300200,300300,300200,298900,298600,450900,402400,313800,307400,300100,300000,303400,300000,299900,300100,303400,298500,300000,303200,300000,300200,303600,300000,298500,300100,302900,300100,300200,302900,300000,300200,312600,300500,300100,300200,304000,300200,300200,303400,298500,298700,302700,300300,300000,303900,300100,300100,300200,303000,298800,298500,303900,298600,298600,303500,300000,298500,300100,347400,382800,350200,299900,299900,386400,300100,300000,302200,300000,298400,302000,300000,298500,299900,300300,298400,298500,301700,300000,300000,301600,300000,299900,299900,301400,300000,298500,301100,300300,300000,302300,300000,298500,298600,301800,300100,300200,302200,300200,300200,300900,298600,298500,298500,301900,300200,300200,302200,300200,298500,358400,299900,299900,304900,300000,328000,298500,305600,300100,298500,349500,299900,298400,299900,300000,300000,300000,300000,300000,299900,298500,298500,300000,298400,300000,300100,298400,299900,298400,298400,298400,300000,300000,298500,298700,300000,299900,298700,300100,298400,298400,298400,298600,300000,298600,298400,300000,300000,300100,300300,300400,298500,298500,298600,298500,298500,300000,300000,300200,300100,330700,300200,355300,360100,318500,300300,298700,298700,298900,298900,299100,298700,300000,300100,300100,300100,298500,298500,298500,298600,300000,300000,300000,298400,298500,298600,300000,300100,300400,300200,300100,300300,300200,300300,298700,300700,300300,300500,299100,298500,298500,298700,298500,300000,298500,299000,298500,298600,298500,298500,300100,298600,298500,300300,409700,316000,298600,298700,298600,300000,298400,298800,300200,300000,300100,328500,300300,298700,298600,298600,298500,298500,298700,298500,298500,298500,300200,300200,300200,328500,298700,300000,300400,300100,298800,299100,298500,298700,298800,298700,298600
#W oneshot crc_64_we 256 512 500
300200,300000,300000,300100,300000,300100,300000,300200,300200,423000,318500,313300,300100,330000,300800,300300,300100,300100,300000,300100,300200,300300,300100,300100,300100,300100,300100,300100,300100,300100,300100,300100,300100,300000,300300,300200,300500,300600,300200,299800,300400,300400,299800,300300,300200,300200,300100,300100,300200,299800,300200,300300,300500,300200,300000,300200,300300,300100,300000,300000,328900,313100,300100,300100,300000,300100,300100,300100,301400,300200,300100,300200,300100,300000,300100,299600,300100,300200,300000,300100,300000,300100,299800,300300,300100,300100,300200,300100,300200,300100,300300,300200,300200,300100,300100,300300,300200,300100,300300,300400,300200,300000,300200,300100,300100,300000,299600,299900,300100,300100,300100,300100,342800,311700,318400,301800,302000,300700,301100,300400,300200,300100,300200,299700,300500,300200,300100,300000,300200,300200,300500,300000,300100,300100,300400,300000,300100,300100,300100,300100,300200,299900,300200,300300,300100,300000,301000,300900,300200,300200,300200,300500,299900,300100,300200,300100,300000,300100,299700,300000,300000,299600,300000,300400,353000,300700,300300,300000,300000,300200,300100,300100,300200,300100,300100,300100,300100,300100,300200,300500,299600,300200,300300,300000,300100,300100,300100,300200,300200,300300,300100,300100,300400,300600,300100,300100,300200,300300,300200,300200,300100,300200,300300,299700,300100,300200,300100,300200,299900,300400,300300,300000,300000,299700,300200,300000,337900,349900,300400,300500,299800,300300,300400,300200,300000,300300,300300,299700,300300,300500,300300,300000,300100,299800,357700,300700,300100,299800,300200,300500,300300,300100,300600,300200,300500,300300,300200,300200,300200,300300,300300,300200,300000,300100,300300,300200,300400,300600,300100,300100,300300,300200,300000,300000,300000,300200,300000,445600,300000,300000,300000,300000,300100,300000,299600,300000,300000,300100,300100,300000,300100,299900,300100,300000,300000,300100,300000,300000,300000,300400,300100,299800,300200,300100,300200,300100,300200,299700,299900,300000,300200,300300,300200,300300,300000,300300,299700,300200,300200,300100,300000,300100,300100,331500,300200,300000,300100,300300,335400,312200,300400,300000,300400,299900,300100,300000,299900,300000,300000,300000,299800,300100,300100,300100,300000,300100,300200,300000,300100,300200,300100,300000,300100,300000,300300,300300,300000,300200,300100,300100,300100,300300,300400,300100,299700,300100,300000,300100,300100,300100,300200,300100,300000,300000,300000,300100,300100,300300,300100,299900,338100,312700,312600,323500,309200,309300,309500,309500,309400,341700,309200,318600,300000,300300,300500,300600,344000,384600,352800,300600,300300,300400,300200,300300,300200,300100,300500,299900,300300,300500,300100,300300,300600,300500,300100,300100,300000,300300,300500,300500,299800,300700,300400,301000,300300,300900,300500,300100,300300,300300,300200,354700,299900,300200,300200,300100,300100,300200,300300,300300,300100,300800,300000,300000,300300,300100,299800,300100,299900,300100,299800,300200,300100,299700,300200,300100,300100,300700,300100,300100,300100,300100,300100,300100,299800,300300,300100,300000,300100,300000,300200,300200,300400,300400,300000,300000,300200,300100,300000,299600,299700,300100,300400,349700,300100,300000,300100,300000,300200,300200,299700,300000,300600,300100,300000,300000,300100,300000,300100,300100,300000,299600,300000,300000,300100,300100,300000,300400,300300,300000
#W oneshot crc_ccitt_1d0f 256 512 500
336700,336600,336700,336700,336900,336600,336600,336700,336700,336900,337000,336900,336700,336600,336700,336700,336700,379200,337400,336800,366900,364900,336800,336800,336700,337000,337000,337000,336800,337000,337000,336700,338200,336700,337600,337000,337000,336700,336900,337300,337000,336700,337200,337000,336900,336800,337500,337100,336800,337000,336800,336700,336800,336800,336800,336700,336800,336800,336700,336900,336800,336800,341900,371200,336800,336800,336700,336800,336700,336900,336700,336900,336700,336900,336900,336700,336700,336700,336700,336600,336700,337100,337100,336800,337000,336700,336600,336900,336900,336700,336700,336800,336600,336700,336700,337300,336800,336700,336700,336900,336600,336700,336900,336700,337000,336900,336800,336700,336700,368900,367600,336700,336700,336800,336600,336700,336900,336700,336800,336800,336700,336700,366000,336700,336800,337000,336600,336700,336700,336800,337000,336900,336700,336800,336700,336600,337000,336700,336800,336700,336800,336900,336700,336900,336900,336600,336800,336800,336700,336700,336900,337000,336900,336800,336800,382600,336800,336800,337100,336800,336800,336700,336600,336700,336800,336900,336700,336700,336800,336700,336700,337100,336700,336700,336800,337600,337800,337600,337800,337600,336900,337100,336700,336900,336800,337000,336700,336700,336800,336700,336700,336700,336900,336700,336700,336700,336800,336900,337000,337300,336800,381500,336800,336700,336700,336700,337000,336800,336600,336700,336800,336800,336600,337200,336700,336800,336700,336700,336700,336600,337000,336700,336800,336800,336800,336900,336700,336900,336600,336800,336900,336700,336700,336800,336800,337000,336900,336600,336900,336900,336900,337000,336700,336800,337000,336700,336700,376000,336800,336700,336600,336800,336800,336900,336700,337000,336600,336700,336800,336800,336700,336800,336600,336900,336700,336900,336800,336800,336900,337000,336800,336700,337100,336600,337000,337000,336900,336700,336700,336700,336700,336700,336700,337200,336700,336700,336800,336700,336800,336900,337000,337000,336900,356800,750900,371500,381700,347700,353800,439800,357200,384700,337000,336700,366700,336800,336700,366100,336600,336700,379400,336600,336900,366500,336700,366800,337200,337000,366300,336700,337400,367100,336700,336800,366700,337100,337000,367200,337100,336800,366700,337000,336800,366400,336700,337200,360800,337100,339900,337000,336800,339200,336900,352700,354200,337000,336800,412500,381100,402300,354200,349000,351200,337000,336800,337300,365900,337500,337300,337100,337400,336900,336800,337100,336900,336900,336900,336800,337500,336800,337400,337300,336900,337300,337500,337100,337100,337300,337400,337100,336700,336800,337000,336800,337000,337200,336800,337000,336800,336700,336800,336800,547600,347500,440900,349800,346800,346800,354100,346800,348800,346800,347000,348800,346800,346900,348600,346900,346900,348600,347100,347200,396100,346900,347000,349100,347000,348800,346900,346900,348800,346800,347000,349300,348300,347000,349600,347000,347100,349000,347000,347000,348900,346900,347000,382900,336800,336700,339500,439800,336700,336700,338700,336600,336700,338600,336700,336700,338500,336800,336700,338600,336800,336700,338600,336700,336900,338800,336700,336800,338700,336600,336700,338400,336800,336700,338900,336900,336800,338700,337100,336900,338900,336700,336900,338500,336700,336800,338900,336600,337000,338800,336900,336700,373900,336900,336700,338900,365700,336700,396700,336700,336900,336900,336800,336700,336700,336800,337200,336700
#W oneshot crc_ccitt_ffff 256 512 500
336700,336800,337500,336600,336800,336700,336600,336800,337600,336700,336600,336600,336600,337500,336800,336700,336600,336800,336700,336700,336700,337100,336700,336700,336800,394600,337600,336800,337800,337600,337600,375400,397300,366200,336700,337500,337300,337000,336800,336700,336800,336700,336800,336900,336900,336700,336700,337000,337100,337400,337100,336700,337000,336800,336800,337000,337100,338000,336800,337000,337700,337000,336700,337100,337800,337400,337600,336700,336800,336800,336900,336800,337500,337500,337500,337600,337500,375500,336900,336700,338100,336900,337500,337600,336800,337600,337700,336800,337500,337600,336800,336800,336700,336600,337600,336800,336800,336600,338100,336700,336700,336700,337700,336800,336600,337700,337000,336700,336800,336900,336700,336700,336800,336700,336700,336700,336700,337700,336800,336800,336800,336600,337500,364000,350100,336700,336800,336700,336900,337100,337000,336700,336600,336800,337000,336800,336700,336600,336700,336700,336600,336800,337000,336700,336900,337000,336600,337000,337200,336800,336700,336800,336900,337000,336700,336700,336800,336700,336700,337000,337000,336900,337200,336700,336800,336800,336600,336600,336600,393800,350300,336700,336700,336700,336900,336700,337200,336800,336600,366700,336800,336600,336700,336900,336700,336700,336800,337700,366800,336800,338000,336700,337700,337600,336800,337600,337700,337000,337600,336800,366800,337800,337700,337600,338000,337500,337800,336800,337500,336600,337500,337600,337600,337600,336700,371400,366300,336800,338500,337700,337600,337600,337500,337500,337600,336700,336900,352300,352300,336800,336700,336800,337900,337800,337700,337800,337700,337600,337700,337700,337600,336700,337700,337700,337700,336800,337100,337500,337500,337700,337800,336700,336700,337500,337500,337500,336800,336600,336700,336700,336900,379500,336600,336900,336600,337500,337500,337500,337400,336600,336700,336600,336700,337500,337700,336800,337500,367500,337600,336700,337500,336700,337500,337600,336800,336600,337500,336800,424000,353700,339600,337200,337800,336900,337700,336600,337800,337400,337700,337600,336700,336600,337200,336700,336700,336900,365300,355700,336900,337000,337000,336700,337000,336900,337000,337100,337200,337000,336600,337000,336600,336700,336800,336900,337100,337000,393800,336700,337200,337000,337400,336900,336700,336900,337000,336800,336700,336900,336800,336800,336600,336800,336700,336600,337000,336800,336600,336700,336800,336700,336700,336700,378500,351900,351200,483300,347000,347600,513100,463700,862200,366000,336700,423200,336600,337500,337500,337600,337600,337600,337500,456600,347400,351800,370300,336800,337000,338600,336600,336700,338600,336700,336800,338700,336800,336700,338700,336700,337000,338700,336700,337000,338700,336700,337600,339200,337100,336600,339000,337200,336800,338700,337700,336700,338600,336900,336700,338300,336700,336800,338400,336800,336700,338900,336600,336700,383600,362700,359200,336600,621600,347300,349300,346900,347800,349400,346900,346800,348600,346800,346900,348600,346800,346900,348800,346900,346900,348800,346800,347300,349000,346800,346900,349400,346900,349300,346800,347100,349300,346900,346800,348900,347100,347100,348800,347100,346900,349000,346900,347000,348800,346900,347100,348700,346800,346800,413400,356000,375900,347000,347000,346900,346900,346900,346800,346800,346900,346900,346800,347800,346900,346800,346900,346800,346800,346800,346800,404700,346800,347700,347800,347700,347700,347700,346800,347800,346800,346900,346800,347000
#W oneshot crc_xmodem 256 512 500
346800,346900,346700,346800,346900,346800,346900,346800,434600,378800,336700,336600,336700,336500,336600,336600,336600,336600,336500,336700,336500,336600,336600,336600,336700,336600,336600,336700,336700,336600,336700,336600,336700,336700,336800,336800,336700,336800,337200,336600,336700,337100,336800,336600,336800,336800,336700,336800,336800,336800,336600,336700,336800,336600,397500,336600,336600,336500,336600,336500,336600,336600,336600,336600,336700,336600,336600,336600,336700,336600,336600,336600,336600,336600,336500,336700,336600,336700,336600,336600,336800,336600,336700,336600,336600,336600,336700,336800,336600,336800,336700,336800,336700,336900,336800,336700,336900,336700,337000,336700,373900,336700,336600,336600,336700,336600,336600,337000,336700,336600,336700,336600,336800,336700,336800,336600,336600,336600,336700,336700,336800,336800,336700,336600,336800,336600,336700,336700,336800,336700,336600,336600,336700,336700,336700,337000,336900,336700,336800,336900,336700,336600,336600,336700,336600,336600,378000,349700,336600,336600,336600,336600,336600,336600,336600,336600,353800,349300,336600,336700,336600,336700,336600,336700,336700,336600,336800,336800,336600,336600,336600,336700,336600,336800,336800,336700,336700,336900,336600,336700,337100,336800,336600,336600,336800,336600,336700,336600,336800,336800,336700,337300,389000,336600,336700,336600,336600,336600,336600,336600,336600,336600,336700,336600,336600,351900,351100,336600,336900,336600,336600,336700,336700,336700,336600,336700,336700,336600,336700,336800,336700,336600,336800,336700,336600,336600,336900,336700,336700,336700,336900,336700,337000,336800,336600,336700,336700,336700,368600,352900,336700,336700,336600,336700,336700,336600,336700,336800,336600,336700,336600,336600,336700,336600,336600,367600,336800,336600,336900,336800,336800,337500,336800,336600,353100,350400,336600,336800,336600,336700,336700,336700,336800,336700,336900,336800,366300,336800,336900,336700,336600,336800,336800,336500,420600,379800,336700,336600,336800,336600,336500,336700,336700,336700,336600,336600,336600,336700,336700,336600,336700,336900,336700,353000,380600,336700,337000,336600,336700,336800,336700,336700,336800,336900,336900,337300,337100,337000,336700,336700,336700,336700,336600,336700,336600,336600,336800,336600,336700,337900,386300,336800,336600,336800,336600,336600,336700,336700,336600,336600,336700,336700,336700,336700,336700,336600,336600,336600,336700,336600,336700,336700,336600,336800,336600,336600,336800,336800,336800,336600,336600,336900,336800,336800,336600,336600,336700,336600,336600,336600,336700,336600,337000,336600,336600,336700,396800,336600,336600,336600,336700,336700,336600,336600,336500,336700,336700,336600,336700,336700,336700,336600,336700,336600,336600,336600,336700,336500,336700,336800,337100,336700,336700,336800,336800,336600,336700,336700,336700,336600,336800,336600,336600,336700,337000,336600,336600,336700,336700,336600,336700,336500,442800,359000,336600,336600,336600,336600,336600,336600,336600,336600,336600,336600,336600,336600,336600,336700,336600,336600,336600,336700,336700,336600,336700,336700,336600,336600,336700,336800,336700,336800,336800,336900,336700,336900,337300,336700,336700,336700,336600,336700,336700,336600,336600,336700,336500,336700,393300,392900,336700,336700,336600,336700,336600,336600,336600,336600,336600,336600,336700,336600,336700,336600,336800,336600,336700,336600,336700,336700,336900,336800,336600,336600,336700,336700,336900,337100,337100,336600
#W oneshot crc_kermit 256 512 500
321300,321400,321400,321100,321400,321400,321400,321300,321400,321100,356300,321500,321200,321200,321500,321500,321500,321400,321300,321300,321400,321400,321400,321200,321300,321400,321500,321300,321400,321700,321500,321700,321400,321200,321300,321200,322100,321300,321200,321500,321300,321400,321600,321500,321300,321200,321300,321300,321600,321400,321400,321900,321400,321500,321400,321400,321400,321400,363700,334200,321400,321400,321400,321200,321500,321400,321500,321500,321200,349800,321200,321400,321200,321500,321400,321400,321500,321500,321500,321600,321600,321300,321400,321800,321600,321400,321700,321600,321600,321300,321200,321500,321700,321500,321900,321600,321200,321400,321500,321600,321400,321400,321300,321600,321300,321500,321100,463700,321200,321400,321400,321200,321400,321400,321400,321400,321100,321200,321400,321400,321400,321400,321500,321200,321100,321400,321200,321500,321400,321200,321300,321500,321400,321300,321400,321200,321300,321400,321600,321500,321400,321500,321700,321500,321400,321500,321400,321100,321400,321300,321400,321200,321500,321800,321400,368500,321500,321400,321400,321400,321200,321400,321400,321500,321500,321500,321500,321500,321500,321400,321400,321200,321400,321400,321500,321500,321200,321300,321500,321500,321200,321500,321400,321200,321400,321500,321300,321400,321500,321400,321400,321500,321600,321400,321300,321500,321400,321700,321200,321600,321500,321200,321400,352600,321400,321300,321200,321400,321400,321500,321600,321800,321200,321100,321600,321400,321400,321200,321400,321500,321400,321400,321500,321300,321300,321900,321500,321400,321400,321600,321200,321300,321500,321400,321500,321500,321500,321400,321400,321300,321600,321500,321500,321500,321400,321200,321500,321200,321400,321500,321200,321300,385400,321400,321200,321100,321300,321400,321400,321400,321400,321400,321200,321400,321400,321400,321500,321400,321400,321400,321100,321200,321100,321400,321500,321200,321200,321200,321400,321200,321100,321200,321300,321400,321300,321200,321500,321700,321500,321200,321100,321200,321400,321200,321300,321100,321300,321300,321200,321300,365000,423100,339200,341300,366800,323500,323300,322100,323200,324300,385600,427100,350200,321100,350400,321500,321400,321500,321400,321300,321400,321400,321400,321300,321400,321400,321300,321400,321500,321700,321200,321300,321400,321700,321600,321400,321800,321500,321400,321700,321900,321600,321600,321900,322500,321500,321700,378000,321200,321400,321100,321500,321600,321400,321800,322600,380500,350500,322000,322100,321700,321700,321700,321400,336700,335300,321700,321700,321300,321400,321300,321700,321600,322000,322100,321600,321600,350000,321600,321600,321500,321600,321700,321600,321700,321900,322000,321600,322000,321900,321500,321800,321500,321500,321300,420100,321300,321200,321500,321400,321200,321200,321300,321600,321300,409700,321500,321400,321500,321200,321200,321400,321300,321200,321400,321500,321400,321700,321400,321400,321200,321500,321300,321500,321400,321300,321600,321400,321600,321400,321500,321400,321500,321800,321700,321700,321600,321500,321300,321400,321400,321200,321400,372500,321500,321200,321500,321300,321500,321200,321300,321400,321400,321400,321500,321200,391900,321400,321500,321400,321300,321500,321200,321500,321500,321400,321200,321200,321100,321400,321200,321400,321400,321500,321200,321300,321700,321200,321300,321500,321500,321200,321200,321200,321500,321600,321500,321500,321500,321500,321500,378900,321500,321200,321400,321200,321200,321400,321500,321400
#W oneshot crc_dnp 256 512 500
321600,321800,321800,321800,321700,321800,321800,321800,321700,321700,321800,321900,321900,321900,322000,322100,321800,322000,321800,321900,321800,321800,321800,321700,321700,322100,321800,321700,322000,322300,322000,321900,322000,321800,384500,321800,321900,321800,321800,321800,321800,321900,321800,322000,321900,321700,321800,321800,321800,321800,321800,321800,321800,321800,322200,321900,321900,322000,321900,321900,321900,322100,321900,321900,321900,321800,321700,321900,321700,321900,321800,321900,321900,322100,321700,321600,321900,321900,321900,321700,321800,321900,389500,321800,321800,321800,321800,321900,321900,321900,321900,321700,321700,321700,321800,321900,321700,321800,321800,321800,321700,321800,322000,321800,321800,321900,351700,321800,321800,322000,322300,321800,321900,321800,322000,321900,322100,322200,321900,321800,322100,321900,321700,321900,322100,321800,321900,321800,322000,321800,341900,334800,322100,321900,321900,321900,321800,321800,321800,321900,321700,321800,321900,322000,321800,321900,322000,321800,321900,321900,322000,321800,322000,321900,321900,321800,321900,322800,322100,321900,321900,322100,321900,321900,321900,321900,321800,321900,322000,321900,321900,321900,321800,322000,321900,322100,322000,321800,321900,387500,339500,322400,322500,322100,321800,321900,321900,322200,322000,322000,322300,321900,322000,321800,322000,321800,321800,321900,321900,322000,322000,322000,322300,322000,322100,322500,321900,322000,322200,323000,321800,321900,321800,321900,321900,322100,322100,322000,321800,322400,321900,321800,322100,322100,321800,321800,321800,382200,331700,486400,331700,331800,376900,334700,337100,335800,364400,355600,332100,334300,333400,333000,341200,323600,323100,322400,322100,322800,321900,321900,321800,322000,321800,337100,368400,322500,322400,322700,337600,461500,392000,322300,324300,321800,321800,323600,321700,321900,323700,322100,321900,323700,322100,322000,324300,321900,321900,323700,322000,321700,324300,321900,322100,324300,322200,322000,323900,321800,321900,323800,321800,321800,323900,322000,322000,322000,323600,321900,321900,323900,321800,321800,323300,321900,321800,323400,321800,321900,371600,626200,343000,321800,329200,321900,322100,326100,322300,322000,325700,321900,321800,325200,321700,321700,325000,321800,322000,325100,321800,321800,325100,321900,321900,325200,321900,321700,321900,325300,322000,321900,325800,322100,322000,325800,322600,321900,335100,321800,321800,325500,321900,321900,324900,321800,321800,417200,321700,321800,325000,352000,321800,353800,321800,321700,321700,321800,321700,321700,321800,321800,321800,321800,321800,322100,321800,321800,321900,321700,321800,321800,322000,322000,321900,321900,321900,321900,321900,322100,322200,321800,321800,322000,321800,321900,321900,322000,321800,321900,321700,321800,321900,321800,321900,321900,321900,321900,321800,321800,321800,361300,346700,339900,322000,321800,322000,322200,321900,321900,321900,321800,321900,321800,321800,321800,321800,321900,321900,321800,321800,321900,321800,321900,322300,321800,321900,322100,321900,321900,321900,322100,322200,321800,321900,321900,322000,322000,322200,322300,321800,321800,322000,321900,321900,321900,321800,322000,321800,321800,387600,321800,321800,322000,322300,321800,321900,322000,321800,321900,321700,321900,321900,321900,321700,350500,321700,321800,322200,321800,321800,321900,321700,321800,322000,321900,350500,321900,322000,322000,321900,322200,322200,322100,321900,322000,321800,321900,321700,321900,321800,321800
#W oneshot crc_sick 256 1024 500
311300,381600,329700,311500,311600,311500,311700,311600,311400,311400,311300,311400,311300,311300,311400,311400,311600,311400,311400,311500,311300,311400,311800,311400,311700,311500,311400,311400,311700,311400,311800,312000,311500,311600,311700,311500,311300,311400,311500,311400,311500,311600,311600,311700,311500,311300,311600,311400,311300,311500,311400,368000,311300,311500,311400,311300,311300,311400,311400,311300,311300,311700,311700,311400,311400,311400,311300,311300,311300,311400,311400,311300,311500,311700,311600,311600,311800,311500,311400,311600,311500,311400,311300,311300,311500,311400,311500,311500,311500,311400,311500,311700,311700,311300,311300,311400,311200,311400,311400,311200,338100,325900,311300,311500,311400,311400,311600,311900,311300,311400,311500,311300,311300,311300,311400,311900,311400,311500,311500,311500,311600,311600,311500,311400,311400,311600,311500,311300,311400,311400,311500,311300,311500,311400,311600,311400,311500,312000,311400,311400,311700,311500,311400,311400,311400,311300,311300,311300,311200,311500,346200,324400,311500,311500,311300,311500,311400,311400,311400,311500,311200,311400,311400,311300,311300,311400,311500,312000,312000,311400,311500,311400,311300,311300,311300,311500,311300,311400,311400,311400,311300,311500,311700,311300,311400,311400,311500,311400,311400,311500,311400,311500,311300,311300,311500,311400,311400,311800,311300,311200,351600,311600,311200,311300,311400,311400,311300,311400,311300,311300,311300,311300,311900,311500,311300,311400,311200,311300,311300,311300,311400,312400,368400,311300,311400,311300,311500,311700,311300,311400,311400,311400,311300,311300,311400,311400,311400,311400,311400,311400,311300,311500,311500,311400,311600,311600,311400,311500,311300,311400,350700,351500,381000,311500,311600,311500,311500,312000,311900,311600,311600,311500,311500,311300,311500,311400,311500,311500,311400,311300,311500,311300,311700,311600,311500,311400,311600,311700,311500,311500,312100,311800,311600,311500,311400,311900,311400,311900,311700,311400,311300,311400,311500,311300,311400,311300,311400,311700,341100,316700,395000,311400,311400,311300,311300,311300,311300,311300,311300,311400,311300,311300,311400,311300,311300,311300,311200,311300,311300,311400,311200,311300,311500,311300,311400,311300,311400,311300,311300,311400,311400,311400,311300,311600,311700,311400,311500,311400,311300,311300,311300,311300,311500,311400,311300,311400,311400,311300,311500,364300,354100,311200,311300,311300,311300,311200,311300,311300,311300,311300,311300,311300,311300,311300,311300,311300,311400,311300,311300,311200,311300,311300,311400,311300,311400,311400,311500,311400,311300,311600,311300,311300,311500,311500,311400,311300,311400,311500,311400,311400,311400,311600,311700,311700,311600,311400,311400,311500,311200,335000,322600,384000,332400,311600,311500,311600,311500,326300,378300,352200,320700,320800,320900,320900,321000,375500,322200,330500,314600,313300,312400,312300,312200,312300,313000,312900,312100,312700,314100,311900,311300,311400,311500,311600,311400,311500,311500,311500,311600,311500,311700,311400,311600,311600,311600,311600,311400,311800,360300,311500,311400,311700,311500,311600,311600,311900,311700,311400,311600,311700,311400,311300,311300,311500,311400,311400,311400,311400,311600,311400,311300,312000,311500,311400,311500,311400,311300,311400,311500,311400,311500,311300,311400,311300,311400,311300,311500,311300,311400,311300,311300,311200,311200,311300,311300,311400,311500,311300,362900,311400
#W oneshot checksum_NMEA 256 2048 500
319300,319300,318800,318500,318400,318700,318500,318300,318600,318500,319300,318800,318300,318900,319000,318700,318300,318500,319000,318500,318700,318700,318700,318900,318900,319500,318600,318700,318900,318900,318700,318700,318700,318400,319300,319000,318700,318300,319400,318500,318700,345400,361400,319100,318800,318300,318700,318900,318500,318500,319000,318700,319200,319000,318800,319000,319000,318300,318800,318800,318300,318900,318900,318600,318500,318900,318800,319100,318800,318800,318900,320200,320200,319400,319100,318300,319000,318600,318900,318700,323800,318900,319000,319400,319300,320100,318800,319100,318500,318700,354400,319100,318800,318700,318800,318900,349900,318700,318900,319000,318700,318800,318900,318700,318900,318900,318500,347900,318900,319100,318800,319200,319300,318900,319700,318600,318400,319400,318700,318700,319000,318800,318800,318900,318900,319500,319000,318800,319400,319000,319200,318500,319200,318900,318400,318500,318800,319000,318500,383300,319000,318900,318700,319600,319900,319900,318900,318900,318400,318900,318800,318700,318800,318900,318800,318800,318700,319400,318900,319400,318700,321000,320600,318800,318800,319000,319000,318800,319100,319000,318800,318900,319000,319400,318800,319000,319300,318500,318900,318700,319300,318900,318500,318500,320100,318800,318900,414500,428900,318800,318900,318500,318800,318500,318500,318500,318800,318400,318700,318700,318300,318500,318900,318800,318700,319000,318600,318900,318700,319000,318700,318800,319100,318800,319100,318900,320100,319200,318800,318800,319300,319600,318900,319000,319100,319300,318800,318800,319000,319000,319000,319300,319300,318600,318900,318900,354400,319600,318500,319300,318700,318700,318900,318800,318800,318700,319500,318800,318700,318400,318700,319000,318600,319000,318800,322400,318900,319200,319000,318700,319200,320000,318900,319100,318800,319000,320200,318800,318900,318700,318900,319000,318800,319000,318900,318900,319200,318700,318900,319100,318900,318700,320200,319900,383000,344200,320400,548800,536300,1033200,1229800,454600,328700,351300,350800,342800,381100,315800,327900,327000,327300,327700,327100,327800,327900,327500,327400,319200,325200,323800,327500,327200,326900,298800,299800,298800,314300,320400,319300,328000,328200,319700,309100,298600,298000,298600,298300,299500,298900,296600,298400,299700,299400,299400,305400,328000,383200,500000,379800,295000,297400,294800,295000,297100,294600,294800,294700,296900,294800,294800,297000,295300,294600,295100,296400,295100,294800,296800,294600,294800,297100,294700,295000,294900,302100,294600,294800,297400,295100,294700,297700,295400,294900,294500,296600,294900,294800,296500,294700,295100,294900,296600,295000,295400,297700,294500,294700,326200,295100,294700,294600,297000,522000,320000,319200,321000,319000,319400,318900,320700,318900,319400,320300,319200,319400,321000,318600,318900,320800,319300,318900,321300,319300,319200,350700,319400,318800,322300,319200,318800,320900,319400,319500,321000,318800,319400,319000,378300,314800,299000,300300,296300,298300,300200,299100,297200,305000,327100,327300,325000,298300,305300,327700,376100,327300,332100,341100,319500,327800,327300,327600,327300,327500,327500,327300,327100,307800,327500,327900,327500,327100,316100,304300,327300,327700,327000,313800,313700,327800,311000,299700,299000,298500,298400,299500,297300,298500,298500,298400,298800,298800,298900,299500,300000,298200,297800,296800,299100,299100,299100,299900,296600,296000,298900,295800,299800,377100,344300,327000,327100
#W oneshot crc_8 1024 128 500
255000,255100,254900,254700,254800,255200,254800,254900,254900,254700,254800,254800,254900,254800,254800,254700,254700,254900,254900,254900,255000,254800,254900,255200,255100,254900,254800,254900,254800,254900,254800,254800,254900,254800,254800,254800,254700,254800,255000,254900,254700,254700,254900,254800,254800,254700,254700,316800,255100,255000,273400,264500,268600,255100,254900,272300,267600,254900,255000,255000,255000,254900,255000,254900,254800,255000,254900,303400,277700,254900,255100,255200,255000,254900,255100,255400,255200,255200,255000,255300,255100,255300,255000,255000,255100,255200,255100,254900,255100,255100,255100,255200,255000,255200,255300,254900,254800,254900,254900,255200,254900,255000,255000,255100,255100,254900,254800,254800,254900,254900,254700,284000,278200,286300,255200,255000,255300,255200,255000,254600,286000,255200,255100,255000,254900,254700,255000,254900,255100,255000,255000,255000,255100,254900,254900,254800,255100,255100,255000,255100,255000,255100,255300,254900,255000,254800,255100,255100,254800,255000,255800,255100,254900,254900,255000,254900,254900,254800,254900,255000,255300,255000,254700,254900,254700,255000,255100,254900,254900,255300,254700,254800,297000,288400,302700,254900,254900,254800,254900,255000,254700,254700,254700,254800,255200,254900,254800,254900,254700,254800,254900,255000,254900,254800,255100,254900,255300,255000,255100,255100,255000,254700,254900,255000,255100,254800,255000,255300,254900,254900,255100,255100,254900,255000,254900,255000,255000,254900,254900,254800,255100,255000,255100,255000,254800,255300,255300,254800,254900,254800,254900,254900,294200,289200,262700,277500,256600,255700,255300,256000,255600,255800,255800,255600,324700,273300,255100,254800,255300,285600,255100,255100,254800,254800,254700,254800,254800,254700,254900,254700,254800,254800,254700,283600,255000,254700,254700,255000,255000,255100,254900,254700,255000,255000,255200,255200,254900,283200,255200,255600,255100,255200,255400,255300,255000,255000,255600,255000,255000,254900,254800,254900,312400,310900,254800,254800,254700,254900,254900,254900,255000,255000,254900,255000,254800,254900,254900,254800,254800,254800,254800,255100,254800,255100,254900,254800,255100,254900,255000,255100,255300,254700,254800,254900,254800,255000,254700,254700,255000,254800,254900,254800,254900,254700,254800,255000,254900,255000,255400,254800,254800,254700,255100,255000,255000,254900,254900,255100,254800,254700,254700,254900,254700,358200,262600,271300,255200,255400,255400,255700,255500,255100,254900,254900,254900,254800,254900,254900,254900,254900,254900,254800,254900,254800,254800,255000,254800,255000,312500,255200,255100,255000,254900,255100,255500,255000,255200,255000,255400,255200,255200,255500,255200,255500,255500,255000,254900,255300,255200,255000,254800,254800,254900,254900,254800,255000,255000,254900,254800,254800,254800,254800,255300,306300,255100,254800,255000,254900,254800,254900,254900,254900,255000,255000,254900,255000,254900,254900,254900,254800,255000,255000,254900,254900,254900,255100,254800,254800,255000,255100,254900,254900,254900,254800,254700,254800,254800,254700,254700,255000,254900,255000,254900,254800,254900,254900,254800,255000,255000,255000,254800,254700,254800,254900,254900,254700,254800,254800,255300,254900,254800,255000,254800,254800,296100,265600,272300,354800,262500,262700,263200,285100,265600,294100,316400,327500,276600,336100,254800,254800,299800,297100,254900,254800,254700,254700,254800,254800,254700,254800
#W oneshot crc_16 1024 128 500
339900,358400,347800,329900,329800,331400,329900,329700,331400,329600,329600,331400,329700,329600,344700,329500,329500,331800,329500,329600,331400,329700,329900,331900,329500,329600,331700,329600,329700,332200,329700,329700,331700,329600,329500,331900,329700,329800,331300,329800,329900,331600,329600,330200,347100,343600,329700,332100,329500,432600,339600,339500,341500,339500,339500,341300,339600,339600,341300,339600,339500,341300,339600,339500,341300,339600,339400,341200,339500,339600,341900,339600,339800,341500,339500,339700,341400,339500,339500,341500,339800,339600,341500,339600,341400,339700,339900,341700,339600,339600,341200,339500,339600,341600,339600,339500,341600,418600,339600,343700,339600,339600,339500,339600,339500,339500,339500,339600,339600,339600,339500,339500,339500,339500,339600,339600,339500,339600,381000,339500,339600,339500,339600,339600,339500,339600,339600,339600,339500,339700,339600,339700,339700,339700,339500,339800,339600,339700,339500,339700,339500,339700,339500,339600,339600,377000,329600,329500,329700,329500,329500,329600,329500,329500,329600,329500,329500,329500,329700,329500,329600,329500,329500,329600,329600,329500,329600,329600,329500,329600,329600,329700,330000,329600,329500,329700,329500,329500,329600,329500,329700,329500,329700,329800,329700,329700,329800,329600,329500,329700,329700,329600,447400,329500,329500,329500,398200,329400,329600,329500,329600,329500,329500,329500,329600,329500,329500,329600,329400,329500,329500,329600,329600,329600,329800,329500,329600,329700,329500,329500,329700,329600,329800,329400,329600,329600,329700,329700,329800,329700,329600,329500,329500,329500,329600,329600,329700,329600,329500,435600,329600,329800,329700,329600,329600,329500,398500,329600,329500,329500,329600,329500,329500,329500,329500,329600,329700,329600,329600,329600,329500,329500,329500,329600,329600,329500,329600,329600,329500,329500,329600,330100,329500,329600,329700,329600,329600,329500,329700,329900,329500,329700,329600,329600,329600,329900,405200,329600,329600,329700,329600,329600,329600,329700,329600,329600,400700,329500,329700,329700,329500,329600,329600,329500,329600,329500,329400,329600,329600,329500,329500,329500,329600,329900,329800,329500,329600,329600,329500,329500,329700,329600,329600,329600,329600,329600,329500,329800,329800,329500,329500,329500,375500,342400,329500,329500,329600,329700,329600,329600,329500,329600,329500,329600,329600,329600,329600,329500,329500,329600,330100,329600,329600,329500,329500,329600,330400,329600,329700,329700,329500,329600,329700,329500,329600,329600,329700,329600,329900,329700,330200,329900,329500,329700,329600,329500,329500,329600,329700,368800,343600,329500,329500,329500,329700,329700,329500,329600,329700,329500,329600,329500,329600,329600,329500,329600,329700,329600,329600,329700,329600,329500,329700,329600,329600,329600,329700,346100,342600,329600,329700,329700,329800,330100,329700,329500,329700,329600,358800,329700,329600,329600,329600,329700,329600,329600,356900,343700,329600,329500,329600,329600,329500,329500,329700,329600,329700,329600,329600,329500,329500,329900,329700,329500,329600,329600,344900,345000,329500,329700,329600,329600,329600,329700,329600,329800,330200,329600,329500,329600,329500,329600,329600,329600,329700,329700,329600,329800,329800,329700,330100,329600,329600,329700,436000,416000,329700,400900,329500,329500,329700,329600,329500,329500,329600,329600,329500,329600,329700,329700,329600,329600,329500,329700,329600,329800,329700,329800,329700,330200
#W oneshot crc_modbus 1024 128 500
329500,329500,329700,329500,329600,329500,329600,360800,350500,329700,329600,329700,329500,329500,329600,379400,329500,329500,329600,329500,329500,329500,329700,329700,329500,329500,329600,329500,329500,330000,329600,329700,329500,329700,329500,329900,329500,329600,329500,329600,329700,329600,329600,329400,329500,329700,329600,329600,329600,329600,329600,330000,329700,329500,329700,329600,329500,329600,329600,329700,329600,329600,400400,343000,329600,329600,329700,329600,329600,329600,329500,329500,329600,329500,329600,329500,329500,329500,329500,329600,329500,329600,329500,329600,329500,329600,329700,329500,329600,329500,329900,329500,329800,329900,330100,329500,329500,329800,329600,329400,329500,329600,329400,329600,329600,329500,329600,329600,329700,363300,330300,329800,329600,329500,329600,329500,329600,329600,329700,329600,329600,329500,329900,329800,329500,329600,329600,329600,329500,329600,329800,329600,329700,329600,329700,329600,329800,330000,329500,329600,329600,329500,329600,329700,329600,329700,329600,329700,329600,329500,329700,330000,329500,329400,329700,329400,365400,329600,329500,329500,329500,329500,329600,329600,329500,329900,329800,329500,329600,329600,329500,329500,329700,329600,329500,329500,329500,329600,329500,329700,329900,329500,329600,329700,329500,329600,329600,329700,329600,329600,329600,329600,329500,329600,330200,329500,329500,329800,329600,329600,329500,329600,329600,329600,377200,329600,329600,329600,329700,329600,329600,329600,329600,329600,357900,329700,329700,329600,329700,329500,329600,329700,329900,329800,329600,329600,329600,329500,329600,329600,329700,329600,329600,329500,329700,329600,329800,330000,329600,329500,329800,329600,329700,329600,329600,329600,329600,329500,329600,329600,329600,367500,329600,329600,329900,329600,330000,329500,329600,329700,329600,329600,329500,329600,329600,329800,329600,329500,329600,329500,329600,329700,329600,329700,329500,329600,329500,329700,329500,329600,329700,329500,329500,329800,329500,329500,329500,329600,329600,329600,329500,329700,329500,329700,329800,329500,329500,329600,362200,329600,329500,329600,329600,329400,329500,329500,329900,329400,330000,329500,329500,329600,329600,329400,329500,329500,329600,329600,329500,329600,329700,329600,329800,329700,329500,329800,329500,329400,329500,329600,329700,329500,329500,329600,329600,329500,329600,329600,329500,329500,329500,329400,329500,329500,329500,427000,357100,329600,329600,329500,329700,329700,329500,329600,329500,329700,329600,329500,329600,329600,329500,329400,329500,329500,329500,329500,329500,329500,329700,329500,329500,329500,329600,329600,329600,329800,329600,329800,329700,330500,329500,329700,329700,330000,329600,329700,329600,329700,329600,329500,329600,329500,361600,329800,329700,329600,329600,329600,329400,329600,329500,329600,329600,329500,329500,329600,329500,329500,330100,329500,329500,329600,329500,329700,329600,329600,329500,329600,329700,329700,329500,329600,329800,329500,329700,329600,329500,329600,329600,329600,329500,329500,329500,329500,329400,329500,329900,329700,329500,365900,330300,329600,329500,329700,329500,329600,329500,329600,329700,329600,330100,329800,329600,329700,329500,329400,329600,329600,329500,329600,329700,329800,329700,329700,329700,329800,329400,329500,329700,329600,329500,329600,329600,329600,329600,329600,329600,329500,329800,330000,329600,329600,329600,329500,329600,329500,366300,345600,329500,329500,329600,329600,329600,329900,329600,329600,329500,329700,329600,329500
#W oneshot crc_32 1024 128 500
341900,313900,314000,313900,313900,313900,313900,313900,313900,313800,313700,313900,342600,313700,313900,314000,313700,314100,313700,313800,313900,314000,314000,313800,313900,313900,313700,313800,313800,313900,351400,313900,313800,313900,313700,313700,314100,313700,314000,313800,313700,313800,313900,313800,313700,314000,313700,313900,313700,313600,313700,313800,313900,313600,313800,313800,313900,313800,313800,314000,313800,313800,313800,313900,313800,313700,313900,313800,313700,313900,313800,314000,313800,313900,313700,313700,313800,313900,314100,313900,360400,313800,313800,313900,313900,315000,373600,314100,314000,313700,314000,313800,314000,314200,313800,313900,313900,313800,313800,313900,313900,314000,314000,313900,313800,313900,314100,314200,314200,313700,314200,314000,314000,313900,313800,313800,313800,313900,313800,314000,313800,313900,313900,314200,314000,313900,314000,313800,313800,380000,313700,313800,313600,313700,313800,313800,313700,313800,313900,314000,313900,313900,313800,313900,313900,314000,313700,313800,313900,313900,313800,313700,313800,314000,313900,314000,313800,313600,313600,313900,313900,313700,313900,313800,313800,313700,314000,314100,314400,313800,313900,313800,313800,313800,313800,314000,313800,313900,348100,398000,341300,323300,322900,323600,323600,323500,323700,328800,313700,313800,313600,313900,313900,313800,313900,313800,313700,313900,313700,313800,313800,314000,313900,313900,313900,314000,313900,314000,313800,313900,313900,314000,313800,314200,313800,313800,313800,313900,313900,313900,313900,314100,314100,313700,313700,313700,313700,371500,355200,314100,313800,313800,313600,313700,313700,313700,313900,313800,313600,313700,313800,313900,313900,314000,313700,313700,314000,313900,313900,313900,313900,314000,313900,313900,313900,313900,313800,314100,314400,313900,313800,313900,313900,313800,313800,313700,313800,313800,313900,313800,314000,313800,313900,313900,313900,313800,314000,442400,332400,323400,323200,323900,323400,323400,324000,329700,313900,313700,313900,313700,313900,313700,313900,313900,313700,313800,313700,314000,313700,314000,313900,313900,313900,314100,314100,314000,314000,314200,313800,313800,313900,314000,313700,313800,314000,314100,313900,314100,313900,313900,313800,313800,313900,313800,313900,313600,366100,343000,313800,313900,314000,313800,313700,314000,314200,313800,313800,314000,313700,313800,313900,313900,313700,313900,313900,313700,313900,313800,313900,314200,313900,313800,314000,313800,313900,313700,313800,313700,313800,314000,313800,314000,313900,313900,313900,313900,313900,314200,313600,313800,313800,313800,313900,313700,313900,369300,323700,562600,324700,326700,477600,645700,829700,424700,327000,313800,314000,397200,313800,313800,313700,313700,313900,313800,314000,313600,314100,313800,313800,313800,314000,314100,314100,313900,328600,474800,384400,313800,321100,314100,313800,317500,313800,313900,318200,313800,313800,317100,313800,313700,317400,314000,314000,317300,314200,313700,314000,317100,314000,313800,317400,314200,314100,318200,313800,313800,317700,314000,313900,317700,313900,313800,317400,313600,313800,314000,317400,313900,313800,317400,313900,313900,317300,314100,314000,370500,412700,380100,313800,313900,321100,313900,313900,315700,313700,313700,315600,313800,313700,315800,313900,313600,313800,315600,313800,313700,316300,314000,313900,315700,313900,313800,315700,313800,314000,316300,313700,313900,315900,314000,313700,313800,315600,313900,313800,315500,313800,313900,315600,314000
#W oneshot crc_64_ecma 1024 128 500
349400,308300,314300,336200,308200,310500,308300,308400,313900,351300,308300,306600,306600,306700,306600,306500,306700,306600,308400,308400,306600,306600,306500,306600,308500,308400,306700,306700,306600,306700,306600,306600,306700,306700,307000,308400,308400,306700,308600,308400,308700,306900,306600,306600,307000,306600,308300,306600,306500,308600,308500,308400,308400,308500,308500,308700,307000,338800,306800,345300,308400,308400,308300,306600,308400,308400,308300,306800,308200,308500,308500,307100,306600,308400,308600,308400,308400,308400,306600,306600,308200,308500,308600,308600,308400,308500,309200,306800,308400,306900,306700,308400,306700,308400,306700,306600,308400,308500,308400,308600,306600,306700,307200,306700,306600,306800,306600,308400,308500,308400,342000,338600,308500,306700,306600,308400,306600,307200,307800,308500,308500,306900,308300,337200,306600,306800,306600,306700,308500,306800,306700,308500,308800,308500,336100,308600,308600,306800,306900,306700,306700,308400,308400,306800,308500,308600,308400,309000,306800,306600,306600,306900,306600,306600,306600,306600,308500,306800,308600,308500,345000,308700,308700,307200,308800,308300,308600,308500,306600,306700,308400,306700,308500,308500,308400,306800,306700,306800,306800,306600,308400,306900,306800,306700,308400,306800,306600,307100,308300,308400,306900,306700,308700,307000,307200,306600,306800,306900,306700,308300,306700,308700,308300,306700,308300,308300,308500,308400,306600,308600,306600,340500,308500,306700,306700,306500,308400,308600,307300,308400,308400,306900,306700,306600,307000,306700,306700,306800,308200,306600,306500,308400,306800,306700,306700,306800,306700,306800,306800,307100,308600,308400,308300,308500,308500,306600,306600,306800,306700,308400,308500,308500,306700,308400,308800,309100,308400,306600,306800,308400,308400,362400,308400,308300,308500,308300,308300,308400,308400,306800,308400,308500,308400,306700,306600,306600,307000,308500,306800,308400,306900,306500,308400,308400,308500,306900,306700,306600,306700,306700,308400,308300,308500,308500,308500,306600,308600,308500,306800,306800,307300,307100,306800,306600,306700,306700,306600,306600,306700,308500,306700,306500,339600,308500,306600,307000,306600,306600,308400,308600,308500,308400,308300,308600,308500,308300,307200,308500,306600,306600,306700,307100,306600,306600,308400,308500,308400,308400,308700,308400,308500,306700,308400,308400,308600,306800,307300,306700,308300,308600,306600,308400,306600,308600,308600,308600,306600,308500,306600,306900,306700,307000,330600,379000,308700,308800,308300,308400,306700,306700,306900,308400,308300,306600,306700,306600,306900,306800,306600,306500,364800,308300,306600,308500,308600,308800,306800,306800,306800,308600,308600,306800,307700,306700,306800,308400,308400,308400,308500,306800,306700,308500,308500,308500,306900,306600,308600,309000,308500,308500,308500,308500,306600,338200,356400,306900,306900,306600,306900,306700,306900,306700,307100,307000,306800,306900,306900,306800,308600,308500,306800,308400,306600,306800,308600,308900,308900,308700,307300,308700,306700,308800,308800,306900,308500,307200,306700,306800,308700,308600,308600,306700,306800,306900,307300,306600,308200,323800,321800,308400,308400,306800,308500,406900,321500,308500,306700,306600,306700,306700,306600,308400,308400,308400,308400,306600,306700,308400,306700,306600,308300,306600,306600,306800,306700,306700,306700,306700,308500,308400,308300,308300,306800,306900,308500,308600,308600,308700,306800,308500
#W oneshot crc_64_we 1024 128 500
308500,308100,308300,308200,308100,308300,308500,308400,363000,308300,308500,308400,308500,308400,308400,308100,308500,308400,308400,308300,308400,308400,308500,308400,308400,308400,308400,308400,308400,308400,308400,308300,308100,308500,308500,308400,308600,308500,308600,308400,308400,308400,308400,308400,308100,308300,308300,308600,308600,308600,308500,308500,308600,308500,308300,308700,308600,308100,349900,342300,319300,328300,317800,318600,317600,318100,318200,318000,365700,317400,328100,308700,308600,309100,309400,325400,351600,310100,308400,308900,308900,308600,308600,308500,308700,308200,308600,308800,308800,308900,308500,308700,308500,308500,308700,309000,308700,308500,309100,308900,308300,308700,309300,308700,308900,308600,308700,308600,344700,308400,308700,308500,308600,308600,308400,308700,308500,308900,308800,308500,308500,308500,308500,308100,308400,308400,308400,308500,308500,308400,308500,308400,308400,308900,308400,308500,308600,308600,308400,308500,308600,308600,308500,308500,308400,308500,308100,308400,308700,308700,308400,308600,308400,308400,308500,308600,308400,308700,344600,354700,308500,308500,308600,308600,308800,308600,308500,308400,308400,308400,308400,308500,308500,308500,308500,308400,308600,308200,308500,308600,308400,308600,308600,308500,308100,308500,308700,308700,308500,308400,308600,308700,308500,308600,309200,309400,308700,308500,308500,309000,308200,308400,308500,308700,308500,308500,308600,308400,308400,342300,308500,308800,308300,308200,308700,308500,308500,308400,308400,308500,308400,308600,308500,308600,308400,308700,308500,308500,308400,308600,308500,308500,308400,308600,308600,308400,308500,308500,308600,308400,308700,308500,308100,308400,308700,308400,308400,308400,308400,308400,308500,308500,308400,308400,308400,308800,308400,308500,308400,346600,337900,308500,325000,308100,308200,308200,308200,308400,308700,308500,308900,308600,308500,323300,321800,308900,308400,308400,308500,308700,308700,308800,308600,308600,308600,308800,308600,308100,308500,308700,308600,308400,308500,308700,308500,308200,308500,308500,308600,308500,309000,308600,308400,308600,308500,308500,308400,308500,308600,331000,326300,308100,308400,308700,308400,308400,308600,308500,308200,308700,308500,308400,308400,308400,308100,308400,308300,308100,308600,308700,308600,308600,308500,308400,308700,308400,308500,308500,308800,308600,308400,308600,308400,308700,308400,308600,308500,307900,308600,308800,308400,308400,308100,308500,308600,308500,308500,308400,308400,308300,392400,308500,308100,308400,308500,308500,308400,308400,308500,308400,308100,308400,308300,308500,308400,308700,308500,308400,308000,308500,308400,308300,308500,308600,308700,308600,308300,308600,308500,308400,308800,308900,308400,308400,308700,308600,308500,308500,308400,308800,308400,308400,308300,308200,308500,308600,308700,308500,308400,308100,342000,308400,308100,308400,308500,308400,308100,308700,308400,308400,308500,308400,308300,308500,308500,308500,308500,308500,308500,308400,308200,308300,308400,308500,308600,308600,308600,308400,308500,308700,308600,308600,308500,308400,308700,308500,308400,308500,308400,308600,308700,308600,308400,308400,308500,308400,308100,308400,308400,308000,339600,324800,310400,436700,339400,308900,409000,323300,380600,341300,308700,308600,310800,308400,308600,310300,308400,308400,310100,308500,308500,308500,310300,308500,308600,310500,308400,308600,310200,309000,308800,310800,308600,309100,308800,310700,308700,308900,310900,308400
#W oneshot crc_ccitt_1d0f 1024 128 500
345100,345100,346900,345100,375900,719700,359500,394300,345100,375100,345400,345100,502400,412900,387600,419000,386500,345000,345100,345100,428200,345300,345200,345400,345400,345100,345100,345000,345200,345100,345000,345100,345200,345100,345700,345400,345100,345600,345700,345700,345200,345600,345600,421700,369300,346100,345600,345300,345800,345300,345800,345900,345400,345300,345300,504000,403100,577500,345200,347800,345100,345100,347000,345000,345100,346800,345000,345100,346900,345100,345000,346800,345100,345200,346900,388000,345100,347300,345400,345200,346900,345100,347200,345100,345100,376500,409600,345200,353800,345000,345000,347000,345100,345000,346900,345000,345100,346800,345200,361400,456900,678500,355600,366700,352600,345400,345300,349200,345700,345700,350400,345300,345600,349300,345100,348800,345300,345300,348700,345700,345000,348500,345300,345300,348700,345200,345200,348800,345500,345500,350000,345400,345600,349800,345100,345100,348600,345300,348800,345100,345100,348800,345300,345400,348700,345300,345200,505000,523500,394500,345100,345200,345300,345100,345100,345100,345100,345000,345200,345200,345100,345100,345100,345100,345100,345100,345200,345100,345100,345100,345100,345200,345300,345200,345000,345100,345700,345100,345200,345100,345100,345400,345400,345500,345100,345300,345200,345200,345100,572100,345000,345000,345100,345000,861500,379500,345200,345200,345300,345200,345200,345100,345100,345000,345100,345100,345100,345000,345100,345100,345100,345200,345100,345100,345000,345100,345200,345100,345100,345200,345200,345200,345300,345300,345200,345200,345200,345300,345100,345300,345100,345100,345000,345200,345300,345300,345500,396500,358500,345200,345100,345500,345200,345100,345100,345100,345100,345100,345000,345300,345100,345000,345100,345100,345100,345200,345200,345100,345200,345100,345300,345500,345500,345400,345200,345200,345200,345200,345100,345500,345200,345300,345100,345100,345200,345100,345400,345100,345100,345100,345000,345100,451300,358100,345100,345100,345100,345100,345100,345100,345100,345000,345100,345000,345100,345100,345100,345200,345100,345200,345000,345300,345200,345200,345200,345200,345400,345100,345200,345100,345200,345200,345100,345200,345200,345300,345700,345600,345100,345200,345500,345200,345000,345100,345300,345100,345100,377500,345200,345200,345800,345200,345000,345100,345100,345100,345100,345600,345100,345100,345200,345200,345100,345200,345600,345100,345200,345400,374000,345100,345100,345200,345200,345100,345100,345400,345500,345500,373800,345300,345400,345200,345100,345200,345300,345100,345200,345100,345300,345300,345500,345400,429700,345200,345400,345100,345000,345100,345200,345100,345100,345100,345100,345100,345400,345600,345100,345200,345300,345100,345100,345300,345200,345100,345400,345300,345700,345700,346200,345100,345200,345200,345000,345300,345200,345200,345300,345100,345200,345400,345200,345700,345000,345200,345200,345200,345100,391700,346100,345300,345100,345200,345200,345000,345300,345100,345000,345200,345200,345100,345200,345100,345100,345800,345100,345200,345300,345400,345500,345200,345200,345300,345200,345200,345200,345300,345100,345100,345100,345300,345200,345800,345200,345100,345100,345400,345200,345100,345100,345200,345200,345100,399400,374500,345400,345400,345200,345200,345300,345100,345100,345100,345200,345200,345100,345100,345100,345100,345500,345200,345200,403400,345300,345300,345200,345500,345100,345100,345300,345500,345200,345800,345600,345200,345400,345300,345200,345200,345100,345100
#W oneshot crc_ccitt_ffff 1024 128 500
345200,345000,383400,361500,420300,356100,356500,391700,395300,475200,431700,477700,345200,373400,400900,345300,345200,345400,345200,345100,345100,345300,460700,365200,354400,345000,345000,349400,345300,345100,349500,345400,345100,349100,345000,345400,348600,345300,345100,348900,345400,345300,349400,345200,345200,349300,345300,349500,345400,345300,403900,345200,345200,349700,345300,345300,348900,345100,345100,348200,345100,345200,349200,345100,345300,348600,345000,349000,345100,414900,408400,345100,347100,345000,345000,346900,345100,345100,346800,345100,345000,346800,345100,345100,346900,345100,345100,346800,345100,345100,348000,345200,345100,352900,345000,347100,345200,345200,347000,345300,345300,346800,345100,345200,346900,345100,345300,346900,345200,345200,347100,345000,345300,347200,345000,345100,390100,361300,364300,358100,345100,345100,345100,345300,345100,345000,345200,345200,345000,345200,345100,345100,345200,345100,345200,345200,345200,360500,359300,345200,345200,345200,345100,345200,345300,345200,345100,345200,345100,345300,345500,345100,345200,345200,345000,345200,345100,345200,345200,345100,345200,345100,345100,345300,393900,358300,345400,345100,345100,345100,345200,345300,345100,345100,345000,345100,345500,345300,345000,345000,345000,345100,345000,345100,345100,345200,345100,345100,345100,345000,345500,345100,345000,345400,345100,345100,345100,345300,345100,345000,345200,345200,345200,345700,345200,345000,345100,345300,345100,381500,345200,345200,361700,358700,345200,345100,345100,345600,345100,345100,345200,345300,345100,345000,345200,345200,345100,345700,345100,345400,345300,345200,345200,345100,345300,345200,345100,345100,345700,345100,345100,345100,345100,345300,345300,345100,345200,345300,345200,345000,345100,345000,345400,345100,378400,345200,345000,345200,345000,345100,361300,358900,345100,345100,345300,345100,345100,345200,345200,345200,345100,345200,345100,345200,345300,345300,345200,345100,345400,345200,345000,345400,345100,345400,345300,345100,345200,345200,345100,345100,345100,345100,345100,345100,345100,345100,345000,345600,345200,380800,345100,345400,345100,345000,345200,345100,345100,345100,361100,359100,345200,345200,345200,345100,345100,345000,345100,345100,345300,345200,345100,345100,345400,345200,345200,345100,345100,345200,345200,345100,345100,345200,345200,345300,345200,345300,345200,345300,345300,345000,345100,345200,345100,345000,394500,345100,345100,345300,345100,345000,345000,345100,345300,345300,345100,345100,361400,358600,345300,345200,345100,345300,345200,345300,345100,345200,345100,345100,345100,345000,345300,345100,345100,345100,345000,345100,345100,345400,345400,345000,345200,345700,345000,345100,345000,345100,345200,345100,345000,500200,358000,345100,345000,345000,345100,345100,345100,345300,345300,345100,345100,345100,345100,345100,421200,345100,345100,345100,345300,345300,345100,345200,345100,345100,345100,421200,345000,345100,345300,345300,345300,345300,345300,345400,345100,408600,345100,345200,345200,345300,345400,345400,345300,377000,345100,345100,345000,345100,345100,345100,345100,345000,345300,345200,345300,345100,345000,345200,345100,345100,345200,419900,358500,345000,345000,345100,345100,345100,345100,345100,345200,345000,345100,345100,345000,345100,345100,345100,345200,345200,345300,345100,345100,345200,345400,345100,345000,396400,362200,345000,345000,345000,345100,345100,345100,345100,345100,345600,345000,345100,345100,345100,345100,345100,345200,345100,345100,345100,345200,345100
#W oneshot crc_xmodem 1024 128 500
345100,345000,345000,345100,345100,345100,345000,345100,345100,345100,345100,345000,345000,345100,345100,345000,345200,388500,359500,345200,345100,345000,345100,345100,345000,345000,345100,345100,345100,345100,345100,345100,345100,345000,345000,345100,345100,345200,345100,345100,345500,345000,345100,345100,345400,345300,345300,345000,345200,345300,345200,345000,345000,345200,345100,345100,345200,345100,345000,345500,345100,345000,364000,421900,345100,345100,345100,345000,345100,345000,345000,345100,345000,345100,345000,345100,345200,345100,345100,345100,345000,345100,345100,345100,345100,345100,345400,345100,345100,345300,345200,345100,345100,345100,345200,345100,345100,345100,345000,345800,345300,345000,345100,345100,345000,345900,345100,378400,361400,345100,345100,345100,345200,345400,345200,345000,345200,345100,345000,345100,345200,345100,345000,345200,345100,345000,345200,345100,345100,345100,345500,345100,345300,345100,345100,345100,345200,345100,345100,345100,345500,345000,345000,345200,345100,345000,345100,345100,345100,345100,345100,345000,376600,345300,345200,345100,345100,345100,345100,345100,345000,345100,345100,345000,345200,345200,345200,345000,345000,345100,345400,345200,345000,345100,345200,345000,345100,345100,345100,345100,345100,345000,345000,345200,345300,345100,345100,345100,345100,345000,345100,345000,345100,345200,345100,345100,345000,383800,408500,358600,345100,345100,345200,345100,345000,345400,345100,374800,345200,345200,345400,345300,345100,345100,345200,345200,345200,345200,345400,345100,345800,345400,345200,345800,345300,345100,345100,345100,345100,345000,345200,345200,345200,345500,345200,345100,345100,345200,345200,345100,345000,345100,378400,345100,345100,345100,345000,345300,345100,345100,345100,345100,345000,345100,345000,345100,345000,345100,345100,345100,345200,345000,345100,345100,345200,345100,345000,345000,345000,345100,345100,345100,345000,345100,345300,345200,345100,345200,345100,345100,345000,345100,345200,345000,345100,345100,345000,367800,358000,345000,345200,345100,345100,345000,345100,345000,345100,345100,345000,345000,345500,345100,345100,345100,345200,345200,345100,345100,345100,345100,345000,345100,345200,345200,345500,345100,345100,345100,345100,345100,345200,345100,345100,345000,345100,345100,345200,345100,345000,345100,345200,345100,345500,377300,345200,345200,345100,345100,345100,345200,345100,345300,345100,345200,345100,345200,345200,345100,345100,345100,345200,345100,345300,345200,345100,345100,345100,345300,345400,345100,345100,345200,345300,345100,345000,345100,345000,345300,345100,345000,345100,345200,345100,392300,363400,345300,345000,388400,357900,345100,345100,345300,345200,345200,345200,345000,345100,345100,345100,345100,345100,345100,345200,345000,345400,345200,345000,345900,345700,345100,345100,345000,345300,345200,345200,345100,345200,345300,345300,345200,345000,345100,345000,345000,345100,345100,345200,345000,345100,345100,345000,345300,364200,413300,370900,361000,345100,345600,345700,345500,345200,345100,345100,345000,345200,345200,345100,345000,345200,345100,345000,345100,345100,345200,345000,345300,345200,345200,345600,345600,345100,345400,345600,345300,345200,345400,345100,345100,345100,345100,345500,345200,345700,345000,345100,345200,345100,421800,385700,345000,345100,345100,345000,345200,345100,345400,345500,345100,345000,345100,345000,345100,345100,345100,345000,362500,358200,345200,345700,345400,345100,345200,345500,345300,345100,374600,345200,345100,345100,345100
#W oneshot crc_kermit 1024 128 500
329400,329100,329300,329200,329200,329200,329200,362700,352200,343600,329800,329700,330000,329700,329300,329300,329200,329200,329200,329100,329200,329200,329100,329200,329200,329200,329200,329200,329200,329300,329500,329200,329300,329300,329900,329400,329400,329600,329400,329400,329700,329100,329300,329300,329400,329200,329300,329200,329300,329200,329400,329200,329300,329300,398200,342100,329200,329200,329200,329200,329100,329200,329200,329200,329200,329200,329200,329300,329200,329200,329200,329400,329200,329200,329300,329200,329200,329100,329200,329200,329400,329300,329400,329100,329200,329300,329200,329200,329200,329200,329300,329300,329100,329400,329200,329200,329400,329300,329300,329300,329300,329200,378700,346800,329700,329800,329800,329900,329300,329100,329300,329200,329300,329200,329300,329200,329200,329200,329300,329300,329300,329100,329200,329200,329400,329400,329200,329300,329700,329200,329100,329600,329200,329400,329200,329400,329400,329500,329600,329300,329100,329300,329200,329200,329200,329200,329200,329300,329300,396600,329400,329200,329400,329500,329100,329200,329700,329200,329100,329100,329300,329100,329200,329200,329200,329200,329300,329200,329200,329300,329400,329400,329400,329400,329400,329300,329300,329200,329200,329300,329400,329500,329100,329500,329400,329300,329200,329200,329100,329400,329200,329300,329300,329300,329400,329300,414900,329100,329200,329200,329200,329100,329100,329200,329200,329100,329200,329100,329200,329100,329200,329200,329200,329200,329200,329100,329100,329200,329200,329200,329000,329200,329300,329300,329200,329200,329300,329200,329200,329200,329100,329400,329300,329400,329400,329300,329400,329400,329200,329100,329400,329200,329200,386000,329200,329200,329300,329200,329300,329300,329400,329300,329200,329100,329100,329100,329300,329300,329200,329200,329100,329400,329200,329200,329400,329100,329300,329200,329300,329300,329200,329200,329300,329200,329200,329100,329300,329400,329500,329300,329100,329300,329300,329200,329200,329200,329100,329300,329200,329300,375800,359300,329600,329300,329100,329100,329400,329300,329200,329200,329200,329200,329300,329300,329200,329200,329300,329300,329200,329200,329300,329200,329300,329300,329300,329300,329200,329300,329200,329300,329400,329300,329100,329400,329200,329100,329200,329200,329200,329200,329100,329200,329300,329200,329200,329400,329300,397900,331000,389600,411700,329100,329700,388800,398800,865800,538900,343400,329100,438900,329400,329600,329200,329200,329200,329200,329200,329100,329200,329200,329300,329200,329400,329200,329200,329300,478100,413600,343200,336800,329300,329200,332800,329300,329300,334600,329400,329200,332900,329400,329300,332700,329200,329200,332600,329300,329300,333000,329400,329500,342600,329500,329500,333500,329900,329400,333100,329200,329300,333300,329200,329200,332900,329300,329300,333100,329200,329200,332800,329200,329200,367600,346500,329800,334500,329500,457600,339200,339100,341400,339200,339100,340900,339100,339200,340900,339100,339100,340800,339100,339100,341300,339200,339100,341000,339100,339200,340900,339200,339100,340900,339200,341100,339200,339200,341100,339300,339300,341500,339100,339400,341100,339100,339300,340900,339200,339200,341000,339200,339200,341100,339400,339200,351700,422400,339200,343600,339200,339100,339100,339100,339100,339100,339200,339100,339100,339100,339100,339200,339200,339200,339100,339100,339200,339200,339100,339200,339300,339300,339300,339100,339200,339300,339300,339200,339200,339200,339100,339300,339100
#W oneshot crc_dnp 1024 128 500
339200,339300,339200,339300,339300,339200,339300,369700,329300,329300,329300,329300,329300,329400,329400,329200,329200,329200,329300,329300,329400,329300,329200,329400,329300,329400,329300,329300,329300,329300,329500,329300,329300,329400,329600,329200,329400,329400,329300,329400,329800,329600,329300,331600,329500,329500,329300,329200,329300,329400,329300,329300,329200,329200,457000,329400,329400,329300,329600,329300,329300,329300,329400,329300,329300,329400,329300,329300,329500,329600,357700,329400,329400,329300,329200,329700,329800,329800,329300,329400,357700,329600,329700,329900,329500,329300,329500,329400,329300,329300,329400,329400,329300,329300,329400,329400,329500,329700,329300,329300,329900,443800,329300,329300,329400,329500,329300,329400,329900,329300,329300,329800,329300,329300,329500,329400,329400,329300,329400,329300,329400,329500,329300,329500,329600,329900,329200,329500,329400,329500,329400,329300,329500,329400,329400,329400,329500,329400,329500,329700,329300,329400,329400,329400,329400,329300,329300,329400,380900,329300,329300,329400,329400,329400,329200,329300,329400,329300,329600,329200,329300,329400,329400,329300,329300,329500,329300,329500,329400,329400,329500,329500,329300,329400,329400,329400,329400,329400,329200,329500,329300,329600,329400,329300,329500,329400,329400,329300,329500,329300,329400,329300,329300,329400,329400,396100,329400,329300,329300,329200,329300,329400,329300,329300,329300,329400,329300,329300,329500,329500,329400,329300,329400,329400,329400,329400,329300,329400,329200,329400,329400,329400,329500,329400,329400,329400,329400,329400,329300,329400,329400,329400,329300,329400,329400,329400,329300,329600,329400,329300,329400,329500,379800,329200,329300,329400,329300,329400,329300,329400,329400,329500,329400,329300,329500,329300,329300,329400,329300,330000,329300,329300,329300,329300,329300,329500,329200,329300,329300,329300,329200,329300,329500,329300,329400,329300,329200,329400,329400,329900,329400,329300,329300,329500,329300,329300,329500,329300,329300,390500,346600,329400,329500,329400,329300,329300,329300,329400,329400,329200,329300,329300,329300,329300,329300,329400,329200,329600,329300,387100,329500,329600,329400,329300,329600,330000,329400,329400,329400,329700,329300,329700,329400,329400,329600,329500,329300,329200,329300,329200,329400,329400,329300,329600,329300,329800,423700,329300,329200,329200,329300,329300,329300,329300,329300,329300,329300,329400,329400,329300,329300,329300,329300,329300,329300,329300,329400,329300,329300,329300,329300,329300,329300,329400,329500,329300,329500,329400,329200,329300,329400,329500,329500,329300,329400,329500,329400,329500,329500,329300,329300,360000,329300,369800,362500,416300,329300,329300,329300,329300,329300,329400,329400,329300,329400,329600,329200,329300,329300,329300,329400,329300,329500,329400,329500,329600,329700,329400,329400,329600,329500,329500,329400,329500,329600,329300,329600,329400,329300,329600,329600,329300,329500,329400,329300,329300,329300,329400,329400,329300,415400,329400,329300,329400,329300,329300,329300,329400,329300,329300,329300,329300,329300,329200,329400,329300,329400,329300,329500,329300,329300,329500,329400,329400,329400,329500,329300,329300,329500,329300,329400,329400,329600,329300,329500,329500,329300,329200,329300,329300,329400,329400,329400,329400,329500,329400,329400,417100,329300,329400,329300,329200,329300,329300,329300,329200,329200,329300,329300,329600,329300,329300,329200,329300,329300,329300,329300,329500,329400,329300
#W oneshot crc_sick 1024 256 500
310700,310700,310800,310600,310700,310700,310800,310700,310600,310700,310600,310600,310700,310700,310700,310600,310700,310600,310700,310700,359800,324100,312200,345000,320300,328100,310900,310700,311100,311300,330200,322800,325900,311700,311300,311600,325900,410600,313400,310800,310900,310900,311000,310900,310800,310800,310800,311100,310800,310600,310700,310900,311100,311000,310900,311300,311000,311400,311100,311500,311400,311200,311200,311300,311000,310700,310900,310900,310800,310600,416300,310800,310700,310700,310600,310700,310700,310600,310600,310700,310600,310600,310700,310600,310700,310700,310700,310600,310700,310800,310500,310700,310800,310600,310700,310700,310700,310900,310800,310600,310800,310700,310800,310700,310900,310700,310700,310800,310600,310700,310600,310700,310700,310700,310800,310600,310600,310700,310600,336300,332700,310700,310800,310700,310700,310700,310700,310700,310700,310800,310700,310700,310700,310700,310700,310600,310700,310700,310700,310600,310800,310700,311100,310900,310900,310600,310700,310700,311000,310900,310700,310800,311000,310800,310700,310800,310800,310800,310700,310800,310800,310700,310700,310900,310700,310700,310700,310700,310600,314700,395800,311300,310700,310700,310700,310600,310700,341300,310700,310800,310700,310700,310700,310700,310600,310600,310700,340600,310700,310700,310700,310900,310700,311000,310600,310800,310700,311000,310700,310600,310700,310900,310900,310900,310700,311000,311000,310900,311400,310700,310700,310900,310700,310700,310700,310600,310900,310700,310600,380700,348400,320200,331900,310800,310700,310600,310700,310600,310700,310700,310800,310900,310800,310800,310800,310900,310800,310800,311000,310800,310700,310900,310900,310900,310800,310900,311100,311000,310800,310800,311100,310900,311300,311200,310700,310700,310700,310800,310600,310600,310800,310600,310700,310700,310800,310800,310700,310900,310700,361500,310800,310700,310600,310700,310600,310800,310900,310800,357400,326400,310900,310700,311100,310900,310700,311000,311200,310600,310700,310700,310900,310700,310600,310700,310800,310900,310700,311300,310900,310600,310900,311200,310800,310700,310800,310900,310900,310700,311300,310700,311100,310800,311000,310700,310800,310700,310800,310600,310600,350000,310600,310600,310800,310700,310600,310700,310600,310600,310700,310700,310800,310800,310700,310600,310600,310700,310800,310700,310800,310900,310700,310600,310700,310700,310600,310700,310700,310700,310700,310700,310700,310700,310700,310700,310800,310900,310800,310900,310700,310700,310700,310700,310600,310600,310600,310700,310700,310700,310800,350200,320700,321900,382800,320700,322800,356600,383100,329900,423300,343700,381400,328300,311000,311100,311200,436800,310700,310600,310600,310600,310700,310600,310700,310600,310700,310600,310700,310600,310700,310700,310600,310600,310800,310800,310800,310700,310600,310900,310800,310700,310900,310900,310800,311000,310800,310800,310900,310900,311000,310800,310800,310800,311100,310700,310700,310600,981600,321700,326700,323400,323900,325500,328700,355400,342700,312600,310800,314600,311400,310600,357200,310900,310800,312800,310700,310800,312600,311000,310800,310700,312800,310700,311000,313000,310800,310800,312900,311300,311200,312700,311000,310900,313900,310900,310900,310900,312800,310800,311100,313900,310600,310600,341100,310900,310800,313000,310800,310700,330500,404900,320500,320200,320200,320200,320100,320200,320200,320200,320100,320100,320000,320100,320100,320100,320000,320100,320100,320000,320100,320100
#W oneshot checksum_NMEA 1024 512 500
378200,357700,351100,318700,319000,319400,319100,319400,319000,318400,318800,319200,319100,319100,319000,318700,319100,318900,319200,319300,319200,386400,466600,344900,347100,340700,339500,337300,338700,316400,317500,315600,314100,318900,320600,345800,313900,315000,320000,321700,318300,341200,344200,334200,333300,328000,315600,343100,318100,416400,380800,311200,310900,311200,338600,311000,330400,407500,425500,321400,322000,321900,321400,426300,342200,337100,472000,381100,402900,340900,316400,316600,364100,321700,319000,319100,320600,319100,319900,319000,319100,319300,319000,319200,319800,319000,320500,319900,320200,326800,325500,325600,326700,327700,326400,326100,326700,326600,325200,325300,325900,325500,327100,326300,325000,319000,319000,319100,318900,320000,325700,325200,319000,328400,326200,325900,356100,349100,349100,349200,348700,349500,350300,350000,344100,334800,329200,327500,331000,332200,327200,327000,328900,329000,333800,332500,332500,331300,326100,330600,397400,415200,456100,412700,402500,373100,382200,451600,501400,371300,506600,370300,353300,502500,424600,466700,374700,425600,341900,345400,331800,327900,325200,326300,324600,325000,323200,326600,325100,321000,319800,320500,320200,320000,319700,321200,320800,320000,320300,321100,320300,320200,320200,320600,322300,323500,324000,324700,321400,322000,321500,321400,323300,325500,323800,322600,322300,325900,322500,323600,324000,323100,322200,379100,360400,374900,362700,466200,361300,371100,353700,318000,341500,316900,317600,318000,318500,410300,319600,318900,319700,319300,319100,318800,319400,320100,319400,319500,320000,319500,317600,316900,316900,315000,312000,313200,312200,312300,313800,315200,313300,314000,313000,312900,312400,312500,313000,313300,312900,312500,382200,333900,334200,336400,341200,332100,332600,336000,335100,335200,335400,335700,336500,334900,339200,335900,335500,337700,336400,336500,337500,336700,336700,336500,335700,335900,336500,335500,335300,335900,337500,336600,335300,335800,338600,335900,336900,335200,332800,337400,332700,336000,334900,333700,331700,333500,514400,367900,344300,344100,340300,344500,347900,339200,340000,338500,340000,322200,346600,503200,393600,372200,422000,361500,322100,322800,322300,323400,322000,321700,322000,322100,322100,322100,322300,321600,321600,321700,321800,321600,321800,321800,322200,322300,321500,321600,322300,327500,325900,326400,325000,320300,358000,323000,319400,318000,317100,318700,318400,317800,318500,318700,319000,319000,319000,318000,318200,316600,318600,319000,319100,318600,319100,319500,318900,318800,318900,320400,318900,318900,319000,319100,318300,316800,318300,319000,317900,318800,318900,319200,319100,319300,319000,319200,319200,319000,318500,318800,318100,317600,318000,331500,318800,318800,318000,318900,317100,317600,318400,318800,319000,319000,319000,318800,319000,316600,318700,317200,318500,318200,318800,318700,317000,316700,318400,318900,318800,317300,317700,318800,318900,318900,317300,316700,317100,316700,316600,318600,318900,318900,319000,318800,319100,318600,318800,318900,319000,319000,319000,362300,321200,319800,567300,381600,410600,366000,368900,543300,498800,350900,340100,357400,331100,333500,331500,332900,332900,333300,331200,331700,334200,331700,331700,332500,332500,331600,332200,332200,630600,362800,320700,301600,302100,304400,302000,301600,301900,304200,302200,302300,304600,301900,302400,303900,302400,302500,302400,304600,302100,302500,304300,302500,302200,305000,302300,302300,304000,301900,305200,304300
#W oneshot crc_8 1048576 1 200
2157300,2155100,2155100,2155000,2155500,2155700,2159800,2151400,2151800,2151500,2152600,2152300,2152500,2151200,2162800,2151100,2151000,2150500,2152100,2151900,2150400,2157400,2151100,2151000,2151100,2152000,2151400,2151600,2161500,2087400,2087800,2087900,2088600,2088100,2088700,2088400,2122300,2087100,2087800,2088100,2088300,2088200,2088200,2146800,2087100,2087600,2088200,2088000,2088400,2088400,2088800,2133000,2087200,2117200,2088200,2118600,2088000,2118800,2168600,2086900,2087000,2146600,2089300,2088200,2089300,2136800,2086900,2087500,2087900,2088300,2088400,2088100,2088100,2206900,2087400,2086900,2087700,2088300,2088300,2088500,2148900,2087100,2087700,2087700,2088600,2088100,2088500,2088300,2198500,2087000,2087700,2088100,2088500,2088300,2088000,2129200,2087700,2087800,2087400,2088500,2088800,2087800,2089000,2146200,2115000,2087800,2087800,2088100,2088500,2088700,2170900,2087900,2087700,2087900,2088100,2088700,2088400,2088100,2136300,2087700,2087300,2088400,2088600,2088200,2088200,2133000,2086900,2087400,2087800,2133000,2104200,2089900,2157700,2087100,2087300,2088600,2088400,2087800,2089200,2088000,2261700,2088300,2087800,2087900,2088700,2089400,2088200,2155900,2087600,2087000,2102400,2102300,2117000,2088500,2088800,2303400,2087200,2087400,2088000,2088700,2089500,2088900,2243000,2087000,2087400,2088000,2088400,2102100,2087200,2087800,2087900,2087900,2088300,2088000,2283500,2105200,2087600,2088300,2088900,2089600,2088200,2089300,2148600,2087000,2087700,2087800,2088400,2088400,2088300,2172300,2087800,2087700,2087700,2088000,2088500,2087900,2088200,2149100,2087600,2116400
#W oneshot crc_16 1048576 1 200
2654100,2654100,2655200,2655600,2655100,3309400,3181500,2654400,2654700,2656400,2655400,2836600,2662100,2659000,2660700,2665300,2661100,3044900,2742500,2741900,2741900,2739200,2741000,2827800,2734600,2734700,2736500,2736500,2735700,2819800,2654300,2732800,2718400,2654200,2655300,2754100,2654400,2654700,2655000,2656100,2655400,2703100,2654700,2655000,2655500,2655500,2655400,2695200,2654500,2655300,2656200,2655800,2693600,2654300,2654700,2655300,2655100,2656400,2688500,2654400,2654800,2655100,2656000,2655400,2691900,2654300,2654500,2711900,2655500,2685100,2784900,2655100,2655600,2655800,2655900,2656000,2736500,2654200,2654300,2655600,2656000,2654800,2689200,2654500,2654700,2655100,2655500,2655300,2770700,2749700,2747300,2656900,2656800,2708700,2654800,2656400,2687700,2656400,2656200,2690200,2654500,2655100,2656200,2655100,2656000,2794500,2685500,2683100,2656100,2657900,2655300,2750900,2654500,2654400,2655900,2655400,2655600,2765000,2654200,2654100,2655300,2655800,2728000,2695600,2654500,2655400,2655400,2655700,2759200,2941300,2663200,2659100,2661200,2662000,2759400,2952200,2870400,2683600,2654400,2655000,2656000,3587300,2660100,2720800,2661800,2688000,2689600,2937800,2662200,2673800,2658800,2661400,2675400,2759600,2685900,2654800,2654900,2655700,2716500,2769500,2702200,2656500,2656400,2657600,2655800,2699000,2734800,2735000,2736500,2736100,2736600,2741000,2668900,2654700,2656400,2656700,2654900,2688300,2654900,2683700,2683300,2655400,2655300,2696500,2684200,2654800,2655900,2655300,2655700,2744400,2684200,2654700,2655400,2655600,2721700,2654400,2675600,2682000,2656000,2655800
#W oneshot crc_32 1048576 1 200
2628900,2618900,2614900,2593300,2532800,2626100,2540900,2541700,2523000,2537100,2543900,2584300,2587600,2529400,2533500,2489600,2490700,2491100,2617700,2500500,2489000,2491400,2488800,2492100,2549100,2522500,2507800,2493900,2494200,2498500,2525100,2507700,2501000,2491200,2489700,2491000,2491500,2560500,2491900,2501000,2502700,2490300,2494200,2527300,2494800,2495300,2491200,2490600,2490200,2540600,2527500,2504700,2492300,2521400,2520900,2530600,2533000,2501100,2556800,2493000,2495400,2491000,2538300,2530600,2500300,2493400,2488800,2490900,2592400,2489400,2513800,2569900,2492100,2490000,2553000,2522600,2491100,2490000,2498400,2493500,2611700,2598200,2501200,2498000,2489100,2495100,2583200,2568500,2518000,2492100,2490400,2490500,2553100,2565000,2549700,2515400,2490800,2490300,2489400,2590800,2519800,2491300,2489600,2492500,2492600,2640800,2530100,2492000,2491500,2493700,2490800,2570400,2522400,2524800,2493000,2490600,2492900,2571600,2510600,2504900,2494900,2488800,2496400,2495700,2710800,2527700,2499600,2491600,2493700,2491500,2596600,2495100,2496900,2521800,2522400,2490600,2601800,2514100,2525100,2489100,2491700,2492400,2559900,2496100,2515000,2495700,2501400,2490200,2613400,2518100,2491300,2498100,2491300,2493700,2488300,2567900,2494300,2522700,2494800,2500500,2493200,2578100,2517500,2511500,2488700,2487500,2496100,2570400,2528200,2518000,2488900,2501000,2500600,2615600,2532400,2522800,2489500,2489400,2489300,2568400,2826400,2773800,2524900,2698500,2667600,2552900,2536900,2563400,2543700,2585700,2727900,2633300,2577200,2628500,2602900,2593700,2671800,2542500,2516000,2494700
#W oneshot crc_64_we 1048576 1 200
2474000,2489800,2483500,2488200,2475200,2561400,2473900,2503300,2504900,2475200,2475600,2527300,2503300,2474100,2475000,2475400,2474700,2520100,2473700,2504000,2474200,2475000,2475100,2475400,2615200,2504300,2474200,2474900,2476200,2475100,2523300,2473900,2474100,2475500,2475600,2474900,2536300,2473700,2473900,2531300,2475600,2474600,2476400,2524200,2473600,2474000,2474800,2475000,2475200,2768400,2490700,2477300,2490800,2564300,2477500,2581400,2475500,2476800,2474900,2475900,2474700,2531900,2503500,2475100,2474800,2476900,2476200,2504200,2487400,2473700,2474400,2475400,2474700,2474800,2646700,2524900,2592800,2476600,2476400,2476700,2535200,2474000,2474000,2475100,2474200,2474400,2528700,2501600,2502600,2475100,2474900,2475100,2527000,2494000,2473900,2474100,2474800,2475400,2474400,2537100,2473900,2474200,2475400,2475300,2474600,2594800,2473700,2473700,2474300,2474900,2474700,2557900,2875400,2660200,2474200,2474300,2488900,2491200,2477500,2883800,2479500,2480500,2478500,2480600,2479000,2646100,2479100,2480800,2507800,2480800,2525000,2923400,2646100,2554300,2556000,2566300,2566900,2556500,2865900,2706100,2494400,2475000,2476300,2475100,2604200,2504000,2474500,2475800,2475500,2475700,2582400,2662100,2550800,2644500,2563600,2552500,2662900,2587100,2553000,2553100,2557400,2554700,2583800,2576300,2582800,2659600,2700400,2805300,2729800,2737900,2574900,2478600,2544500,2620700,2588500,2554800,2658800,2560700,2555600,2565700,2654700,2566100,2556400,2561200,2556000,2598500,3312300,6157900,3428600,2567200,2556100,2553700,2556400,2553300,2634700,2559100,2553600,2561300,2553500,2555200
#W oneshot crc_ccitt_ffff 1048576 1 200
2867400,2867200,2892200,2867400,2867100,2868100,2868900,2868500,2896100,2867500,2867900,2869800,2868100,2912200,2832300,2785600,2784900,2785600,2784300,2949400,2892800,2783200,2783300,2784000,2867000,2873000,2839500,2785000,2855700,2786000,2925700,2955000,2867600,2921400,2905800,2961700,2836600,2842300,2784400,2786200,2867400,2783400,2783400,2783900,2784100,2783700,2913300,2783800,2783600,2784400,2784900,2784800,2946100,2783500,2783500,2783900,2784200,2929700,2783600,2783600,2784100,2784600,2784200,2838200,2783200,2783300,2784400,2784200,2869600,2783100,2811700,2784200,2784800,2784500,2857600,2783400,2783600,2784100,2784300,2842200,2782900,2783300,2783600,2784600,2784200,2836000,2783200,2783200,2784000,2783800,2830000,2782900,2783200,2783500,2784400,2783700,2851500,2782800,2783300,2784300,2784200,2880900,2849300,2783300,2811500,2812800,2786100,2842000,2783200,2783200,2784100,2784000,2784000,2918100,2783400,2782900,2783800,2784400,2821800,2782800,2783000,2784100,2783900,2784200,2838800,2783300,2783300,2784700,2784200,2883000,2783100,2783100,2783800,2784000,2784200,2833900,2783100,2783600,2784400,2784200,2783600,2855900,2783700,2783900,2784800,2784600,2913100,3156100,2940000,2782800,3174200,2792100,2840000,2804300,2794800,2791000,2939900,2790700,2790300,2787600,2790100,2789600,2884100,2783500,2783100,2784100,2784700,2783900,2868200,2782800,2783300,2784800,2784500,2783900,2848100,2812400,2812800,2783800,2784600,2870200,2813300,2784200,2907700,2888600,2783900,2819700,2783500,2784400,2784600,2784000,2887400,2835800,2784900,2785100,2786700,2785100,2939600,2784500,2783700,2785400
#W oneshot crc_sick 1048576 1 200
1371700,1249300,1249100,1249300,1305100,1250100,1250300,1249900,1250700,1250700,1249700,1250100,1453200,1282400,1285700,1249800,1249700,1250000,1249800,1250100,1251000,1251200,1249800,1281200,1378900,1330100,1249200,1249200,1249300,1249400,1249600,1249600,1249800,1249900,1249700,1250100,1301400,1316600,1242000,1244500,1242400,1242100,1241700,1242300,1249000,1249900,1251000,1249900,1249700,1333700,1242000,1249300,1249500,1249200,1249500,1250000,1249800,1249700,1250100,1249600,1249900,1417300,1265900,1249400,1249600,1249200,1249600,1249700,1249900,1251100,1250000,1249900,1250000,1249800,1365100,1245600,1344400,1242400,1362800,1250100,1250200,1250500,1250100,1250700,1251000,1251500,1319700,1249300,1249300,1249500,1249400,1249600,1250000,1249900,1249600,1249500,1249700,1250000,1329500,1241800,1279000,1249400,1278300,1249300,1249800,1249600,1250200,1250900,1250200,1249700,1249700,1291100,1249300,1249200,1249300,1249500,1249600,1249800,1249700,1249800,1249700,1249700,1250100,1293000,1249300,1249300,1249300,1249400,1249700,1249800,1249900,1249100,1248800,1250100,1250200,1249200,1288100,1249200,1249100,1249300,1249300,1249200,1249400,1249700,1249900,1250000,1249800,1249800,1303100,1418100,1414000,1287300,1297600,1289500,1289300,1289500,1291500,1289500,1289600,1292000,1340800,1253900,1285400,1494300,1271700,1366700,1250000,1249800,1250500,1250500,1250200,1250600,1250800,1249900,1249800,1499200,1267800,1251900,1251600,1251600,1317300,1251700,1251700,1269500,1291900,1252200,1251700,1289200,1693800,1326600,1279400,1279800,1309200,1279300,1279600,1309500,1279400,1279200,1295900,1304900
#W oneshot crc_8 16777216 1 60
34806400,34162100,34390800,33648000,33784200,33630300,33657600,33599200,33512100,33573400,33574300,33572200,33667800,34435600,34177300,33606400,33611200,33822200,33886900,33505900,33561300,33751400,33503600,34109600,34285600,34114300,33858400,33613800,33603000,34515700,34217500,33647300,33666500,33697400,33911500,33758600,33624300,33493900,33510100,33500900,33490700,33494900,33605000,35080800,33720900,33718100,34164000,35270700,33714400,33555700,33846700,34000900,33541800,34934200,34101400,33861100,33646000,33552100,33654500,34821500
#W oneshot crc_16 16777216 1 60
43142800,42615600,42638200,42674600,42649800,44060100,43502000,42838300,42674800,42909900,42765100,42740300,42819600,87416200,76361500,43935300,44415300,42945300,42819400,42786700,42690700,43151400,42699400,44215400,42616900,42689800,42722100,43741000,42986200,42733300,42788900,42707300,42554500,43063700,42627900,43639300,43424900,43670800,42893100,43570700,43567200,43514700,42951500,42807800,42716500,42893600,42605100,42973300,42701500,42749900,43800400,43915300,43852600,42648500,42870700,42657100,42738000,42967700,44554000,42981000
#W oneshot crc_32 16777216 1 60
40331900,39994500,40349400,40628200,40620300,40576000,40019900,40106800,39940400,40061500,41037600,41104100,40253500,40133900,40223700,40362300,40044500,40474700,40269900,41741200,40462800,40607400,40258800,41289900,41196600,40284800,40368000,40536300,40654900,40503700,40228600,39998900,40110000,39922100,40062400,41707800,40176200,40117100,40018100,40106100,40322700,40210400,40697600,41058600,41473200,42043700,42904200,42806500,42256100,41242800,40459000,40917500,40600900,40236200,40571100,40236800,39987400,40066600,39961400,40949900
#W oneshot crc_64_we 16777216 1 60
39907700,40088100,40218800,40091000,42340900,40430300,39826900,40027500,39991600,40514200,39915900,39694800,40042500,40017000,39942900,40101500,39736600,39864200,39688200,40400700,40466800,40224300,40020600,39993700,40092600,39997700,39846600,39928000,40051700,41191900,40235700,40570900,41848000,43186400,42356800,41024400,40439000,39913900,40153200,39937300,40097300,39885800,39885000,39809700,39906600,40817600,40169200,40035800,39923300,39901300,39721500,40067900,40130600,41011800,40700600,40146200,39846500,40123300,41162400,41019800
#W oneshot crc_ccitt_ffff 16777216 1 60
44749300,45044000,44744400,44645000,44895600,45977500,44779800,44709800,44776700,44732200,44679100,44760400,45570600,45488900,45013700,45275500,45113600,45597100,44716000,44805300,44856300,45290700,44719600,45263800,44799400,44922200,44786700,45788100,44759500,44725100,44997900,44738100,44683700,44749300,45816400,46421700,45776800,44798900,44787400,46019200,44883000,45094200,45123500,45027200,44773400,44811200,44905500,44813600,44854600,45695500,45395300,44943300,44903200,44890300,44884500,44750800,44867700,50259100,46766200,46150900
#W oneshot crc_sick 16777216 1 60
20783500,20242400,20622900,20576400,20608400,20298000,20518700,20002100,20651600,20106300,20184500,20004800,20286600,20899000,20027200,20302900,20114900,20005000,20018600,20166000,20006900,20997300,20300900,20121900,21811500,20977100,20731000,20681900,21063100,21294100,21040700,20736300,23805100,20815800,20809800,20208500,20325300,21097300,21259300,20248900,20737000,20120600,20116700,20172300,20145700,20132100,20081900,21868600,20303200,20317800,20011800,20323000,20266600,20208700,20189400,20029800,20036800,20424200,20163300,20312800
#W oneshot crc_8 104857600 1 25
210703000,211250300,209845600,212459300,211126000,209764200,211062700,213002000,218773800,209672100,210746600,211807200,215781200,212437100,210347800,211455800,210086200,212721000,217327100,210552900,211260300,210067500,213074000,211318600,210493800
#W oneshot crc_16 104857600 1 25
267656400,271125400,266885200,268639000,269333700,269434100,266963800,268439000,269088800,268293500,267890100,267895600,270171400,268684000,269007300,267220400,271350500,267924300,269636100,268256300,276407700,266466000,268108800,268926000,268793000
#W oneshot crc_32 104857600 1 25
254352900,250569900,254708900,251958300,255614500,250668300,255596100,252837000,253131600,252877000,255421300,251131600,252364200,251423300,255421800,251194000,253840500,251763600,254872800,251278100,252901100,251121100,255636500,255308600,254447500
#W oneshot crc_64_we 104857600 1 25
249515400,258311600,249627000,250212000,250146200,253765000,249227000,251191200,249922300,258599700,249790400,251243200,249903300,252803000,248883300,250174000,250227400,251058000,251742800,250646900,250449200,250831800,248992700,251297700,250852100
#W oneshot crc_ccitt_ffff 104857600 1 25
282457300,282970500,282673400,282546400,283823900,288973700,283436900,281220200,282134200,283775200,290635000,281048000,282205900,281877200,283331200,282306800,280529600,287980400,282234400,282497400,281531100,281215400,281502200,282032400,283311300
#W oneshot crc_sick 104857600 1 25
126966300,130752000,128298800,128985900,125824000,125777300,126276100,126660500,126071900,127349100,125865600,199912600,126762800,128809200,127180400,125649500,126698200,126443700,126962900,126339500,125677200,125635000,126677100,125933800,127130300
#W manysmall crc_8 100000 1 100
7594400,7542100,7575600,7539800,7920500,7548800,7654100,7539400,7652900,7546600,7633700,7572000,7573100,7567000,7577900,7601800,7620900,7540100,8369400,7866900,7559700,7757800,7769000,7862100,7563100,7540900,7627000,7537100,7775800,7543900,7690500,7557500,7792100,7545000,7622500,7548900,7654200,7585000,7590500,7621600,7702700,7541500,7615500,7548000,7820000,7767300,7874000,7576200,7589000,7534300,7629800,7574700,7597600,7534500,7578600,7540200,7591000,7537900,7584100,7541100,7586400,7533700,7612800,7538900,7580000,7684900,7547900,7632300,7552700,7574400,7552800,7579800,7545300,7587100,7543400,7588800,7535100,7674700,7551200,8307200,7857500,7568400,7721000,7772600,7801000,7677300,7534100,7657000,7534900,7624900,7573200,7719100,7535500,7677600,7536500,7664000,7537300,7579900,7605600,7604700
#W manysmall crc_16 100000 1 100
14128100,14099500,14110700,14109300,14138900,14125300,14101900,14129500,14050200,15225500,14387100,14524100,14550700,14092800,14181000,14167000,14079800,14200300,14181600,14173100,14212900,14097900,14631500,14283300,14476300,14478600,14116900,14203400,14506500,14467000,14131700,14173700,14129000,14736800,14121900,14231000,14181100,14097400,14120200,14131500,14188700,14147300,14059400,14097600,14158400,14404600,14243400,14156200,14119200,14177700,14127900,14115100,14103800,14047900,14123500,15098200,14092800,14264100,14157700,14127400,14113700,14158000,14145700,14144100,14186800,14091100,14222400,14092600,14139800,14171000,14095200,14100500,14106000,14095000,14087100,14171800,14134400,14087300,14091900,14906200,14899300,14296300,14269200,14059000,14156400,14211700,14121300,14160900,14152400,14359600,15003700,14836700,16625500,14994600,14964600,14831100,15237700,14600200,14509500,14552400
#W manysmall crc_32 100000 1 100
13189200,13244900,13233000,13167800,13093600,13571900,13222800,13347000,13185500,13160900,13188900,13501000,13176700,13687900,13515000,13251400,13291600,13175600,13219700,13203100,13104700,13196700,13181200,13809800,13595200,13898100,13323900,13256600,13156300,13204900,13135200,13120900,13130500,13191500,13153700,13139900,13268500,13149400,13092300,13133900,13155700,13190300,13152700,13646200,13149900,13202500,13149300,13397200,13714000,13480300,13388600,14350400,13808000,13534100,13466100,13548900,13556500,13320000,13272400,13212000,13129000,13153000,13338300,13885500,13238900,13301300,13140500,13146000,13139200,13132000,13283300,13432500,13144900,13271700,13427300,13220500,13208800,13257100,13173400,13153200,13575200,13260700,13155900,13143300,13173800,13095500,13251200,13151300,13385600,13362700,13189000,13170500,13108200,13176300,13200900,13177600,13167700,13280400,13835200,13338900
#W manysmall crc_ccitt_ffff 100000 1 100
17422200,17141300,17128600,17164300,17133000,17168400,17184800,17238800,17145500,17126700,17279800,17169500,17133800,17131800,17538300,17738200,17546400,17659400,17813100,17616700,17622200,17258500,17515500,17192700,17194400,18853100,18500600,18368200,18239500,18225900,18809600,23124500,17174800,17315700,17167500,17296600,17193500,17165400,17309500,17167900,17134500,17151400,17129300,17629000,17226100,17251100,17528100,17192900,17173200,17210500,17189900,17799700,17369100,17236300,17152800,17129700,17165900,17262800,17183400,17172700,17211800,17157600,17189000,17260600,17154300,17155600,17149800,17179800,17570800,17215400,17147900,17672000,17351800,17691400,18009100,17675000,17307400,17524100,17149600,17167600,17232800,17151700,18004700,17442700,17540700,17196500,17167500,17143600,17169100,17453700,17247900,17399100,17268800,17399200,17552300,17320900,17241800,17125600,17135400,17140600
